# Resource object code (Python 3)
# Created by: object code
# Created by: The Resource Compiler for Qt version 6.9.2
# WARNING! All changes made in this file will be lost!

from PyQt6 import QtCore

qt_resource_data = b"\
\x00\x01U\xf4\
\x00\
\x01\x00\x00\x00\x0e\x00\x80\x00\x03\x00`GSUB6\
\xbd5\xcb\x00\x00\x02 \x00\x00\x02\xa8OS/2\x97\
\xb7\xc1t\x00\x00\x01\xc0\x00\x00\x00`STAT\xe7\
\x84\xcb\x11\x00\x00\x01x\x00\x00\x00Hcmap\xab\
\x9c\xd1\xb9\x00\x00\x0a\xf0\x00\x00\x07`gasp\x00\
\x00\x00\x10\x00\x00\x00\xf4\x00\x00\x00\x08glyf\xc6\
Q\xda\x86\x00\x00C\xac\x00\x01\x12Hhead\x0a\
m~\x8d\x00\x00\x01@\x00\x00\x006hhea\x0a\
\xb1\x01*\x00\x00\x01\x1c\x00\x00\x00$hmtx\x07\
\x17\x13\xd1\x00\x00\x12P\x00\x00\x07\xd0loca=\
N\x80\xea\x00\x00\x1a \x00\x00\x07\xd0maxp\x04\
\x06\x01:\x00\x00\x00\xfc\x00\x00\x00 name\xba\
\xa0\xf0'\x00\x00\x04\xc8\x00\x00\x06&post\x97\
\xb9\xaf\x05\x00\x00!\xf0\x00\x00!\xbcpreph\
\x06\x8c\x85\x00\x00\x00\xec\x00\x00\x00\x07\xb8\x01\xff\x85\xb0\
\x04\x8d\x00\x00\x01\x00\x01\xff\xff\x00\x0f\x00\x01\x00\x00\x03\
\xe7\x00\xb1\x00\x16\x00\x87\x00\x05\x00\x01\x00\x00\x00\x00\x00\
\x00\x00\x00\x00\x00\x00\x00\x00\x03\x00\x01\x00\x01\x00\x00\x08\
b\xfd\xd5\x00\x00\x04\xcd\xfc\x05\xfe\x86\x06G\x00\x01\x00\
\x00\x00\x00\x00\x00\x00\x00\x00\x00\x00\x00\x00\x00\x00\x01\x00\
\x01\x00\x00\x00\x03\x00B\xb3o\xdc&_\x0f<\xf5\x00\
\x0b\x08\x00\x00\x00\x00\x00\xc4\xf0\x11.\x00\x00\x00\x00\xe4\
\x10!\xe8\xfc\x05\xfd\xd5\x06G\x08b\x00\x00\x00\x09\x00\
\x02\x00\x00\x00\x00\x00\x00\x00\x01\x00\x01\x00\x08\x00\x02\x00\
\x00\x00\x14\x00\x02\x00\x00\x00$\x00\x02wght\x01\
\x00\x00\x00ital\x01\x0f\x00\x01\x00\x14\x00\x04\x00\
\x03\x00\x01\x00\x02\x01\x10\x00\x00\x00\x00\x00\x01\x00\x00\x00\
\x03\x00\x00\x00\x02\x00\x02\x01\x90\x00\x00\x02\xbc\x00\x00\x00\
\x04\x04\xcd\x01\x90\x00\x05\x00\x00\x05\x9a\x053\x00\x00\x01\
\x1f\x05\x9a\x053\x00\x00\x03\xd1\x00f\x02\x00\x00\x00\x00\
\x00\x00\x09\x00\x00\x00\x00\x00\x00\xe0\x00\x02\xff\x10\x00 \
[\x00\x00\x00 \x00\x00\x00\x00GOOG\x00@\x00\
\x0d\xff\xfd\x08b\xfd\xd5\x00\x00\x08b\x02+ \x00\x01\
\x9fO\x01\x00\x00\x04:\x05\xb0\x00\x00\x00 \x00\x01\x00\
\x01\x00\x00\x00\x0a\x000\x00>\x00\x04DFLT\x00\
\x1acyrl\x00\x1agrek\x00\x1alat\
n\x00\x1a\x00\x04\x00\x00\x00\x00\xff\xff\x00\x01\x00\x00\x00\
\x01smcp\x00\x08\x00\x00\x00\x01\x00\x00\x00\x01\x00\
\x04\x00\x01\x00\x00\x00\x01\x00\x08\x00\x02\x01\xbe\x00\xdc\x02\
O\x02P\x02Q\x02R\x02S\x02T\x02U\x02V\x02\
W\x02X\x02Y\x02Z\x02[\x02\x5c\x02]\x02p\x02\
^\x02_\x02`\x02a\x02b\x02c\x02d\x02e\x02\
f\x02g\x02O\x02P\x02Q\x02R\x02S\x02T\x02\
U\x02V\x02W\x02X\x02Y\x02Z\x02[\x02\x5c\x02\
]\x02p\x02^\x02_\x02`\x02a\x02b\x02c\x02\
d\x02e\x02f\x02g\x02\x82\x02r\x02\x85\x02\xa0\x02\
\x86\x02\x88\x02\x84\x02\x9f\x02\xa1\x02\x89\x02\x8a\x02\x87\x02\
\xa2\x02\xa4\x02\x8b\x02\xa3\x02\xa5\x02\x81\x02\x8d\x02\xa7\x02\
\xaa\x02\x8e\x02\x8f\x02\xa8\x02\x8c\x02\xa6\x02\xa9\x02\x82\x02\
\xac\x02\xab\x02\xad\x02\xae\x02\x91\x02\xb1\x02\x92\x02\x93\x02\
\xb3\x02\x90\x02\xb0\x02\xb2\x02\xaf\x02\xb4\x02\xb5\x02\xb6\x02\
\xb8\x02\xb7\x02\xb9\x02\xba\x02\xbc\x02\xbb\x02\x94\x02\x96\x02\
\xbe\x02\x97\x02\x99\x02\x95\x02\xbf\x02\xbd\x02\x98\x02\xc0\x02\
\xc2\x02\xc1\x02\xc3\x02\xc6\x02\xc5\x02\xc4\x02\x83\x02\xc7\x02\
\x9b\x02\xca\x02\x9c\x02\x9d\x02\x9a\x02\xcc\x02\xc9\x02\xcd\x02\
\xcb\x02\xc8\x02\xce\x02\x9e\x02\xcf\x02\xd0\x02\xd1\x02\xd3\x02\
\xd2\x02\x85\x02\xa0\x02\x86\x02\x88\x02\x84\x02\x9f\x02\xa1\x02\
\x89\x02\x8a\x02\x87\x02\xa2\x02\xa4\x02\x8b\x02\xa3\x02\xa5\x02\
\x81\x02\x8d\x02\xa7\x02\xaa\x02\x8e\x02\x8f\x02\xa8\x02\x8c\x02\
\xa6\x02\xa9\x02\xac\x02\xab\x02\xad\x02\xae\x02\x91\x02\xb1\x02\
\x92\x02\x93\x02\x90\x02\xb0\x02\xb2\x02\xaf\x02\xb4\x02\xb5\x02\
\xb6\x02\xb8\x02\xb7\x02\xb9\x02\xba\x02\xbc\x02\xbb\x02\x94\x02\
\x96\x02\xbe\x02\x97\x02\x99\x02\x95\x02\xbf\x02\xbd\x02\x98\x02\
\xc0\x02\xc2\x02\xc1\x02\xc3\x02\xc6\x02\xc5\x02\xc4\x02\x83\x02\
\xc7\x02\x9b\x02\xca\x02\x9c\x02\x9d\x02\x9a\x02\xcc\x02\xc9\x02\
\xcd\x02\xcb\x02\xc8\x02\xce\x02\x9e\x02\xcf\x02\xd0\x02\xd1\x02\
\xd3\x02\xd2\x02\x7f\x02\x7f\x00\x02\x00\x1a\x00\x02\x005\x00\
\x00\x00L\x00L\x004\x00P\x00P\x005\x00\x9e\x00\
\xa7\x006\x00\xa9\x00\xb6\x00@\x00\xb8\x00\xbc\x00N\x00\
\xbe\x00\xcd\x00S\x00\xcf\x00\xd7\x00c\x00\xd9\x00\xda\x00\
l\x00\xdd\x00\xeb\x00n\x00\xed\x00\xf1\x00}\x00\xf3\x00\
\xf3\x00\x82\x00\xf6\x00\xf8\x00\x83\x00\xfa\x01\x06\x00\x86\x01\
\x08\x01\x15\x00\x93\x01\x17\x01\x1a\x00\xa1\x01\x1c\x01*\x00\
\xa5\x01,\x014\x00\xb4\x016\x017\x00\xbd\x01:\x01\
H\x00\xbf\x01J\x01N\x00\xce\x01P\x01P\x00\xd3\x01\
S\x01U\x00\xd4\x01W\x01Y\x00\xd7\x02~\x02~\x00\
\xda\x02\x80\x02\x80\x00\xdb\x00\x00\x00\x1f\x01z\x00\x03\x00\
\x01\x04\x09\x00\x00\x00\xb4\x03\xf8\x00\x03\x00\x01\x04\x09\x00\
\x01\x00\x16\x03\xe2\x00\x03\x00\x01\x04\x09\x00\x02\x00\x0e\x03\
\xd4\x00\x03\x00\x01\x04\x09\x00\x03\x00:\x03\x9a\x00\x03\x00\
\x01\x04\x09\x00\x04\x00&\x03t\x00\x03\x00\x01\x04\x09\x00\
\x05\x00\x1a\x03Z\x00\x03\x00\x01\x04\x09\x00\x06\x00$\x03\
6\x00\x03\x00\x01\x04\x09\x00\x07\x00J\x02\xec\x00\x03\x00\
\x01\x04\x09\x00\x09\x00\x0c\x02\xe0\x00\x03\x00\x01\x04\x09\x00\
\x0b\x00\x14\x02\xcc\x00\x03\x00\x01\x04\x09\x00\x0c\x00&\x02\
\xa6\x00\x03\x00\x01\x04\x09\x00\x0d\x01\x22\x01\x84\x00\x03\x00\
\x01\x04\x09\x00\x0e\x006\x01N\x00\x03\x00\x01\x04\x09\x00\
\x19\x00\x14\x01:\x00\x03\x00\x01\x04\x09\x01\x00\x00\x0c\x01\
.\x00\x03\x00\x01\x04\x09\x01\x01\x00\x08\x01&\x00\x03\x00\
\x01\x04\x09\x01\x02\x00\x1e\x01\x08\x00\x03\x00\x01\x04\x09\x01\
\x03\x00\x14\x00\xf4\x00\x03\x00\x01\x04\x09\x01\x04\x00*\x00\
\xca\x00\x03\x00\x01\x04\x09\x01\x05\x00\x0a\x00\xc0\x00\x03\x00\
\x01\x04\x09\x01\x06\x00 \x00\xa0\x00\x03\x00\x01\x04\x09\x01\
\x07\x00\x0e\x03\xd4\x00\x03\x00\x01\x04\x09\x01\x08\x00$\x03\
6\x00\x03\x00\x01\x04\x09\x01\x09\x00\x0c\x00\x94\x00\x03\x00\
\x01\x04\x09\x01\x0a\x00\x22\x00r\x00\x03\x00\x01\x04\x09\x01\
\x0b\x00\x10\x00b\x00\x03\x00\x01\x04\x09\x01\x0c\x00&\x00\
<\x00\x03\x00\x01\x04\x09\x01\x0d\x00\x08\x004\x00\x03\x00\
\x01\x04\x09\x01\x0e\x00\x1e\x00\x16\x00\x03\x00\x01\x04\x09\x01\
\x0f\x00\x0c\x00\x0a\x00\x03\x00\x01\x04\x09\x01\x10\x00\x0a\x00\
\x00\x00R\x00o\x00m\x00a\x00n\x00I\x00t\x00\
a\x00l\x00i\x00c\x00R\x00o\x00b\x00o\x00\
t\x00o\x00M\x00o\x00n\x00o\x00-\x00B\x00\
o\x00l\x00d\x00B\x00o\x00l\x00d\x00R\x00\
o\x00b\x00o\x00t\x00o\x00M\x00o\x00n\x00\
o\x00-\x00S\x00e\x00m\x00i\x00B\x00o\x00\
l\x00d\x00S\x00e\x00m\x00i\x00B\x00o\x00\
l\x00d\x00R\x00o\x00b\x00o\x00t\x00o\x00\
M\x00o\x00n\x00o\x00-\x00M\x00e\x00d\x00\
i\x00u\x00m\x00M\x00e\x00d\x00i\x00u\x00\
m\x00R\x00o\x00b\x00o\x00t\x00o\x00M\x00\
o\x00n\x00o\x00-\x00L\x00i\x00g\x00h\x00\
t\x00L\x00i\x00g\x00h\x00t\x00R\x00o\x00\
b\x00o\x00t\x00o\x00M\x00o\x00n\x00o\x00\
-\x00E\x00x\x00t\x00r\x00a\x00L\x00i\x00\
g\x00h\x00t\x00E\x00x\x00t\x00r\x00a\x00\
L\x00i\x00g\x00h\x00t\x00R\x00o\x00b\x00\
o\x00t\x00o\x00M\x00o\x00n\x00o\x00-\x00\
T\x00h\x00i\x00n\x00T\x00h\x00i\x00n\x00\
W\x00e\x00i\x00g\x00h\x00t\x00R\x00o\x00\
b\x00o\x00t\x00o\x00M\x00o\x00n\x00o\x00\
h\x00t\x00t\x00p\x00s\x00:\x00/\x00/\x00\
o\x00p\x00e\x00n\x00f\x00o\x00n\x00t\x00\
l\x00i\x00c\x00e\x00n\x00s\x00e\x00.\x00\
o\x00r\x00g\x00T\x00h\x00i\x00s\x00 \x00\
F\x00o\x00n\x00t\x00 \x00S\x00o\x00f\x00\
t\x00w\x00a\x00r\x00e\x00 \x00i\x00s\x00\
 \x00l\x00i\x00c\x00e\x00n\x00s\x00e\x00\
d\x00 \x00u\x00n\x00d\x00e\x00r\x00 \x00\
t\x00h\x00e\x00 \x00S\x00I\x00L\x00 \x00\
O\x00p\x00e\x00n\x00 \x00F\x00o\x00n\x00\
t\x00 \x00L\x00i\x00c\x00e\x00n\x00s\x00\
e\x00,\x00 \x00V\x00e\x00r\x00s\x00i\x00\
o\x00n\x00 \x001\x00.\x001\x00.\x00 \x00\
T\x00h\x00i\x00s\x00 \x00l\x00i\x00c\x00\
e\x00n\x00s\x00e\x00 \x00i\x00s\x00 \x00\
a\x00v\x00a\x00i\x00l\x00a\x00b\x00l\x00\
e\x00 \x00w\x00i\x00t\x00h\x00 \x00a\x00\
 \x00F\x00A\x00Q\x00 \x00a\x00t\x00:\x00\
 \x00h\x00t\x00t\x00p\x00s\x00:\x00/\x00\
/\x00o\x00p\x00e\x00n\x00f\x00o\x00n\x00\
t\x00l\x00i\x00c\x00e\x00n\x00s\x00e\x00\
.\x00o\x00r\x00g\x00C\x00h\x00r\x00i\x00\
s\x00t\x00i\x00a\x00n\x00 \x00R\x00o\x00\
b\x00e\x00r\x00t\x00s\x00o\x00n\x00G\x00\
o\x00o\x00g\x00l\x00e\x00.\x00c\x00o\x00\
m\x00G\x00o\x00o\x00g\x00l\x00e\x00R\x00\
o\x00b\x00o\x00t\x00o\x00 \x00M\x00o\x00\
n\x00o\x00 \x00i\x00s\x00 \x00a\x00 \x00\
t\x00r\x00a\x00d\x00e\x00m\x00a\x00r\x00\
k\x00 \x00o\x00f\x00 \x00G\x00o\x00o\x00\
g\x00l\x00e\x00.\x00R\x00o\x00b\x00o\x00\
t\x00o\x00M\x00o\x00n\x00o\x00-\x00R\x00\
e\x00g\x00u\x00l\x00a\x00r\x00V\x00e\x00\
r\x00s\x00i\x00o\x00n\x00 \x003\x00.\x00\
0\x000\x001\x00R\x00o\x00b\x00o\x00t\x00\
o\x00 \x00M\x00o\x00n\x00o\x00 \x00R\x00\
e\x00g\x00u\x00l\x00a\x00r\x003\x00.\x00\
0\x000\x001\x00;\x00G\x00O\x00O\x00G\x00\
;\x00R\x00o\x00b\x00o\x00t\x00o\x00M\x00\
o\x00n\x00o\x00-\x00R\x00e\x00g\x00u\x00\
l\x00a\x00r\x00R\x00e\x00g\x00u\x00l\x00\
a\x00r\x00R\x00o\x00b\x00o\x00t\x00o\x00\
 \x00M\x00o\x00n\x00o\x00C\x00o\x00p\x00\
y\x00r\x00i\x00g\x00h\x00t\x00 \x002\x00\
0\x001\x005\x00 \x00T\x00h\x00e\x00 \x00\
R\x00o\x00b\x00o\x00t\x00o\x00 \x00M\x00\
o\x00n\x00o\x00 \x00P\x00r\x00o\x00j\x00\
e\x00c\x00t\x00 \x00A\x00u\x00t\x00h\x00\
o\x00r\x00s\x00 \x00(\x00h\x00t\x00t\x00\
p\x00s\x00:\x00/\x00/\x00g\x00i\x00t\x00\
h\x00u\x00b\x00.\x00c\x00o\x00m\x00/\x00\
g\x00o\x00o\x00g\x00l\x00e\x00f\x00o\x00\
n\x00t\x00s\x00/\x00r\x00o\x00b\x00o\x00\
t\x00o\x00m\x00o\x00n\x00o\x00)\x00\x00\x00\
\x00\x00\x02\x00\x00\x00\x03\x00\x00\x00\x14\x00\x03\x00\x01\x00\
\x00\x00\x14\x00\x04\x07L\x00\x00\x00\xc2\x00\x80\x00\x06\x00\
B\x00\x0d\x00/\x009\x00@\x00Z\x00`\x00z\x00\
~\x01\x7f\x01\x92\x01\xa1\x01\xb0\x01\xf0\x01\xff\x02\x1b\x02\
7\x02Y\x02\xbc\x02\xc7\x02\xc9\x02\xdd\x02\xf3\x03\x01\x03\
\x03\x03\x09\x03\x0f\x03#\x03\x8a\x03\x8c\x03\x92\x03\xa1\x03\
\xb0\x03\xb9\x03\xc9\x03\xce\x03\xd2\x03\xd6\x04%\x04/\x04\
E\x04O\x04b\x04o\x04w\x04\x86\x04\xce\x04\xd7\x04\
\xe1\x04\xf5\x05\x01\x05\x10\x05\x13\x1e\x01\x1e?\x1e\x85\x1e\
\xf1\x1e\xf3\x1e\xf9\x1fM \x0b \x15 \x1e \x22 \
& 0 3 : < D t \x7f \
\xa4 \xa7 \xac!\x05!\x13!\x16!\x22!&!\
.!^\x22\x02\x22\x06\x22\x0f\x22\x12\x22\x15\x22\x1a\x22\
\x1e\x22+\x22H\x22`\x22e%\xca\xf6\xc3\xfe\xff\xff\
\xfd\xff\xff\x00\x00\x00\x0d\x00 \x000\x00:\x00A\x00\
[\x00a\x00{\x00\xa0\x01\x92\x01\xa0\x01\xaf\x01\xf0\x01\
\xfa\x02\x18\x027\x02Y\x02\xbc\x02\xc6\x02\xc9\x02\xd8\x02\
\xf3\x03\x00\x03\x03\x03\x09\x03\x0f\x03#\x03\x84\x03\x8c\x03\
\x8e\x03\x93\x03\xa3\x03\xb1\x03\xba\x03\xca\x03\xd1\x03\xd6\x04\
\x00\x04&\x040\x04F\x04P\x04c\x04p\x04x\x04\
\x88\x04\xcf\x04\xd8\x04\xe2\x04\xf6\x05\x02\x05\x11\x1e\x00\x1e\
>\x1e\x80\x1e\xa0\x1e\xf2\x1e\xf4\x1fM \x00 \x13 \
\x17   % 0 2 9 < D \
t \x7f \xa3 \xa7 \xab!\x05!\x13!\x16!\
\x22!&!.![\x22\x02\x22\x06\x22\x0f\x22\x11\x22\
\x15\x22\x1a\x22\x1e\x22+\x22H\x22`\x22d%\xca\xf6\
\xc3\xfe\xff\xff\xfc\xff\xff\x01\x5c\x00\x00\x00\x06\x00\x00\xff\
\xc1\x00\x00\xff\xbb\x00\x00\x00\x00\xfe\xc4\x00\x00\x00\x00\x01\
3\x00\x00\x00b\xff:\xfd\xf8\x00h\x00\x00\xfe\x95\x00\
\x00\xfe\x7f\xfes\xfer\xfem\xfeh\xfeB\x00\x00\xff\
L\xffK\x00\x00\x00\x00\xfd\xd4\x00\x00\xff,\xfd\xc8\xfd\
\xc5\x00\x00\xfd\x83\x00\x00\xfd{\x00\x00\xfdp\x00\x00\xfd\
l\x00\x00\xfel\x00\x00\xfei\x00\x00\xfd\x14\x00\x00\xe5\
'\xe4\xe7\x00\x00\xe4\xc6\x00\x00\xe4\xc4\xe3\xdc\xe2%\x00\
\x00\x00\x00\x00\x00\x00\x00\xe0]\xe0@\xe0A\xe2\xe6\xe0\
G\xe1\xc0\xe1\xb6\xdf\xb4\xdf\xb2\x00\x00\xe12\xe1%\xe1\
#\xdfr\xe0^\xe1\x0c\xe0\xe0\xe0=\xdfv\xe01\x00\
\x00\xdet\xe0(\xe0%\xe0\x19\xde;\xde\x22\xde\x22\xdc\
{\x0a\xa5\x03G\x02K\x00\x01\x00\x00\x00\xc0\x00\x00\x00\
\xdc\x00\x00\x00\xe6\x00\x00\x00\xee\x00\xf4\x00\x00\x02\xb0\x02\
\xb2\x00\x00\x02\xb2\x00\x00\x00\x00\x00\x00\x00\x00\x02\xb4\x00\
\x00\x02\xb4\x00\x00\x00\x00\x00\x00\x00\x00\x00\x00\x00\x00\x02\
\xb2\x00\x00\x00\x00\x02\xba\x02\xd6\x00\x00\x02\xee\x00\x00\x00\
\x00\x00\x00\x03\x06\x00\x00\x03N\x00\x00\x03v\x00\x00\x03\
\x98\x00\x00\x03\xa4\x00\x00\x04.\x00\x00\x04>\x00\x00\x04\
R\x00\x00\x00\x00\x04R\x00\x00\x04Z\x00\x00\x00\x00\x00\
\x00\x04V\x04Z\x04h\x04l\x00\x00\x00\x00\x00\x00\x00\
\x00\x00\x00\x00\x00\x00\x00\x00\x00\x00\x00\x04\x5c\x00\x00\x00\
\x00\x00\x00\x00\x00\x00\x00\x00\x00\x00\x00\x00\x00\x00\x00\x00\
\x00\x04J\x00\x00\x00\x00\x00\x00\x00\x00\x00\x00\x00\x00\x00\
\x00\x00\x00\x00\x00\x00\x00\x00\x00\x00\x00\x00\x01\x00[\x00\
k\x00\x97\x00R\x00\x8c\x00\x98\x00j\x00t\x00u\x00\
\x96\x00|\x00_\x00g\x00`\x00\x89\x00a\x00b\x00\
\x84\x00\x81\x00\x85\x00]\x00\x99\x00v\x00\x8a\x00w\x00\
\x9c\x00f\x01Z\x00x\x00\x8e\x00y\x00\x9d\x02s\x00\
\x5c\x00S\x00T\x00Z\x00U\x00\x8f\x00\x9a\x01a\x00\
\x92\x00C\x01j\x00\x88\x02t\x00\x93\x01^\x00\x95\x00\
~\x00A\x00B\x01[\x01k\x00\x9b\x00d\x01f\x00\
@\x00D\x01l\x00F\x00E\x00G\x00^\x00\xa2\x00\
\x9e\x00\xa0\x00\xa7\x00\xa1\x00\xa5\x00H\x00\xab\x00\xb5\x00\
\xaf\x00\xb2\x00\xb3\x00\xc4\x00\xbf\x00\xc1\x00\xc2\x00\xb9\x00\
\xd2\x00\xd7\x00\xd3\x00\xd5\x00\xdd\x00\xd6\x00\x7f\x00\xdb\x00\
\xeb\x00\xe7\x00\xe9\x00\xea\x00\xf6\x00M\x00P\x01\x01\x00\
\xfd\x00\xff\x01\x06\x01\x00\x01\x04\x00I\x01\x0a\x01\x14\x01\
\x0e\x01\x11\x01\x12\x01!\x01\x1d\x01\x1f\x01 \x00L\x01\
/\x014\x010\x012\x01:\x013\x00\x80\x018\x01\
H\x01D\x01F\x01G\x01S\x00N\x01U\x00\xa3\x01\
\x02\x00\x9f\x00\xfe\x00\xa4\x01\x03\x00\xa9\x01\x08\x00\xac\x01\
\x0b\x02u\x02v\x00\xaa\x01\x09\x00\xad\x01\x0c\x00\xae\x01\
\x0d\x00\xb6\x01\x15\x00\xb0\x01\x0f\x00\xb4\x01\x13\x00\xb8\x01\
\x17\x00\xb1\x01\x10\x00\xbb\x01\x19\x00\xba\x01\x18\x02w\x02\
x\x00\xbc\x01\x1a\x00\xbe\x01\x1c\x00\xbd\x01\x1b\x00\xc7\x01\
$\x00\xc5\x01\x22\x00\xc0\x01\x1e\x00\xc6\x01#\x00\xc3\x01\
m\x01n\x01o\x00\xc8\x01%\x00\xc9\x01&\x00O\x00\
\xca\x01'\x00\xcc\x01)\x00\xcb\x01(\x00\xcd\x01*\x00\
\xce\x01+\x00\xcf\x01,\x00\xd1\x01.\x00\xd0\x01-\x02\
y\x00\xb7\x01\x16\x00\xda\x017\x00\xd4\x011\x00\xd9\x01\
6\x00J\x00K\x00\xde\x01;\x00\xe0\x01=\x00\xdf\x01\
<\x00\xe1\x01>\x00\xe4\x01A\x00\xe3\x01@\x00\xe2\x01\
?\x02~\x02\x80\x00\xe6\x01C\x00\xe5\x01B\x00\xf1\x01\
N\x00\xee\x01K\x00\xe8\x01E\x00\xf0\x01M\x00\xed\x01\
J\x00\xef\x01L\x00\xf3\x01P\x00\xf7\x01T\x00\xf8\x00\
\xfa\x01W\x00\xfc\x01Y\x00\xfb\x01X\x01p\x00\xd8\x01\
5\x00\xec\x01I\x00\xa6\x01\x05\x00\xa8\x01\x07\x00\xdc\x01\
9\x01\x5c\x01d\x01_\x01`\x01b\x01g\x01]\x01\
c\x01x\x01y\x02\xd4\x01z\x02\xd5\x02\xd6\x02\xd7\x01\
{\x01|\x02\xde\x02\xdf\x02\xe0\x01}\x02\xe1\x02\xe2\x01\
~\x02\xe3\x02\xe4\x01\x7f\x02\xe5\x01\x80\x02\xe6\x01\x81\x02\
\xe7\x02\xe8\x01\x82\x02\xe9\x01\x83\x01\x84\x02\xea\x02\xeb\x02\
\xec\x02\xed\x02\xee\x02\xef\x02\xf0\x02\xf1\x01\x8e\x02\xf3\x02\
\xf4\x01\x8f\x02\xf2\x01\x90\x01\x91\x01\x92\x01\x93\x01\x94\x01\
\x95\x01\x96\x02\xf5\x01\x97\x01\x98\x03*\x02\xfb\x01\x9c\x02\
\xfc\x01\x9d\x02\xfd\x02\xfe\x02\xff\x03\x00\x01\x9e\x01\x9f\x01\
\xa0\x03\x02\x03+\x03\x03\x01\xa1\x03\x04\x01\xa2\x03\x05\x03\
\x06\x01\xa3\x03\x07\x01\xa4\x01\xa5\x01\xa6\x03\x08\x03\x01\x01\
\xa7\x03\x09\x03\x0a\x03\x0b\x03\x0c\x03\x0d\x03\x0e\x03\x0f\x01\
\xa8\x03\x10\x03\x11\x03\x12\x01\xb3\x01\xb4\x01\xb5\x01\xb6\x03\
\x13\x01\xb7\x01\xb8\x01\xb9\x03\x14\x01\xba\x01\xbb\x01\xbc\x01\
\xbd\x03\x15\x01\xbe\x03\x16\x03\x17\x01\xbf\x03\x18\x01\xc0\x03\
\x19\x03,\x03\x1a\x01\xcb\x03\x1b\x01\xcc\x03\x1c\x03\x1d\x03\
\x1e\x03\x1f\x01\xcd\x01\xce\x01\xcf\x03 \x03-\x03!\x01\
\xd0\x01\xd1\x01\xd2\x03\xd4\x03.\x03/\x01\xe0\x01\xe1\x01\
\xe2\x01\xe3\x030\x031\x01\xf3\x01\xf4\x03\xd9\x03\xda\x03\
\xd3\x03\xd2\x01\xf5\x01\xf6\x01\xf7\x01\xf8\x03\xd5\x03\xd6\x01\
\xf9\x01\xfa\x03\xcd\x03\xce\x032\x033\x03\xbf\x03\xc0\x01\
\xfb\x01\xfc\x03\xd7\x03\xd8\x01\xfd\x01\xfe\x03\xc1\x03\xc2\x01\
\xff\x02\x00\x02\x01\x02\x02\x02\x03\x02\x04\x034\x035\x03\
\xc3\x03\xc4\x036\x037\x03\xe1\x03\xe2\x03\xc5\x03\xc6\x02\
\x05\x02\x06\x03\xc7\x03\xc8\x02\x07\x02\x08\x02\x09\x03\xd1\x02\
\x0a\x02\x0b\x03\xcf\x03\xd0\x038\x039\x03:\x02\x0c\x02\
\x0d\x03\xdf\x03\xe0\x02\x0e\x02\x0f\x03\xdb\x03\xdc\x03\xc9\x03\
\xca\x03\xdd\x03\xde\x02\x10\x03E\x03D\x03F\x03G\x03\
H\x03I\x03J\x02\x11\x02\x12\x03\xcb\x03\xcc\x03_\x03\
`\x02\x13\x02\x14\x03a\x03b\x03\xe3\x03\xe4\x02\x15\x03\
c\x03\xe5\x03d\x03e\x00\xf5\x01R\x00\xf2\x01O\x00\
\xf4\x01Q\x00\xf9\x01V\x00h\x00i\x03\xe6\x021\x00\
l\x00m\x00n\x022\x00o\x00p\x00q\x00\x90\x00\
\x91\x00e\x023\x00c\x03\xbe\x026\x02A\x00}\x04\
\xcd\x00\x00\x00\x00\x00Q\x00\xac\x00k\x00\x9b\x00\xb6\x00\
\xbf\x00d\x00\x8d\x00\xae\x00b\x00\xac\x00\xc6\x00\x94\x00\
\x8f\x00j\x00\xbf\x00^\x00\xb5\x00v\x00L\x00\x8b\x00\
G\x00I\x00W\x00=\x00r\x00\x9c\x00\xaf\x00\x8f\x00\
\x8b\x00\x87\x00\x98\x00\x8c\x00\xae\x00\xcb\x00\xd3\x00\xb0\x00\
\xcb\x00]\x00\xae\x00z\x00\xad\x00\x8c\x01I\x00\xaf\x00\
\x8e\x00\xb4\x00b\x000\x00n\x00D\x00\xa0\x00\x91\x00\
\xd0\x00U\x00^\x00K\x00\xbb\x00\x8d\x00p\x00\xb1\x00\
\x95\x01\x82\x01<\x01C\x01\x1c\x01\x10\x00$\x000\x00\
&\x00 \x00+\x00O\x00.\x00I\x00\xa8\x00\xad\x00\
\xba\x00\xa9\x00\xb1\x00\xa2\x00\x93\x00q\x00!\x00\xa0\x00\
\x11\x00i\x00\x7f\x00g\x01\xe6\x01\xf2\x00\xbf\x00\xcc\x01\
b\x01\xf0\x02\x22\x01\xe6\x01\x09\x01\xf8\x01\x9a\x00\x9b\x00\
\xda\x00J\x00O\x01\xee\x01b\x01\xec\x01\xcd\x01\xbc\x01\
I\x01-\x01/\x01\xee\x01b\x01e\x01@\x01\xaa\x01\
\x95\x01C\x01C\x01\x8c\x01\x8c\x00w\x00\xa9\x00\x9c\x00\
\xb5\x00s\x00\xad\x00\xa9\x00\x8d\x00\xaa\x00\xb2\x00\xbb\x00\
\xc2\x00\xbd\x00\xfc\x00\xe7\x01+\x00,\x006\x02\x1c\x01\
\xff\x00w\x00y\x00Z\x00W\x00g\x01i\x00\xa0\x00\
=\x00k\x00@\x00W\x00\xd3\x00\xe7\x000\x00Q\x00\
Q\x00Q\x00Q\x00Q\x00Q\x00Q\x00Q\x00Q\x00\
Q\x00 \x00k\x00k\x00k\x00k\x00\x9b\xff\xc5\x00\
\xb6\x00\xb6\x00\xb6\x00\xb6\x00\xb6\x00\xb6\x00\xb6\x00\xb6\x00\
\xaf\x00\xb6\xff\xc5\x00d\x00d\x00d\x00\x18\x00\x8d\x00\
\xae\x00\xae\x00\xae\x00\xae\x00\xae\x00\xae\x00\xae\x00\xae\x00\
\xae\x00b\x00\xac\x00\xc6\x00\xc6\x00\xc6\x00\xc6\x00:\x00\
\x8f\x00\x8f\x00\x8f\x00\x8f\x00j\x00j\x00j\x00j\x00\
j\x00c\x00j\x00j\x00G\x00G\x00j\x00\xb5\x00\
\xb5\x00\xb5\x00v\x00v\x00v\x00v\x00L\x00L\x00\
\x8b\x00\x8b\x00\x8b\x00\x8b\x00\x8b\x00\x8b\x00\x8b\x00\x8b\x00\
\x8b\x00\x8b\x00\x8b\x00I\x00I\x00I\x00I\x00=\x00\
=\x00=\x00=\x00r\x00r\x00r\x00\x9c\x00\x9c\x00\
\x9c\x00\x9c\x00\x9c\x00\x9c\x00\x9c\x00\x9c\x00\x9c\x00\x9c\x00\
+\x00\x8f\x00\x8f\x00\x8f\x00\x8f\x00d\x00|\x00\x87\x00\
\x87\x00\x87\x00\x87\x00\x87\x00\x87\x00\x87\x00\x87\x00\xb8\x00\
\x87\x00\x8c\x00\x8c\x00\x8c\x00\x0b\xff\xe7\x00\xcb\x00\xcb\x00\
\xcb\x00\xcb\x00\xcb\x00\xcb\x00\xcb\x00\xcb\x00\xb0\x00\xb0\x00\
\xcb\x00\x99\x00\xcb\x00\x85\x00\xcb\x00\xae\x00\xae\x00\xae\x00\
\xae\x00z\x00z\x00z\x00z\x00z\x00w\x00z\x00\
z\x00z\x00z\x00z\x01I\x01\x14\x01\x10\x00\xaf\x00\
\xaf\x00\xaf\x00\xaf\x00\x8e\x00\x7f\x00\xb4\x00\xb4\x00\xb4\x00\
\xb4\x00\xb4\x00\xb4\x00\xb4\x00\xb4\x00\xb4\x00\xb4\x00\xb4\x00\
0\x000\x000\x000\x00D\x00D\x00D\x00D\x00\
\xa0\x00\xa0\x00\xa0\x01\x9f\x01\x9a\x00\xc1\x00\x8a\x01\x01\x01\
;\x01\xf2\x01\x1f\x01\x9a\x00\xf6\x010\xfd'\x01\xcd\x01\
\x8e\x01.\x00\x00\x00\xd4\x00\xbc\x00\xf1\x00\xcb\x00\x80\x00\
P\x01\xc8\x00\xb0\x01\xad\xfc\xca\xfdh\xfc\x88\xfdY\xfc\
\x05\x02)\x01\x13\x020\x00\xb5\x00.\x00j\x006\x00\
\x91\x00\xa2\x00p\x00E\x00e\x00a\x00\x81\x00\xae\x00\
G\x00x\x00\x8b\x00u\x00\xa4\x00\xb9\x00\xb8\x009\x00\
\xaf\x00Y\x00\xa5\x00x\x00m\x00\xad\x00\x9e\x00n\x00\
a\x00O\x00\x98\x006\x00.\x00*\x00\x81\x00\x1e\x00\
\x83\x00C\x00\xa2\x00\xa2\x00F\x00\x1d\x00Y\x00\xa2\x00\
/\x00+\x00\xa6\x00\xab\x00}\x00}\x002\x00\x90\x00\
\xa8\x00r\x00w\x00A\x00\x81\x00\xa4\x00\xb7\x006\x00\
\x11\x00\x87\x00\xa5\x00\xa4\x007\x00\x89\x00\xa5\x00\xa5\x00\
h\x00z\x00\xaa\x00\x8d\x00\x81\x00v\x009\x00\x90\x00\
\xa5\x00\x81\x00q\x00O\xff\xe9\x00\x8f\x00&\x00\x82\x00\
\x1c\x00\xa5\x00k\x00_\x00\x1c\x00}\x00\x9b\x00'\x00\
W\x00q\x00p\x00U\x00i\x00P\x00Q\x00\xca\x00\
\xde\x00c\x00]\x00\x1a\x00Q\x00E\x007\x00j\x00\
z\x00M\x00g\x00q\x00_\x00\x97\x00\xbf\x00v\x00\
\xd1\x00\xfc\x01\xc3\x02<\xfe\xab\xfe\xb4\x00\xbf\x00\xad\x00\
\xb6\x00\xb6\x00\xb9\x00\xb8\x00\xae\x00\xa3\x00-\x008\x00\
r\x00n\x00m\x00t\x00h\x00\x5c\x009\x004\x00\
\xab\x00\x92\x00\xe3\x00&\x00&\x00\xc8\x00\xb4\x00\xb6\x00\
\xb3\x00Z\x00\x94\x00\x89\x00B\x00t\x00a\x00M\x00\
e\x007\x00P\x00\xb3\x00\xd0\x00\x14\x00/\x00o\x00\
u\x00\x8e\x00\xa0\x00L\x00I\x00l\x00\x00\x00\x00\x00\
\x00\x00\x00\x00\x00\x00\x00\x00\x00\x00\x00\x00\x00\x00\x00\x00\
\x00\x00\x00\x00\xa6\x01\xcf\x01\x5c\x01\x0f\x01K\x00\x7f\x00\
I\x00\xdd\x00y\x00\x99\x00P\x003\x00$\x00A\x00\
~\x00\xa7\x003\x009\x005\x00\xf8\x00\x8e\x00\x00\x00\
\x5c\x00\x0f\x01\x11\x00\xfc\x00\x10\x01\x0b\x01>\x01\xf9\x00\
6\x00\xd0\x00n\x00\xb7\x00\xc8\x00\xe7\x00|\x00\x9b\x00\
\xd9\x00\x96\x00\xb4\x00\xd1\x00\x9b\x00\xc2\x00\x82\x00^\x00\
\x90\x00\x8a\x00]\x00\xb5\x00V\x00/\x00`\x00M\x00\
\xb9\x01R\x01B\x015\x01\xd1\x01\xf5\x01t\x02\x06\x01\
`\x00\xcc\x00\xa9\x00\xd2\x00\x00\x00\xda\x00k\x00\x8f\x00\
d\x00\x8c\xff\xba\x00v\x00\xaf\x00L\x00\x8e\x00L\x00\
]\x00\x8e\xff\xe7\xff\xe7\x00]\x006\x006\x006\x00\
6\x006\x006\x006\x00n\x00\xc8\x00\xc8\x00\xc8\x00\
\xc8\x00\xd9\x00\xd9\x00\xd9\x00\xd9\x00\xc2\x00\x82\x00\x82\x00\
\x82\x00\x82\x00\x82\x00\xb5\x00\xb5\x00\xb5\x00\xb5\x00M\x00\
6\x006\x006\x00n\x00n\x00n\x00\xb7\x00\xc8\x00\
\xc8\x00\xc8\x00\xc8\x00\xc8\x00|\x00|\x00|\x00\x9b\x00\
\xd9\x00\xd9\x00\xd9\x00\xd9\x00\xd9\x00\x96\x00\xb4\x00\xb6\x00\
\xd1\x00\xd1\x00\xd1\x00\xc2\x00\xc2\x00\xc2\x00\x82\x00\x82\x00\
\x82\x00\x90\x00\x90\x00\x90\x00\x8a\x00\x8a\x00\x8a\x00\x8a\x00\
]\x00\xb5\x00\xb5\x00\xb5\x00\xb5\x00\xb5\x00\xb5\x00/\x00\
M\x00M\x00\xb9\x00\xb9\x00\xb9\x00Q\xff\xdd\xff\xcb\xff\
\xba\xff\xff\xff\x80\xff\xfb\x00\xb8\x00Q\x00\xac\x00\xb6\x00\
r\x00\x8d\x00\xae\x00\xac\x00\x94\x00\x8f\x00j\x00\xbf\x00\
L\x00=\x00W\x00\xae\x00=\x00\x81\x00\x8b\x00\xa4\x00\
\xb8\x00\x9e\x00\xba\x00z\x00\xbc\x00b\x00n\x00\xb8\x00\
\x9e\x00z\x00\x9e\x00O\x00\xb6\x00\xb5\x00v\x00\xae\x00\
\xae\x00b\x00\xa9\x00\xac\x00+\x00Q\x00\xac\x00\xb5\x00\
\xb6\x00\xa2\x00\x94\x00\x8d\x00j\x00\xa2\x00\xbf\x00k\x00\
L\x00E\x00W\x00\x9c\x00\x87\x00\xa5\x00z\x00\xad\x00\
\x8f\x00D\x00n\x00\x87\x00\xb7\x00\xaf\x00\xcb\x00\xcb\x00\
\xd3\x00\xa4\x00D\x00h\x00\xb0\x01\xcd\x00\x94\x00]\x00\
Q\x00\x9c\xff\x89\x00\xb6\x00\xa2\x00\x87\x00\xa5\x00e\x00\
a\x00\x1a\x00@\x00Y\x00\x87\x00k\x00\x8f\x00=\x00\
G\x00\xae\x00\x1d\x00\x11\x00\xae\x00Q\x00\x9c\x00Q\x00\
\x9c\x00 \x00+\x00\xb6\x00\x87\x00Z\x00\xb1\x00\xb1\x00\
\x1d\x00\x11\x00Y\x00\x87\x00\xa2\x00\xa5\x00\xa2\x00\xa5\x00\
j\x00z\x00c\x00]\x00c\x00]\x00r\x00\x81\x00\
+\x00D\x00+\x00D\x00+\x00D\x00\xab\x00\x8d\x00\
\x90\x00\x90\x00W\x00n\x00\x8b\x00/\x007\x00Q\x00\
\x9c\x00Q\x00\x9c\x00Q\x00\x9c\xff\xfc\xff\xf8\x00Q\x00\
\x9c\x00Q\x00\x9c\x00Q\x00\x9c\x00Q\x00\x9c\x00Q\x00\
\x9c\x00Q\x00\x9c\x00Q\x00\x9c\x00Q\x00\x9c\x00\xb6\x00\
\x87\x00\xb6\x00\x87\x00\xb6\x00\x87\x00\xb6\x00\x87\xff\xf2\xff\
\xf3\x00\xb6\x00\x87\x00\xb6\x00\x87\x00\xb6\x00\x87\x00\xae\x00\
\xcb\x00\xae\x00\xcb\x00j\x00z\x00j\x00z\x00j\x00\
z\x00\x00\xff\xed\x00j\x00z\x00j\x00z\x00j\x00\
z\x00c\x00w\x00c\x00w\x00c\x00w\x00c\x00\
w\x00c\x00w\x00\x8b\x00\xb4\x00\x8b\x00\xb4\x00\x8b\x00\
\xb4\x00\x8b\x00\xb4\x00\x8b\x00\xb4\x00\x8b\x00\xb4\x00\x8b\x00\
\xb4\x00=\x00D\x00=\x00D\x00=\x00D\x00|\x00\
\xa9\x00\xa4\x00\x8d\x00\xa5\x00L\x00h\x00W\x00n\x00\
\xab\x00\x8d\x00\xab\x00\x8d\x00\xb5\x00\xb7\x00\x1d\x00\x11\x00\
&\x00&\x00\xae\x00\x12\xff\xd4\xff\xd4\xff\xfd\xff\xfb\xff\
\xff\xff\xe9\x00\xa2\x00\xa5\x00\x8d\x00\xa5\x00\x94\x00\x89\x00\
/\x007\x00=\x00G\x00W\x00n\x00\x8b\x00O\x00\
\x00\x00\x00\x00\x00\x00\x1c\x00y\x00\xda\x01!\x01:\x01\
P\x01\xba\x01\xd2\x01\xea\x02\x1a\x028\x02H\x02h\x02\
\x80\x02\xf5\x03,\x03\xa5\x03\xe2\x04Q\x04d\x04\x97\x04\
\xad\x04\xd1\x04\xf0\x05\x08\x05 \x05\x8c\x05\xf4\x06B\x06\
\x86\x06\xd2\x07\x05\x07|\x07\xb1\x07\xdf\x08!\x08?\x08\
T\x08\xad\x08\xe0\x09.\x09\x84\x09\xda\x0a\x01\x0an\x0a\
\xa8\x0a\xd6\x0a\xec\x0b\x11\x0b0\x0bd\x0b{\x0b\xd7\x0b\
\xe9\x0c,\x0c\x9b\x0c\xba\x0d\x05\x0dg\x0dy\x0e\x08\x0e\
j\x0e|\x0e\xbf\x0f.\x0f\x9b\x0f\xe9\x10B\x10u\x11\
\x05\x11,\x11\xe9\x126\x12\xe3\x13Q\x13\x88\x13\xde\x13\
\xfc\x14t\x14\xcc\x15A\x15\x97\x15\xe6\x16\x13\x16[\x16\
g\x16\xbf\x17\x1a\x17v\x17\x94\x17\xb2\x18\x0f\x18l\x18\
\x81\x18\x97\x18\xa3\x18\xb0\x18\xc1\x18\xd8\x19\x03\x19\x10\x19\
\x1d\x19*\x197\x19G\x19a\x19{\x19\x95\x19\xae\x19\
\xbb\x19\xc8\x19\xf4\x19\xfc\x1a\x04\x1aF\x1a\x88\x1a\x9b\x1a\
\xad\x1a\xef\x1bB\x1bV\x1bj\x1b\x82\x1b\x8f\x1b\xae\x1b\
\xcf\x1b\xfd\x1c\x11\x1c5\x1c\x84\x1c\x9a\x1c\xb1\x1c\xce\x1c\
\xec\x1c\xfd\x1d\x0c\x1d\x1b\x1d+\x1d\xca\x1e\xb2\x1e\xc0\x1e\
\xd4\x1e\xec\x1f\x0e\x1f\x9e \x0c 3 } \xa1 \
\xda!s\x22&\x22\xf5#\x13#)#w#\x83#\
\x8f#\x9b#\xa7#\xb3#\xbf$\x02$\x0e$\x1a$\
&$2$>$J$U$a$m$\xac$\
\xb8$\xc4$\xd0$\xdc$\xe8$\xf4%\x00%\x0c%\
>%~%\xbd%\xc9%\xd5%\xe1&\x0a&\x16&\
\x22&.&:&F&R&^&j&\xaa&\
\xb6&\xc2&\xce&\xda&\xe6&\xf2&\xfe'\x1a'\
&'2'>'J'V'b'n'z'\
\x86'\xee'\xfa(\x06(y(\x85(\x91(\x9d(\
\xa9(\xb5(\xc1(\xcd(\xd8(\xe4)\x00)\x0c)\
\x18)$)0)<)H)\x8f)\x9b)\xa7*\
\x05*\x11*\x1d*)*5*A*M*Y*\
e*q*}*\x89*\x95*\xa1*\xad*\xb8*\
\xc4*\xcf*\xda*\xe5+x+\x83+\x8e+\x9a+\
\xa6+\xb2+\xbd+\xc8+\xd4+\xe0,?,J,\
U,`,k,v,\x81,\x8c,\x97,\xe3-\
U-`-k-v-\xb4-\xc0-\xcc-\xd7-\
\xe3-\xee-\xf9.\x04.Q.].i.u.\
\x81.\x8d.\x99.\xa5.\xc8.\xd3.\xde.\xea.\
\xf5/\x00/\x0b/\x16/!/,/\x8c/\x98/\
\xa30\x090\x140 0+060B0N0\
Y0d0p0\xb10\xbd0\xc80\xd30\xde0\
\xe90\xf4121>1I1\x9e1\xa91\xb51\
\xc01\xcb1\xd61\xe11\xed1\xf92\x042\x0f2\
\x1b2&212@2O2c2\x9f2\xac2\
\xd72\xee3\x153_3v3\x893\x9f3\xcd3\
\xfc4\x114\x114\x1e4P4]4r4\xa25\
\x005%5W5\x8f5\x9e5\xad5\xb65\xe55\
\xfc6\x0b6:6B6R6m6\xc46\xd86\
\xf27\x057!7{7\xb58\x0d8\x7f8\xf49\
\x119\x8e:\x06:b:\x96:\xec;\x19;d;\
\xeb<\x1b<n<\xcf=\x22=R=\x8d=\xf3>\
4>\xb0?\x22?o?\xf5@3@\x87@\xe4A\
 AQAjA\xa2A\xe0B\x0aB\x82B\x9bB\
\xcfC\x01C\x1aCEC]CzC\xb0C\xecD\
!DuD\xcfE\x0aE\x81E\xdaE\xeaF\x1dF\
HF\xc0F\xd8F\xf5G%G?GWGjG\
}G\xdcG\xf5H$H<HZH\x90H\xccI\
\x01IRI\xa9I\xe1J8J\x8aJ\xdfK\x1dK\
[KtK\xcbL!L`L\xddMJMoM\
\x94M\xc2M\xf0N8N\x84N\xd5O(O\xbcP\
YP\xd4Q(QTQ\x83Q\xfeRwR\xfbS\
XT/T\xf2U^U\xc0V\x02VHVtV\
\x88V\xc0V\xd1V\xe1W\xc1X\x15XUX\xb4X\
\xc7X\xdaY\x10YFYkY\x8fY\xafY\xcfY\
\xeaZ\x05ZQZ\x89[$[\xc4[\xe2\x5c\x00\x5c\
;\x5cq\x5c\x9b]\x10]j]\xa9]\xe3^\x14^\
E^\xb5^\xfc_C_S_c_\x98_\xe8`\
\x96a\x11a\x89a\xeebXb\xd3cHc\xa2c\
\xf7dUd\xa7d\xf8e;e\xaae\xaae\xaae\
\xaae\xaae\xaae\xaae\xaae\xaae\xaae\xaae\
\xaae\xaae\xb6e\xd0e\xdde\xfcf0f\x7fg\
\x1dg}g\xe3h(h\xcci\xcdj\xa5kIk\
\xb7k\xcak\xe6l\x00l\xd1m\x10m5m5n\
\x07nfn\xafn\xeao\x06o\x22oToio\
\x88o\xe1p2php\x81p\x97p\xedq\x05q\
\x1dqMqkq{q\x96q\xaeq\xffrZr\
\x97s\x0bs\x1esRsjs\x8fs\xaes\xc8s\
\xdft2tdtqt\xb2t\xdau(u6u\
[u\x92u\xafv\x0dv\x15v\x1dv)v4v\
@vKvWvcvov{v\x87v\x92v\
\x9dv\xa9v\xb5v\xc1v\xccv\xd7v\xe2v\xedv\
\xf9w\x04w\x10w\x1cw'w3w>wIw\
Tw_wkwww\x82w\x8ew\x99w\xa5w\
\xb1w\xbdw\xc8w\xd3w\xdfw\xebw\xf6x\x01x\
\x0cx\x17x]xhxsx~x\x89x\x94x\
\x9fx\xaax\xeax\xf5y\x00y\x0by\x17y#y\
/y:yEy\x85y\x90y\x9cy\xa8y\xb4y\
\xc0y\xccy\xd8y\xe4y\xf0y\xfbz\x06z\x11z\
\x1dz(z4z?zJzUz`zkz\
vz\x82z\x8dz\x98z\xa4z\xb0{\x09{\x15{\
 {+{7{B{M{Y{e{q{\
}{\x89{\x95{\xa1{\xac{\xb4{\xbc{\xc4{\
\xcc{\xd4{\xdc{\xe4{\xec{\xf4{\xfc|\x04|\
\x0c|\x14|\x1c|(|4|?|J|U|\
`|k|s|{|\x83|\x8b|\x93|\x9e|\
\xa9|\xb4|\xbf|\xca|\xd6|\xe2}Z}b}\
n}v}~}\x8a}\x96}\x9e}\xa6}\xae}\
\xb6}\xc2}\xca}\xd2}\xda}\xe2}\xea}\xf2}\
\xfa~\x02~\x0a~\x12~\x1a~%~-~5~\
\x83~\x8b~\x93~\x9e~\xa9~\xb1~\xb9~\xc4~\
\xcc~\xd7~\xe2~\xef~\xfa\x7f\x02\x7f\x0e\x7f\x1a\x7f\
%\x7f0\x7f<\x7fH\x7fT\x7f_\x7fk\x7fs\x7f\
{\x7f\x87\x7f\x93\x7f\x9e\x7f\xa9\x7f\xb4\x7f\xbf\x7f\xc7\x7f\
\xcf\x7f\xd7\x7f\xe3\x7f\xee\x7f\xf6\x80\x02\x80\x0d\x80\x19\x80\
$\x80,\x804\x80@\x80K\x80W\x80_\x80j\x80\
v\x80\x81\x80\x8d\x80\x98\x80\xa4\x80\xaf\x80\xbb\x80\xc6\x80\
\xd2\x80\xdd\x80\xe5\x80\xed\x80\xf9\x81\x04\x81\x10\x81\x1b\x81\
'\x812\x81>\x81I\x81U\x81a\x81m\x81x\x81\
\x84\x81\x8f\x81\x9b\x81\xa7\x81\xaf\x81\xbb\x81\xc7\x81\xd3\x81\
\xdf\x81\xeb\x81\xf7\x82\x03\x82\x0e\x82\x1a\x82%\x821\x82\
<\x82H\x82S\x82c\x82s\x82\x7f\x82\x8a\x82\x96\x82\
\xa1\x82\xad\x82\xb8\x82\xc4\x82\xcf\x82\xdf\x82\xee\x82\xfa\x83\
\x06\x83\x12\x83\x1e\x83*\x836\x83B\x83M\x83Y\x83\
d\x83p\x83{\x83\x87\x83\x92\x83\xa2\x83\xb1\x83\xbd\x83\
\xc9\x83\xd5\x83\xe1\x83\xed\x83\xf9\x84\x05\x84\x11\x84\x1d\x84\
(\x844\x84?\x84K\x84V\x84b\x84m\x84}\x84\
\x8c\x84\x98\x84\xa3\x84\xaf\x84\xba\x84\xc6\x84\xd2\x84\xde\x84\
\xea\x84\xf6\x85\x02\x85\x0e\x85\x1a\x85&\x852\x85>\x85\
I\x85U\x85`\x85l\x85x\x85\x84\x85\x90\x85\x9c\x85\
\xa8\x85\xb4\x85\xc0\x85\xcc\x85\xd8\x85\xe4\x85\xf0\x85\xff\x86\
\x0b\x86\x17\x86#\x86/\x86;\x86G\x86S\x86_\x86\
k\x86w\x86\x83\x86\x8f\x86\x9b\x86\xa7\x86\xb3\x86\xbf\x86\
\xcb\x86\xd7\x86\xdf\x87\x1c\x87Y\x87\x96\x87\xb0\x87\xca\x87\
\xf0\x88\x14\x88$\x883\x88?\x88K\x88W\x88c\x88\
o\x88{\x88\x9f\x88\xc1\x88\xe8\x89\x0f\x89\x17\x89$\x00\
\x02\x00\x00\x00\x00\x00\x00\xffj\x00d\x00\x00\x00\x00\x00\
\x00\x00\x00\x00\x00\x00\x00\x00\x00\x00\x00\x00\x00\x00\x00\x03\
\xe7\x00\x00\x00\x03\x00$\x00%\x00&\x00'\x00(\x00\
)\x00*\x00+\x00,\x00-\x00.\x00/\x000\x00\
1\x002\x003\x004\x005\x006\x007\x008\x00\
9\x00:\x00;\x00<\x00=\x00D\x00E\x00F\x00\
G\x00H\x00I\x00J\x00K\x00L\x00M\x00N\x00\
O\x00P\x00Q\x00R\x00S\x00T\x00U\x00V\x00\
W\x00X\x00Y\x00Z\x00[\x00\x5c\x00]\x00\x13\x00\
\x14\x00\x15\x00\x16\x00\x17\x00\x18\x00\x19\x00\x1a\x00\x1b\x00\
\x1c\x00\xf1\x00\xf2\x00\xf3\x00\x9d\x00\x9e\x00\xf4\x00\xf5\x00\
\xf6\x00\x90\x00\xa0\x00\xb0\x00\xb1\x00\xea\x00\xed\x00\xee\x01\
\x02\x00\x89\x01\x03\x00\x07\x00\x84\x00\x85\x00\x96\x00\xa6\x00\
\xf7\x01\x04\x01\x05\x00\xbd\x00\x04\x00\xa3\x00\x22\x00\xa2\x00\
\x0f\x00\x11\x00\x1d\x00\x1e\x00\xab\x00\xc3\x00\x87\x00B\x00\
\x10\x00\xb2\x00\xb3\x00\x0a\x00\x05\x00\xb6\x00\xb7\x00\xc4\x00\
\xb4\x00\xb5\x00\xc5\x01\x06\x01\x07\x00\x0b\x00\x0c\x00>\x00\
@\x00^\x00`\x00\xbe\x00\xbf\x00\x0e\x00\xef\x00\x93\x00\
\xf0\x00\xb8\x00 \x00\x8f\x00\xa7\x00\x1f\x00!\x00\x94\x00\
\x95\x00\xa4\x00\x12\x00?\x00\xbc\x00\x08\x00\xc6\x00_\x00\
\xe8\x00\x82\x00\xc2\x00\x8b\x00\x8a\x00\x8c\x00\x83\x00\x0d\x00\
\x06\x00\x09\x00#\x00\x86\x00\x88\x00A\x00a\x00\xc9\x01\
\x08\x00\xc7\x00b\x00\xad\x01\x09\x01\x0a\x00c\x01\x0b\x00\
\xae\x01\x0c\x00\xfd\x00\xff\x00d\x01\x0d\x01\x0e\x01\x0f\x00\
e\x01\x10\x01\x11\x00\xc8\x00\xca\x01\x12\x00\xcb\x01\x13\x01\
\x14\x01\x15\x00\xe9\x00\xf8\x01\x16\x01\x17\x01\x18\x01\x19\x00\
\xcc\x01\x1a\x00\xcd\x00\xce\x00\xfa\x00\xcf\x01\x1b\x01\x1c\x01\
\x1d\x01\x1e\x01\x1f\x01 \x01!\x01\x22\x01#\x00\xe2\x01\
$\x01%\x01&\x00f\x00\xd0\x01'\x00\xd1\x00g\x00\
\xd3\x01(\x01)\x01*\x00\x91\x01+\x00\xaf\x01,\x01\
-\x01.\x01/\x00\xe4\x00\xfb\x010\x011\x012\x00\
\xd4\x013\x00\xd5\x00h\x00\xd6\x014\x015\x016\x01\
7\x018\x019\x01:\x01;\x01<\x01=\x00\xeb\x01\
>\x00\xbb\x01?\x01@\x00\xe6\x01A\x00i\x01B\x00\
k\x00l\x00j\x01C\x01D\x00n\x01E\x00m\x01\
F\x00\xfe\x01\x00\x00o\x01G\x01H\x01\x01\x00p\x01\
I\x01J\x00r\x00s\x01K\x00q\x01L\x01M\x01\
N\x00\xf9\x01O\x01P\x01Q\x01R\x00t\x01S\x00\
v\x00w\x00u\x01T\x01U\x01V\x01W\x01X\x01\
Y\x01Z\x01[\x01\x5c\x00\xe3\x01]\x01^\x01_\x00\
x\x00y\x01`\x00{\x00|\x00z\x01a\x01b\x01\
c\x00\xa1\x01d\x00}\x01e\x01f\x01g\x01h\x00\
\xe5\x00\xfc\x01i\x01j\x01k\x00~\x01l\x00\x80\x00\
\x81\x00\x7f\x01m\x01n\x01o\x01p\x01q\x01r\x01\
s\x01t\x01u\x01v\x00\xec\x01w\x00\xba\x01x\x01\
y\x00\xe7\x01z\x00C\x00\x8d\x00\xd8\x00\xd9\x00\xda\x00\
\xdb\x00\xdc\x00\x8e\x00\xdd\x00\xdf\x00\xe1\x01{\x00\xde\x00\
\xe0\x01|\x00\x02\x00\xa9\x00\x97\x00\xaa\x00\xd7\x01}\x01\
~\x01\x7f\x01\x80\x01\x81\x01\x82\x01\x83\x01\x84\x01\x85\x01\
\x86\x01\x87\x01\x88\x01\x89\x01\x8a\x00\xa8\x01\x8b\x01\x8c\x01\
\x8d\x01\x8e\x01\x8f\x01\x90\x01\x91\x00\x9f\x01\x92\x01\x93\x01\
\x94\x01\x95\x01\x96\x01\x97\x01\x98\x01\x99\x01\x9a\x01\x9b\x01\
\x9c\x00\x9b\x01\x9d\x01\x9e\x01\x9f\x01\xa0\x01\xa1\x01\xa2\x01\
\xa3\x01\xa4\x01\xa5\x01\xa6\x01\xa7\x01\xa8\x01\xa9\x01\xaa\x01\
\xab\x01\xac\x01\xad\x01\xae\x01\xaf\x01\xb0\x01\xb1\x01\xb2\x01\
\xb3\x01\xb4\x01\xb5\x01\xb6\x01\xb7\x01\xb8\x01\xb9\x01\xba\x01\
\xbb\x01\xbc\x01\xbd\x01\xbe\x01\xbf\x01\xc0\x01\xc1\x01\xc2\x01\
\xc3\x01\xc4\x01\xc5\x01\xc6\x01\xc7\x01\xc8\x01\xc9\x01\xca\x01\
\xcb\x01\xcc\x01\xcd\x01\xce\x01\xcf\x01\xd0\x01\xd1\x01\xd2\x01\
\xd3\x01\xd4\x01\xd5\x01\xd6\x01\xd7\x01\xd8\x01\xd9\x01\xda\x01\
\xdb\x01\xdc\x01\xdd\x01\xde\x01\xdf\x01\xe0\x01\xe1\x01\xe2\x01\
\xe3\x01\xe4\x01\xe5\x01\xe6\x01\xe7\x01\xe8\x01\xe9\x01\xea\x01\
\xeb\x01\xec\x01\xed\x01\xee\x01\xef\x01\xf0\x01\xf1\x01\xf2\x01\
\xf3\x01\xf4\x01\xf5\x01\xf6\x01\xf7\x01\xf8\x01\xf9\x01\xfa\x01\
\xfb\x01\xfc\x01\xfd\x01\xfe\x01\xff\x02\x00\x02\x01\x02\x02\x02\
\x03\x02\x04\x02\x05\x02\x06\x02\x07\x02\x08\x02\x09\x02\x0a\x02\
\x0b\x02\x0c\x02\x0d\x02\x0e\x02\x0f\x02\x10\x02\x11\x02\x12\x02\
\x13\x02\x14\x02\x15\x02\x16\x02\x17\x02\x18\x02\x19\x02\x1a\x02\
\x1b\x02\x1c\x02\x1d\x02\x1e\x02\x1f\x02 \x02!\x02\x22\x02\
#\x02$\x02%\x02&\x02'\x02(\x02)\x02*\x02\
+\x02,\x02-\x02.\x02/\x020\x021\x022\x02\
3\x024\x025\x026\x027\x028\x029\x02:\x02\
;\x02<\x02=\x02>\x02?\x02@\x02A\x02B\x02\
C\x02D\x02E\x02F\x02G\x02H\x02I\x02J\x00\
\x98\x00\x9a\x00\x99\x00\xa5\x00\x92\x00\x9c\x00\xb9\x02K\x02\
L\x02M\x02N\x02O\x02P\x02Q\x02R\x02S\x02\
T\x02U\x02V\x02W\x02X\x02Y\x02Z\x02[\x02\
\x5c\x02]\x02^\x02_\x02`\x02a\x02b\x02c\x02\
d\x02e\x02f\x02g\x02h\x02i\x02j\x02k\x02\
l\x02m\x02n\x02o\x02p\x02q\x02r\x02s\x02\
t\x02u\x02v\x02w\x00\xac\x02x\x02y\x02z\x02\
{\x02|\x02}\x02~\x02\x7f\x02\x80\x02\x81\x02\x82\x02\
\x83\x02\x84\x02\x85\x02\x86\x02\x87\x02\x88\x02\x89\x02\x8a\x02\
\x8b\x02\x8c\x02\x8d\x02\x8e\x02\x8f\x02\x90\x02\x91\x02\x92\x02\
\x93\x02\x94\x02\x95\x02\x96\x02\x97\x02\x98\x02\x99\x02\x9a\x02\
\x9b\x02\x9c\x02\x9d\x02\x9e\x02\x9f\x02\xa0\x02\xa1\x02\xa2\x02\
\xa3\x02\xa4\x02\xa5\x02\xa6\x02\xa7\x02\xa8\x02\xa9\x02\xaa\x02\
\xab\x02\xac\x02\xad\x02\xae\x02\xaf\x02\xb0\x02\xb1\x02\xb2\x02\
\xb3\x02\xb4\x02\xb5\x02\xb6\x02\xb7\x02\xb8\x02\xb9\x02\xba\x02\
\xbb\x02\xbc\x02\xbd\x02\xbe\x02\xbf\x02\xc0\x02\xc1\x02\xc2\x02\
\xc3\x02\xc4\x02\xc5\x02\xc6\x02\xc7\x02\xc8\x02\xc9\x02\xca\x02\
\xcb\x02\xcc\x02\xcd\x02\xce\x02\xcf\x02\xd0\x02\xd1\x02\xd2\x02\
\xd3\x02\xd4\x02\xd5\x02\xd6\x02\xd7\x02\xd8\x02\xd9\x02\xda\x02\
\xdb\x02\xdc\x02\xdd\x02\xde\x02\xdf\x02\xe0\x02\xe1\x02\xe2\x02\
\xe3\x02\xe4\x02\xe5\x02\xe6\x02\xe7\x02\xe8\x02\xe9\x02\xea\x02\
\xeb\x02\xec\x02\xed\x02\xee\x02\xef\x02\xf0\x02\xf1\x02\xf2\x02\
\xf3\x02\xf4\x02\xf5\x02\xf6\x02\xf7\x02\xf8\x02\xf9\x02\xfa\x02\
\xfb\x02\xfc\x02\xfd\x02\xfe\x02\xff\x03\x00\x03\x01\x03\x02\x03\
\x03\x03\x04\x03\x05\x03\x06\x03\x07\x03\x08\x03\x09\x03\x0a\x03\
\x0b\x03\x0c\x03\x0d\x03\x0e\x03\x0f\x03\x10\x03\x11\x03\x12\x03\
\x13\x03\x14\x03\x15\x03\x16\x03\x17\x03\x18\x03\x19\x03\x1a\x03\
\x1b\x03\x1c\x03\x1d\x03\x1e\x03\x1f\x03 \x03!\x03\x22\x03\
#\x03$\x03%\x03&\x03'\x03(\x03)\x03*\x03\
+\x03,\x03-\x03.\x03/\x030\x031\x032\x03\
3\x034\x035\x036\x037\x038\x039\x03:\x03\
;\x03<\x03=\x03>\x03?\x03@\x03A\x03B\x03\
C\x03D\x03E\x03F\x03G\x03H\x03I\x03J\x03\
K\x03L\x03M\x03N\x03O\x03P\x03Q\x03R\x03\
S\x03T\x03U\x03V\x03W\x03X\x03Y\x03Z\x03\
[\x03\x5c\x03]\x03^\x03_\x03`\x03a\x03b\x03\
c\x03d\x03e\x03f\x03g\x03h\x03i\x03j\x03\
k\x03l\x03m\x03n\x03o\x03p\x03q\x03r\x03\
s\x03t\x03u\x03v\x03w\x03x\x03y\x03z\x03\
{\x03|\x03}\x03~\x03\x7f\x03\x80\x03\x81\x03\x82\x03\
\x83\x03\x84\x03\x85\x03\x86\x03\x87\x03\x88\x03\x89\x03\x8a\x03\
\x8b\x03\x8c\x03\x8d\x03\x8e\x03\x8f\x03\x90\x03\x91\x03\x92\x03\
\x93\x03\x94\x03\x95\x03\x96\x03\x97\x03\x98\x03\x99\x03\x9a\x03\
\x9b\x03\x9c\x03\x9d\x03\x9e\x03\x9f\x03\xa0\x03\xa1\x03\xa2\x03\
\xa3\x03\xa4\x03\xa5\x03\xa6\x03\xa7\x03\xa8\x03\xa9\x03\xaa\x03\
\xab\x03\xac\x03\xad\x03\xae\x03\xaf\x03\xb0\x03\xb1\x03\xb2\x03\
\xb3\x03\xb4\x03\xb5\x03\xb6\x03\xb7\x03\xb8\x03\xb9\x03\xba\x03\
\xbb\x03\xbc\x03\xbd\x03\xbe\x03\xbf\x03\xc0\x03\xc1\x03\xc2\x03\
\xc3\x03\xc4\x03\xc5\x03\xc6\x03\xc7\x03\xc8\x03\xc9\x03\xca\x03\
\xcb\x03\xcc\x03\xcd\x03\xce\x03\xcf\x03\xd0\x03\xd1\x03\xd2\x03\
\xd3\x03\xd4\x03\xd5\x03\xd6\x03\xd7\x03\xd8\x03\xd9\x03\xda\x03\
\xdb\x03\xdc\x03\xdd\x03\xde\x03\xdf\x03\xe0\x03\xe1\x03\xe2\x03\
\xe3\x03\xe4\x03\xe5\x03\xe6\x03\xe7\x03\xe8\x03\xe9\x03\xea\x0c\
kgreenlandic\x05sch\
wa\x04lira\x06peseta\x06m\
inute\x06second\x06Abr\
eve\x07Amacron\x07Aogo\
nek\x0aAringacute\x07A\
Eacute\x0bCcircumfl\
ex\x06Dcaron\x06Dcroat\
\x06Ebreve\x06Ecaron\x0aE\
dotaccent\x07Emacro\
n\x03Eng\x07Eogonek\x0bGc\
ircumflex\x0cGcomma\
accent\x04Hbar\x0bHcir\
cumflex\x06Ibreve\x07I\
macron\x07Iogonek\x06I\
tilde\x0bJcircumfle\
x\x0cKcommaaccent\x06L\
acute\x06Lcaron\x0cLco\
mmaaccent\x04Ldot\x06N\
acute\x06Ncaron\x0cNco\
mmaaccent\x06Obreve\
\x05Ohorn\x0dOhungarum\
laut\x07Omacron\x0bOsl\
ashacute\x06Racute\x06\
Rcaron\x0cRcommaacc\
ent\x06Sacute\x0bScirc\
umflex\x04Tbar\x06Tcar\
on\x06Ubreve\x05Uhorn\x0d\
Uhungarumlaut\x07Um\
acron\x07Uogonek\x05Ur\
ing\x06Utilde\x06Wacut\
e\x0bWcircumflex\x09Wd\
ieresis\x06Wgrave\x0bY\
circumflex\x06Ygrav\
e\x06Zacute\x0aZdotacc\
ent\x06abreve\x07amacr\
on\x07aogonek\x0aaring\
acute\x07aeacute\x0bcc\
ircumflex\x06dcaron\
\x06ebreve\x06ecaron\x0ae\
dotaccent\x07emacro\
n\x03eng\x07eogonek\x0bgc\
ircumflex\x0cgcomma\
accent\x04hbar\x0bhcir\
cumflex\x06ibreve\x07i\
macron\x07iogonek\x06i\
tilde\x0bjcircumfle\
x\x0ckcommaaccent\x06l\
acute\x06lcaron\x0clco\
mmaaccent\x04ldot\x06n\
acute\x06ncaron\x0cnco\
mmaaccent\x06obreve\
\x05ohorn\x0dohungarum\
laut\x07omacron\x0bosl\
ashacute\x06racute\x06\
rcaron\x0crcommaacc\
ent\x06sacute\x0bscirc\
umflex\x04tbar\x06tcar\
on\x06ubreve\x05uhorn\x0d\
uhungarumlaut\x07um\
acron\x07uogonek\x05ur\
ing\x06utilde\x06wacut\
e\x0bwcircumflex\x09wd\
ieresis\x06wgrave\x0by\
circumflex\x06ygrav\
e\x06zacute\x0azdotacc\
ent\x08dotbelow\x0bcom\
maaccent\x02IJ\x02ij\x05l\
ongs\x07uni0237\x07uni\
02F3\x09gravecomb\x09a\
cutecomb\x09tildeco\
mb\x04hook\x07uni030F\x05\
tonos\x0ddieresisto\
nos\x09anoteleia\x05Ga\
mma\x05Theta\x06Lambda\
\x02Xi\x02Pi\x05Sigma\x03Phi\
\x03Psi\x05alpha\x04beta\x05\
gamma\x05delta\x07epsi\
lon\x04zeta\x03eta\x05the\
ta\x04iota\x06lambda\x02x\
i\x03rho\x06sigma1\x05sig\
ma\x03tau\x07upsilon\x03p\
hi\x03psi\x05omega\x07uni\
03D1\x07uni03D2\x07uni\
03D6\x07uni0402\x07uni\
0404\x07uni0409\x07uni\
040A\x07uni040B\x07uni\
040F\x07uni0411\x07uni\
0414\x07uni0416\x07uni\
0417\x07uni0418\x07uni\
041B\x07uni0423\x07uni\
0426\x07uni0427\x07uni\
0428\x07uni0429\x07uni\
042A\x07uni042B\x07uni\
042C\x07uni042D\x07uni\
042E\x07uni042F\x07uni\
0431\x07uni0432\x07uni\
0433\x07uni0434\x07uni\
0436\x07uni0437\x07uni\
0438\x07uni043A\x07uni\
043B\x07uni043C\x07uni\
043D\x07uni043F\x07uni\
0442\x07uni0444\x07uni\
0446\x07uni0447\x07uni\
0448\x07uni0449\x07uni\
044A\x07uni044B\x07uni\
044C\x07uni044D\x07uni\
044E\x07uni044F\x07uni\
0452\x07uni0454\x07uni\
0459\x07uni045A\x07uni\
045B\x07uni045F\x07uni\
0460\x07uni0461\x07uni\
0463\x07uni0464\x07uni\
0465\x07uni0466\x07uni\
0467\x07uni0468\x07uni\
0469\x07uni046A\x07uni\
046B\x07uni046C\x07uni\
046D\x07uni046E\x07uni\
046F\x07uni0472\x07uni\
0473\x07uni0474\x07uni\
0475\x07uni0478\x07uni\
0479\x07uni047A\x07uni\
047B\x07uni047C\x07uni\
047D\x07uni047E\x07uni\
047F\x07uni0480\x07uni\
0481\x07uni0482\x07uni\
0483\x07uni0484\x07uni\
0485\x07uni0486\x07uni\
0488\x07uni0489\x07uni\
048E\x07uni048F\x07uni\
0490\x07uni0491\x07uni\
0494\x07uni0495\x07uni\
049C\x07uni049D\x07uni\
04A0\x07uni04A1\x07uni\
04A4\x07uni04A5\x07uni\
04A6\x07uni04A7\x07uni\
04A8\x07uni04A9\x07uni\
04B4\x07uni04B5\x07uni\
04B8\x07uni04B9\x07uni\
04BA\x07uni04BC\x07uni\
04BD\x07uni04C3\x07uni\
04C4\x07uni04C7\x07uni\
04C8\x07uni04D8\x07uni\
04E0\x07uni04E1\x07uni\
04FA\x07uni04FB\x07uni\
0500\x07uni0502\x07uni\
0503\x07uni0504\x07uni\
0505\x07uni0506\x07uni\
0507\x07uni0508\x07uni\
0509\x07uni050A\x07uni\
050B\x07uni050C\x07uni\
050D\x07uni050E\x07uni\
050F\x07uni0510\x07uni\
2000\x07uni2001\x07uni\
2002\x07uni2003\x07uni\
2004\x07uni2005\x07uni\
2006\x07uni2007\x07uni\
2008\x07uni2009\x07uni\
200A\x07uni200B\x0dund\
erscoredbl\x0dquote\
reversed\x07uni2025\
\x07uni2074\x09nsuperi\
or\x04Euro\x07uni2105\x07\
uni2113\x07uni2116\x09\
estimated\x09oneeig\
hth\x0cthreeeighths\
\x0bfiveeighths\x0csev\
eneighths\x07uniFEF\
F\x07uniFFFC\x07uniFFF\
D\x13circumflextild\
ecomb\x12circumflex\
hookcomb\x13circumf\
lexgravecomb\x13cir\
cumflexacutecomb\
\x0ebrevegravecomb\x11\
commaaccentrotat\
e\x06A.smcp\x06B.smcp\x06\
C.smcp\x06D.smcp\x06E.\
smcp\x06F.smcp\x06G.sm\
cp\x06H.smcp\x06I.smcp\
\x06J.smcp\x06K.smcp\x06L\
.smcp\x06M.smcp\x06N.s\
mcp\x06O.smcp\x06Q.smc\
p\x06R.smcp\x06S.smcp\x06\
T.smcp\x06U.smcp\x06V.\
smcp\x06W.smcp\x06X.sm\
cp\x06Y.smcp\x06Z.smcp\
\x0dbrevehookcomb\x0eb\
reveacutecomb\x08cr\
ossbar\x09ringacute\
\x09dasiaoxia\x0ebreve\
tildecomb\x0bcyrill\
ictic\x0ccyrillicho\
ok\x06P.smcp\x05K.alt\x0f\
Germandbls.smcp\x07\
uni00AD\x07uni010A\x07\
uni010B\x07uni0120\x07\
uni0121\x0bnapostro\
phe\x07uni0218\x07uni0\
219\x07uni021A\x07uni0\
21B\x07uni0162\x0cuni0\
162.smcp\x07uni0163\
\x0bDcroat.smcp\x08Eth\
.smcp\x09Tbar.smcp\x0b\
Agrave.smcp\x0bAacu\
te.smcp\x10Acircumf\
lex.smcp\x0bAtilde.\
smcp\x0eAdieresis.s\
mcp\x0aAring.smcp\x0fA\
ringacute.smcp\x0dC\
cedilla.smcp\x0bEgr\
ave.smcp\x0bEacute.\
smcp\x10Ecircumflex\
.smcp\x0eEdieresis.\
smcp\x0bIgrave.smcp\
\x0bIacute.smcp\x10Ici\
rcumflex.smcp\x0eId\
ieresis.smcp\x0bNti\
lde.smcp\x0bOgrave.\
smcp\x0bOacute.smcp\
\x10Ocircumflex.smc\
p\x0bOtilde.smcp\x0eOd\
ieresis.smcp\x0bUgr\
ave.smcp\x0bUacute.\
smcp\x10Ucircumflex\
.smcp\x0eUdieresis.\
smcp\x0bYacute.smcp\
\x0cAmacron.smcp\x0bAb\
reve.smcp\x0cAogone\
k.smcp\x0bCacute.sm\
cp\x10Ccircumflex.s\
mcp\x0bCcaron.smcp\x0b\
Dcaron.smcp\x0cEmac\
ron.smcp\x0bEbreve.\
smcp\x0fEdotaccent.\
smcp\x0cEogonek.smc\
p\x0bEcaron.smcp\x10Gc\
ircumflex.smcp\x0bG\
breve.smcp\x11Gcomm\
aaccent.smcp\x10Hci\
rcumflex.smcp\x0bIt\
ilde.smcp\x0cImacro\
n.smcp\x0bIbreve.sm\
cp\x0cIogonek.smcp\x0f\
Idotaccent.smcp\x10\
Jcircumflex.smcp\
\x11Kcommaaccent.sm\
cp\x0bLacute.smcp\x11L\
commaaccent.smcp\
\x0bLcaron.smcp\x09Ldo\
t.smcp\x0bNacute.sm\
cp\x11Ncommaaccent.\
smcp\x0bNcaron.smcp\
\x0cOmacron.smcp\x0bOb\
reve.smcp\x12Ohunga\
rumlaut.smcp\x0bRac\
ute.smcp\x11Rcommaa\
ccent.smcp\x0bRcaro\
n.smcp\x0bSacute.sm\
cp\x10Scircumflex.s\
mcp\x0dScedilla.smc\
p\x0bScaron.smcp\x0bTc\
aron.smcp\x0bUtilde\
.smcp\x0cUmacron.sm\
cp\x0bUbreve.smcp\x0aU\
ring.smcp\x12Uhunga\
rumlaut.smcp\x0cUog\
onek.smcp\x10Wcircu\
mflex.smcp\x10Ycirc\
umflex.smcp\x0eYdie\
resis.smcp\x0bZacut\
e.smcp\x0fZdotaccen\
t.smcp\x0bZcaron.sm\
cp\x0aAlphatonos\x0cEp\
silontonos\x08Etato\
nos\x09Iotatonos\x0cOm\
icrontonos\x0cUpsil\
ontonos\x0aOmegaton\
os\x11iotadieresist\
onos\x05Alpha\x04Beta\x07\
Epsilon\x04Zeta\x03Eta\
\x04Iota\x05Kappa\x02Mu\x02N\
u\x07Omicron\x03Rho\x03Ta\
u\x07Upsilon\x03Chi\x0cIo\
tadieresis\x0fUpsil\
ondieresis\x0aalpha\
tonos\x0cepsilonton\
os\x08etatonos\x09iota\
tonos\x14upsilondie\
resistonos\x05kappa\
\x07omicron\x07uni03BC\
\x02nu\x03chi\x0ciotadier\
esis\x0fupsilondier\
esis\x0comicrontono\
s\x0cupsilontonos\x0ao\
megatonos\x07uni040\
1\x07uni0403\x07uni040\
5\x07uni0406\x07uni040\
7\x07uni0408\x07uni041\
A\x07uni040C\x07uni040\
E\x07uni0410\x07uni041\
2\x07uni0413\x07uni041\
5\x07uni0419\x07uni041\
C\x07uni041D\x07uni041\
E\x07uni041F\x07uni042\
0\x07uni0421\x07uni042\
2\x07uni0424\x07uni042\
5\x07uni0430\x07uni043\
5\x07uni0439\x07uni043\
E\x07uni0440\x07uni044\
1\x07uni0443\x07uni044\
5\x07uni0451\x07uni045\
3\x07uni0455\x07uni045\
6\x07uni0457\x07uni045\
8\x07uni045C\x07uni045\
E\x09exclamdbl\x07uni0\
1F0\x07uni02BC\x07uni1\
E3E\x07uni1E3F\x07uni1\
E00\x07uni1E01\x07uni1\
F4D\x07uni0400\x07uni0\
40D\x07uni0450\x07uni0\
45D\x07uni0470\x07uni0\
471\x07uni0476\x07uni0\
477\x07uni0498\x07uni0\
499\x07uni04AA\x07uni0\
4AB\x07uni04AE\x07uni0\
4AF\x07uni04C0\x07uni0\
4C1\x07uni04C2\x07uni0\
4CF\x07uni04D0\x07uni0\
4D1\x07uni04D2\x07uni0\
4D3\x07uni04D4\x07uni0\
4D5\x07uni04D6\x07uni0\
4D7\x07uni04DA\x07uni0\
4D9\x07uni04DB\x07uni0\
4DC\x07uni04DD\x07uni0\
4DE\x07uni04DF\x07uni0\
4E2\x07uni04E3\x07uni0\
4E4\x07uni04E5\x07uni0\
4E6\x07uni04E7\x07uni0\
4E8\x07uni04E9\x07uni0\
4EA\x07uni04EB\x07uni0\
4EC\x07uni04ED\x07uni0\
4EE\x07uni04EF\x07uni0\
4F0\x07uni04F1\x07uni0\
4F2\x07uni04F3\x07uni0\
4F4\x07uni04F5\x07uni0\
4F8\x07uni04F9\x07uni0\
4FC\x07uni04FD\x07uni0\
501\x07uni0512\x07uni0\
513\x07uni1EA0\x07uni1\
EA1\x07uni1EA2\x07uni1\
EA3\x07uni1EA4\x07uni1\
EA5\x07uni1EA6\x07uni1\
EA7\x07uni1EA8\x07uni1\
EA9\x07uni1EAA\x07uni1\
EAB\x07uni1EAC\x07uni1\
EAD\x07uni1EAE\x07uni1\
EAF\x07uni1EB0\x07uni1\
EB1\x07uni1EB2\x07uni1\
EB3\x07uni1EB4\x07uni1\
EB5\x07uni1EB6\x07uni1\
EB7\x07uni1EB8\x07uni1\
EB9\x07uni1EBA\x07uni1\
EBB\x07uni1EBC\x07uni1\
EBD\x07uni1EBE\x07uni1\
EBF\x07uni1EC0\x07uni1\
EC1\x07uni1EC2\x07uni1\
EC3\x07uni1EC4\x07uni1\
EC5\x07uni1EC6\x07uni1\
EC7\x07uni1EC8\x07uni1\
EC9\x07uni1ECA\x07uni1\
ECB\x07uni1ECC\x07uni1\
ECD\x07uni1ECE\x07uni1\
ECF\x07uni1ED0\x07uni1\
ED1\x07uni1ED2\x07uni1\
ED3\x07uni1ED4\x07uni1\
ED5\x07uni1ED6\x07uni1\
ED7\x07uni1ED8\x07uni1\
ED9\x07uni1EDA\x07uni1\
EDB\x07uni1EDC\x07uni1\
EDD\x07uni1EDE\x07uni1\
EDF\x07uni1EE0\x07uni1\
EE1\x07uni1EE2\x07uni1\
EE3\x07uni1EE4\x07uni1\
EE5\x07uni1EE6\x07uni1\
EE7\x07uni1EE8\x07uni1\
EE9\x07uni1EEA\x07uni1\
EEB\x07uni1EEC\x07uni1\
EED\x07uni1EEE\x07uni1\
EEF\x07uni1EF0\x07uni1\
EF1\x07uni1EF4\x07uni1\
EF5\x07uni1EF6\x07uni1\
EF7\x07uni1EF8\x07uni1\
EF9\x07uni20AB\x07uni0\
49A\x07uni049B\x07uni0\
4A2\x07uni04A3\x07uni0\
4AC\x07uni04AD\x07uni0\
4B2\x07uni04B3\x07uni0\
4B6\x07uni04B7\x07uni0\
4CB\x07uni04CC\x07uni0\
4F6\x07uni04F7\x07uni0\
496\x07uni0497\x07uni0\
4BE\x07uni04BF\x07uni0\
4BB\x07uni048D\x07uni0\
48C\x07uni0462\x07uni0\
492\x07uni0493\x07uni0\
49E\x07uni049F\x07uni0\
48A\x07uni048B\x07uni0\
4C9\x07uni04CA\x07uni0\
4CD\x07uni04CE\x07uni0\
4C5\x07uni04C6\x07uni0\
4B0\x07uni04B1\x07uni0\
4FE\x07uni04FF\x07uni0\
511\x07uni2015\x00\x02\x00Q\x00\
\x00\x04\x90\x05\xb0\x00\x07\x00\x0a\x00\x00A\x133\x01#\
\x013\x137\x13\x13\x03es\xb8\xfe2\x9b\xfe*\xb9\
u2\xc3\xc0\x01y\xfe\x87\x05\xb0\xfaP\x01y\xa1\x02\
x\xfd\x88\x00\x03\x00\xac\x00\x00\x04`\x05\xb0\x00\x1b\x00\
*\x009\x00\x00s!66766'4&'\
&&'56676676&'&&'\
!\x13!\x16\x16\x17\x16\x16\x07\x14\x06\x07\x06\x06\x07!\
\x11\x113\x16\x16\x17\x16\x16\x15\x14\x06\x07\x06\x06\x07\xac\
\x01\xd2]\xafCCP\x01'#!f75K\x1f\
\x1e#\x01\x01PCC\xacZ\xfeO\xba\x01';f\
&&+\x01/((h:\xfe\xe3\xfd6g('\
/0''d4\x01854\x9cfAp-)\
D\x0d\x03\x174&%^9f\x92//-\x01\xfc\
\xf9\x02$!\x22`>=`!!%\x01\x02\xa6\x01\
\xcf\x01\x1a\x1b\x1cV=9V\x1d\x1e\x1f\x01\x00\x01\x00\
k\xff\xec\x04]\x05\xc4\x00?\x00\x00A#\x06\x06\x07\
\x06\x06#\x22&'&&'&&55467\
6676632\x16\x17\x16\x16\x173&&'\
&&#\x22\x06\x07\x06\x06\x07\x06\x06\x07\x15\x16\x16\x17\
\x16\x16\x17\x16\x16326766\x04]\xb9\x09,\
%%kICd%%0\x0f\x0f\x0d\x0d\x0f\x0f1\
%$eBIk%%,\x09\xb9\x0cK>>\xac\
m[\x929:S\x1b\x1c\x1b\x01\x01\x1b\x1c\x1bS:\
9\x93Zi\xab?>N\x01\xb6Bq)*.+\
&%b87s6\xcd6s77b%%+\
1++rBh\xac>=C3--{HH\
\x9eQ\xcbQ\x9eHHz--3C=<\xa9\x00\
\x02\x00\x9b\x00\x00\x04p\x05\xb0\x00\x15\x00+\x00\x00s\
!6676676655&&'&&\
'&&'!\x173\x16\x16\x17\x16\x16\x17\x16\x16\x17\
\x15\x06\x06\x07\x06\x06\x07\x06\x06\x07#\x9b\x01Qi\xb5\
HDn$#%\x01'%)\x89Y@\x97U\xfe\
\xaf\xbc\x95Et/B[\x1b\x15\x15\x01\x01\x14\x14\x17\
O63\x83P\x95\x010-+zKH\xac`k\
d\xb0JW\x85)\x1e!\x01\x98\x01\x1d\x1a#qF\
6}DmC{5Ai$#&\x01\x00\x01\x00\
\xb6\x00\x00\x044\x05\xb0\x00\x0b\x00\x00A5!\x11!\
5!\x11!5!\x11\x03\xcf\xfd\xa0\x02\xbc\xfc\x8b\x03\
~\xfd;\x02\xa1\x9d\x01\xd4\x9e\xfaP\x9d\x02\x04\x00\x00\
\x01\x00\xbf\x00\x00\x04=\x05\xb0\x00\x09\x00\x00A5!\
\x11!5!\x113\x11\x03\xd8\xfd\xa2\x02\xc3\xfc\x82\xbb\
\x02\x83\x9d\x01\xf2\x9e\xfaP\x02\x83\x00\x00\x01\x00d\xff\
\xeb\x04\x5c\x05\xc4\x00C\x00\x00e\x03!\x15!\x03\x06\
\x06\x07\x06\x06'&&'&&'&&'54\
676676632\x16\x17\x16\x16\x173&\
&'&&#\x22\x06\x07\x06\x06\x07\x06\x06\x07\x15\x16\
\x16\x17\x16\x16\x17\x16\x16\x17\x166766\x04\x5c\x03\
\xfe(\x01(\x02\x17D''S&Bh'(8\
\x12\x12\x11\x01\x0e\x10\x102&&fBEh&%\
.\x0b\xb7\x09N@@\xacf\x5c\x94:;T\x1c\x1c\
\x1b\x01\x01\x1f\x1f\x1eZ<<\x97ZY\xa2F)L\
\xbf\x02\x16\x9c\xfe\xb9!)\x0c\x0c\x08\x01\x01-&&\
d88u7\xab6t88e&&-+&\
&k?f\xa5;:?6./\x7fJJ\xa1Q\
\xa9R\xa1IJ~./5\x01\x01)*\x18A\x00\
\x01\x00\x8d\x00\x00\x04?\x05\xb0\x00\x0b\x00\x00a\x11#\
\x11!\x11#\x113\x11!\x11\x04?\xaf\xfd\xab\xae\xae\
\x02U\x05\xb0\xfd\x8e\x02r\xfaP\x02\xa1\xfd_\x00\x00\
\x01\x00\xae\x00\x00\x04\x1e\x05\xb0\x00\x0b\x00\x00S\x15!\
\x11!\x15!5!\x11!5\xae\x01U\xfe\xab\x03p\
\xfe\xa3\x01]\x05\xb0\xa1\xfb\x91\xa0\xa0\x04o\xa1\x00\x00\
\x01\x00b\xff\xec\x04\x16\x05\xb0\x00\x1b\x00\x00A\x11\x06\
\x06\x07\x06\x06#\x22&'&&'#\x16\x16\x17\x16\
\x163267667\x11\x03Y\x02'$%h\
B@g%%+\x03\xbc\x09J>=\xa7fe\xab\
??I\x02\x05\xb0\xfc\x0b>o**1*'&\
h=e\xa39:>E>=\xaae\x03\xf5\x00\x00\
\x01\x00\xac\x00\x00\x04\xa4\x05\xb0\x00\x0c\x00\x00A\x013\
\x01\x01#\x01\x07\x11#\x113\x11\x02\x0b\x01\xb8\xe1\xfd\
\xe1\x01\xfd\xe1\xfeU\x8d\xbd\xbd\x02\xa4\xfd\x5c\x033\x02\
}\xfd\xe9\xb0\x02\xc7\xfaP\x01\xec\x00\x00\x01\x00\xc6\x00\
\x00\x04G\x05\xb0\x00\x05\x00\x00e\x11#\x11!5\x01\
\x7f\xb9\x03\x81\x9d\x05\x13\xfaP\x9d\x00\x00\x01\x00\x94\x00\
\x00\x04L\x05\xb0\x00\x0e\x00\x00A#\x113\x11\x03\x13\
3\x01\x03\x113\x11#\x01\x01y\xe5\xb4\x0f\xf7j\x01\
\x0d\x0f\xb4\xe6\xff\x00\x05\xb0\xfaP\x02E\x02K\xfd\x05\
\x03\x10\xfd\xa0\xfd\xbb\x05\xb0\xfd(\x00\x00\x01\x00\x8f\x00\
\x00\x04>\x05\xb0\x00\x09\x00\x00a\x11#\x03\x01#\x11\
3\x13\x01\x04>\xbb\x03\xfd\xcb\xbc\xbb\x03\x025\x05\xb0\
\xfb\xc2\x04>\xfaP\x04@\xfb\xc0\x00\x00\x02\x00j\xff\
\xec\x04a\x05\xc4\x00%\x00K\x00\x00A5&&'\
&&'&&#\x22\x06\x07\x06\x06\x07\x06\x06\x07\x15\
\x16\x16\x17\x16\x16\x17\x16\x1632676676\
6'\x15\x06\x06\x07\x06\x06\x07\x06\x06#\x22&'&\
&'&&'56676676632\
\x16\x17\x16\x16\x17\x16\x16\x04a\x01\x19\x1a\x1bQ88\
\x92ZZ\x9188Q\x1a\x1b\x19\x01\x01\x1a\x1b\x1aR\
88\x91ZZ\x9188Q\x1a\x1a\x19\xb6\x01\x0b\x0e\
\x0f/#$cAAb$$0\x0f\x0f\x0d\x01\x01\
\x0d\x0f\x0e0$$b@Ab$$0\x0f\x0e\x0c\
\x02\x84\xa6N\xa0JJ\x81007701\x81J\
J\x9fN\xa6N\x9eJJ\x81007700\x80\
JJ\x9f\xf6\xa84r78e&'..'&\
f87r3\xa83q87e'&.-&\
'e78q\x00\x02\x00\xbf\x00\x00\x04y\x05\xb0\x00\
\x10\x00\x1f\x00\x00A!6676654&'\
&&'!\x113\x11\x11!\x16\x16\x17\x16\x16\x15\x14\
\x06\x07\x06\x06\x07\x01x\x01\x1fb\xafBBMMB\
B\xafb\xfe(\xb9\x01\x1f@m('--((\
l@\x02H\x01:77\xa1ii\xa277:\x02\
\xfaP\x02\xe0\x028\x01(%%jBBg$$\
'\x01\x00\x00\x02\x00^\xff\x0a\x04\x8c\x05\xc4\x00(\x00\
N\x00\x00A5&&'&&'&&#\x22\x06\
\x07\x06\x06\x07\x06\x06\x07\x15\x16\x16\x17\x16\x16\x17\x16\x16\
3267\x057'66766'\x15\x06\x06\
\x07\x06\x06\x07\x06\x06#\x22&'&&'&&5\
54676676632\x16\x17\x16\x16\x17\
\x16\x16\x04n\x01\x1a\x1a\x1bS9:\x95]]\x959\
:R\x1b\x1b\x1a\x01\x01\x1a\x1b\x1bT:9\x94]$\
C\x1f\x01 \x7f\xfb:S\x1b\x1a\x1a\xb7\x01\x0b\x0e\x0f\
0%%gEDg%%1\x0f\x0f\x0d\x0d\x0f\x0f\
1%%fDEg%%1\x0f\x0e\x0b\x02\x97\x80\
P\xa5LL\x85119912\x85LL\xa4P\
\x80P\xa3LL\x85119\x09\x09\xf4y\xd11\x85\
LL\xa4\xd3\x827w::h'(//((\
h::w6\x826w:9h('/.'\
(h9:w\x00\x02\x00\xb5\x00\x00\x04r\x05\xb0\x00\
\x14\x00#\x00\x00A\x0137\x01667665\
4&'&&'!\x113\x115\x113\x16\x16\x17\
\x16\x16\x15\x14\x06\x07\x06\x06\x07\x02\x90\x01\x1e\xc3\x01\xfe\
\xcb<d$$)MCD\xb4f\xfeU\xb8\xf3C\
q)).0)*n>\x02R\xfd\xae\x0c\x02n\
\x1aJ00vGn\xa3666\x02\xfaP\x02R\
\x98\x02.\x01$#$iFBe##%\x01\x00\
\x01\x00v\xff\xec\x04i\x05\xc4\x00I\x00\x00A\x14\x06\
\x07\x06\x06#\x22&'&&'#\x16\x16\x17\x16\x16\
32676654&'&&'&&'\
&&'4676632\x16\x17\x16\x16\x173\
&&'&&#\x22\x06\x07\x06\x06\x15\x14\x16\x17\x16\
\x16\x17\x16\x16\x17\x16\x16\x03\xa84))i6Ds\
,,8\x09\xbd\x03MBJ\xc9hW\xaeEEW\
QBC\xa2Q1o/0>\x01/('e5\
Bi&&.\x08\xbe\x02RDD\xb0_V\xaaC\
CSSBA\x9fM5s00=\x01p<W\
\x1c\x1d\x1b%%$iD^\x999BF110\
\x92ba\x9437G\x19\x0f(\x1e\x1eW?:X\
\x1e\x1e\x1e)%%g?d\xa299?533\
\x94^^\x8b32G\x19\x11*\x1f \x5c\x00\x01\x00\
L\x00\x00\x04\x84\x05\xb0\x00\x07\x00\x00A5!\x15!\
\x113\x11\x04\x84\xfb\xc8\x01\xc2\xb4\x05\x12\x9e\x9e\xfa\xee\
\x05\x12\x00\x00\x01\x00\x8b\xff\xec\x04B\x05\xb0\x00\x1d\x00\
\x00A#\x03\x06\x06\x07\x06\x06#\x22&'&&'\
\x03#\x03\x16\x16\x17\x16\x163267665\x04\
@\xb3\x03\x02&$%lGGm$%'\x01\x04\
\xb0\x02\x01F>>\xaejh\xae??H\x05\xb0\xfc\
&Ax./78..xA\x03\xda\xfc&f\
\xb3BCLMCB\xb2f\x00\x01\x00G\x00\x00\x04\
\x7f\x05\xb0\x00\x08\x00\x00a3\x01#\x01\x07'\x01#\
\x02\x13\xa1\x01\xcb\xc5\xfe\xbe\x16\x15\xfe\xc0\xc6\x05\xb0\xfb\
\xc3IG\x04?\x00\x01\x00I\x00\x00\x04\x9e\x05\xb0\x00\
\x12\x00\x00s3\x137\x17\x133\x13#\x03\x07'\x03\
#\x03\x07'\x03#\xfa\xbe\xb2\x0b\x0a\xb1\xbd\xb1\xafi\
\x06\x0b\xb1\xa1\xb0\x0b\x06i\xb0\x04\x0b>=\xfb\xf4\x05\
\xb0\xfc\x16<;\x03\xeb\xfc\x16<:\x03\xec\x00\x01\x00\
W\x00\x00\x04\x8f\x05\xb0\x00\x0b\x00\x00A\x01#\x01\x01\
3\x01\x013\x01\x01#\x02q\xfe\xca\xd9\x01\xa7\xfeN\
\xdb\x01C\x01B\xd8\xfeO\x01\xa7\xda\x03u\x02;\xfd\
.\xfd\x22\x02F\xfd\xba\x02\xde\x02\xd2\x00\x01\x00=\x00\
\x00\x04y\x05\xb0\x00\x08\x00\x00A\x01#\x01\x133\x13\
\x01#\x02[\xfe\xb5\xd3\x01\xc5\x03\xac\x03\x01\xc5\xd2\x02\
\xd5\x02\xdb\xfco\xfd\xe1\x02\x1f\x03\x91\x00\x01\x00r\x00\
\x00\x047\x05\xb0\x00\x09\x00\x00e\x01'!\x15!\x01\
\x17!5\x01E\x02\xd7\x02\xfce\x02\xc8\xfd+\x02\x03\
\xc3\x9d\x04\x86\x8d\x9e\xfb~\x90\x9d\x00\x00\x02\x00\x9c\xff\
\xec\x046\x04N\x005\x00I\x00\x00a35&&\
5\x114&'&&#\x22\x06\x07\x06\x06\x0734\
676632\x16\x17\x16\x16\x15\x15#\x22\x06\x07\
\x06\x06\x15\x14\x16\x17\x16\x163267667\x16\
\x16%\x22&'&&54676633\x15\
\x06\x06\x07\x06\x06\x03u\xc1\x12\x14B9:\x9e\x5ce\
\x9f78;\x01\xba!\x1e\x1eW7;_!!$\
\xcaq\xb7AAG510\x8bV5^*)E\
\x1c\x03\x0d\xfe\xc46R\x1b\x1b\x1b\x1f\x1e*\x8f`\xac\
\x108&'^\x10-y6\x01\xf7[\x88.--\
8-.r;\x22?\x17\x17\x1c\x1e\x1b\x1cN1U\
,,-\x86YDu*+2\x16\x13\x132\x1c\x22\
?x\x1c\x19\x18D(*B\x18\x22!\xdb ;\x17\
\x17\x1c\x00\x00\x02\x00\xaf\xff\xec\x04C\x06\x00\x00#\x00\
C\x00\x00A54&'&&'&&#\x22\x06\
\x07\x06\x06\x07\x11#\x1137\x16\x16\x17\x16\x1632\
6766766'\x15\x14\x06\x07\x06\x06\x07\x06\
\x06#\x22&'&&'\x116676632\
\x16\x17\x16\x16\x17\x16\x16\x04C\x1c\x1b\x1aD+0v\
F8`( 8\x17\xb9\xaa\x09\x12(\x16.sF\
=i,=W\x1b\x14\x15\xb9\x0c\x0d\x106(\x1eL\
.0P  1\x12\x111 \x1fP0,H\x1d\
*:\x12\x0d\x0d\x02\x11\x15U\x99?8[ \x22&\
\x16\x15\x11/\x1d\x02:\xfa\x00{\x17&\x10 \x22\x1e\
\x1b'wK9\x83\x5c\x150\x5c(5V\x1c\x16\x17\
\x19\x17\x17=$\x01\xd9$=\x17\x16\x19\x14\x12\x19X\
5+a\x00\x01\x00\x8f\xff\xec\x043\x04N\x003\x00\
\x00e\x22&'&&554676632\
\x16\x17\x16\x16\x1734&'&&#\x22\x06\x07\x06\
\x06\x15\x15\x14\x16\x17\x16\x163267667#\
\x06\x06\x07\x06\x06\x02{Wu#$\x1f\x1f$$u\
V8a##)\x01\xafB:;\xa1`{\xb8=\
>>>>=\xb8{V\x9e==I\x01\xaf\x01-\
%%_\x82E87\x8bG*F\x8a87E&\
!!W1R\x9054=XJK\xc4k*l\
\xc3JKX;21\x83H-M\x1c\x1d \x00\x00\
\x02\x00\x8b\xff\xec\x04\x1c\x06\x00\x00\x17\x00+\x00\x00S\
\x15\x14\x16\x17\x16\x163267\x173\x11#\x11&\
&#\x22\x06\x07\x06\x06\x1754676632\
\x16\x17\x11\x06\x06#\x22&'&&\x8b>88\x9f\
bd\x966\x08\xaa\xb95\x91ac\xa089=\xb9\
\x22$#oN[z$$z]Mn#$\x22\
\x02&\x15t\xc9JJTDBr\x06\x00\xfd\xcf>\
ARII\xcb\x8e\x15O\x8f76@UB\xfe\x0a\
GT?66\x8e\x00\x00\x02\x00\x87\xff\xec\x04E\x04\
N\x00\x22\x000\x00\x00E267'\x06\x06#\x22\
&'&&'5!54&'&&#\x22\x06\
\x07\x06\x06\x15\x15\x14\x16\x17\x16\x16\x132\x16\x17\x16\x16\
\x15\x15!66766\x02\x8c\x9e\xd76q3\x9a\
cK|,+1\x07\x03\x059::\xafu]\xb1\
EFTLDD\xbfZGg\x22\x22&\xfd\xba\x0b\
7((d\x14\x7fRXBP81.xO\x07\
Sq\xc2HGQLGH\xcf\x83*q\xc0FF\
N\x03\xca4**s2\x09Ks(')\x00\x00\
\x01\x00\x98\x00\x00\x04k\x06+\x00 \x00\x00a3\x11\
!5!54676632\x16\x177&&\
'&&#\x22\x06\x07\x06\x06\x15\x15!\x15!\x01\xc2\
\xba\x01\xa1\xfe_#\x22 a?>m)\x16\x1a2\
\x19&N(`\x9c78=\xfe\xd6\x01*\x03\xab\x8f\
LDf \x1f\x1f\x15\x0e\x99\x07\x0b\x05\x07\x0965\
5\x9dhL\x8f\x00\x02\x00\x8c\xfeV\x04\x1d\x04N\x00\
5\x00O\x00\x00S\x15\x14\x16\x17\x16\x163267\
667\x15\x14\x06\x07\x06\x06#\x22&'&&'\
\x07\x16\x16\x17\x16\x163267665\x11#\x07\
&&'&&#\x22\x06\x07\x06\x06\x175467\
6632\x16\x17\x16\x16\x17\x11\x06\x06\x07\x06\x06#\
\x22&'&&\x8c<87\xa0c;f*\x1b/\
\x15(%&jB%J%%H\x22`%g8\
7l*f\xa8=<C\xa8\x09\x13+\x18,mA\
e\xa088;\xb9!$#oN.L\x1f\x1f0\
\x12\x120\x1e\x1fM0Mn#$!\x02&\x15t\
\xc9JJT\x19\x17\x0f(\x18]Fl$%&\x0f\
\x11\x119)o5H\x15\x16\x13<::\xa6k\x04\
#v\x18(\x0f\x1d\x1eRII\xcb\x8e\x15O\x8f7\
6@\x17\x14\x158\x22\xfe\x10#:\x15\x15\x17?6\
6\x8e\x00\x00\x01\x00\xae\x00\x00\x04,\x06\x00\x00\x1f\x00\
\x00A\x11#\x113\x116676636\x16\x17\
\x16\x16\x15\x113\x114&'&&#\x06\x06\x07\x06\
\x06\x01g\xb9\xb9\x143\x1e&Z2=^\x1f\x1d\x1e\
\xb9511\x8bUAs0\x1e6\x03\x99\x02g\xfa\
\x00\x03\x12 5\x14\x1a\x1c\x01## a@\xfdU\
\x02\xa9m\x9f441\x01$#\x157\x00\x00\x02\x00\
\xcb\x00\x00\x04U\x05\xc3\x00\x09\x00\x1b\x00\x00S\x15!\
\x11!\x15!5!\x11\x03\x14\x1632654&\
'&&#\x22\x06\x07\x06\x06\xcb\x01p\xfe\x90\x03\x8a\
\xfe\x9f\xd17878\x10\x10\x0d(\x1a\x1a)\x0d\x10\
\x0f\x04:\xa1\xfd\x07\xa0\xa0\x03\x9a\x01\x1c-<<-\
\x19*\x0e\x0d\x0f\x0f\x0d\x0f*\x00\x02\x00\xd3\xfeK\x03\
X\x05\xc3\x00\x1d\x00)\x00\x00A\x15!\x11\x14\x06\x07\
\x06\x06#\x22&'&&'\x07\x16\x16\x17\x16\x163\
267665\x11\x03\x14\x1632654&\
#\x22\x06\x01+\x01i'\x22\x22\x5c4\x0e1\x1a\x1b\
4\x11\x0d\x19.\x17\x1c:\x1fd\x9d769\xd36\
8888886\x04:\xa1\xfc`Mi  \
\x1b\x01\x02\x01\x05\x03\x98\x04\x07\x02\x02\x02976\xa0\
h\x04A\x01\x1d-==--??\x00\x00\x01\x00\
\xb0\x00\x00\x04j\x06\x00\x00\x0c\x00\x00A\x013\x01\x01\
#\x01\x07\x11#\x113\x11\x01\xf2\x01\x8d\xeb\xfe\x07\x01\
\xb6\xe1\xfe\x9dy\xba\xba\x01\xf9\xfe\x07\x02w\x01\xc3\xfe\
\x9c\x82\x03\xac\xfa\x00\x01v\x00\x00\x01\x00\xcb\x00\x00\x04\
U\x06\x00\x00\x09\x00\x00S\x15!\x11!\x15!5!\
\x11\xcb\x01p\xfe\x90\x03\x8a\xfe\x9f\x06\x00\xa1\xfbA\xa0\
\xa0\x05`\x00\x01\x00]\x00\x00\x04r\x04N\x00:\x00\
\x00A#\x113\x116676632\x16\x17\x16\
\x16\x15\x113\x114456676632\x16\
\x17\x16\x16\x15\x113\x114&'&&#\x06\x06\x07\
\x06\x06\x07&&'&&#\x06\x06\x07\x01\x03\xa6\xb0\
\x06\x13\x0d\x111!\x1e-\x0f\x10\x0f\xb0\x03\x12\x10\x10\
0!\x1f/\x10\x0f\x10\xb0$\x22\x1fZ8)E\x1c\
\x16&\x0e\x0b\x1f\x13\x1aE+Lk!\x04:\xfb\xc6\
\x03]\x10\x1c\x0b\x0e\x0f\x0f\x10\x114\x22\xfc\xd5\x03*\
\x06\x09\x05\x19)\x10\x0f\x12\x10\x10\x114\x22\xfc\xd6\x03\
(Ns$ !\x01\x14\x11\x0f(\x17\x19(\x0e\x12\
\x13\x01@9\x00\x00\x01\x00\xae\x00\x00\x04)\x04N\x00\
\x1f\x00\x00s3\x116676632\x16\x17\x16\
\x16\x15\x113\x114&'&&#\x06\x06\x07\x06\x06\
\x07'#\xae\xb9\x133\x1e%X3;[ \x1f \
\xb9511\x8bU?q0 9\x18\x0d\xa6\x03\x08\
#:\x16\x19\x1d\x1c\x1f\x1fdH\xfdU\x02\xafl\x9d\
330\x01# \x159\x22\xa0\x00\x00\x02\x00z\xff\
\xec\x04R\x04N\x00\x19\x003\x00\x00S\x15\x14\x16\x17\
\x16\x16326766554&'&&#\
\x22\x06\x07\x06\x06\x1754676632\x16\x17\
\x16\x16\x15\x15\x14\x06\x07\x06\x06#\x22&'&&z\
D@?\xb7sr\xb6@?DD?@\xb7sr\
\xb6?@D\xb9&'&rMMs'&'&\
&'sLMt&'&\x02'\x16u\xc8JJ\
TTJJ\xc8u\x16u\xc9JJUUJJ\xc9\
\x8b\x16O\x9177AA77\x91O\x16P\x917\
7@@77\x91\x00\x00\x02\x00\xad\xfe`\x04?\x04\
N\x00\x1d\x007\x00\x00S3\x11\x16\x16\x17\x16\x163\
26766554&'&&#\x22\x06\x07\
\x06\x06\x07'#\x01\x15\x14\x06\x07\x06\x06#\x22&'\
&&'\x116676632\x16\x17\x16\x16\xad\
\xb9\x14.\x1a+k>f\x9f668866\xa0\
h;g*\x1e4\x16\x09\xa9\x02\xd9#$$pM\
0O \x1c,\x11\x132 \x1dI+Np%$\
#\xfe`\x02\x08\x16%\x0f\x18\x1aTJJ\xc9t\x15\
y\xcbIIR\x19\x18\x10-\x1cv\xfd\xec\x15O\x90\
77A\x18\x15\x124\x1e\x02\x09\x228\x13\x13\x14@\
67\x8f\x00\x02\x00\x8c\xfe`\x04\x1c\x04N\x00\x1d\x00\
7\x00\x00S\x15\x14\x16\x17\x16\x16326766\
7\x113\x11#\x07&&'&&#\x22\x06\x07\x06\
\x06\x1754676632\x16\x17\x16\x16\x17\x11\
\x06\x06\x07\x06\x06#\x22&'&&\x8c;88\xa1\
g5\x5c'\x1f5\x18\xb9\xaa\x08\x150\x1b*e:\
h\xa388:\xb9#%$pM+I\x1f\x1e1\
\x13\x142 \x1eH+Mo$$#\x02&\x15t\
\xc9JJT\x14\x13\x0e(\x19\xfd\xfe\x05\xdak\x18(\
\x0f\x18\x18RII\xcb\x8e\x15O\x9087B\x15\x13\
\x133\x1f\xfd\xea!7\x13\x11\x14A77\x90\x00\x00\
\x01\x01I\x00\x00\x041\x04N\x00\x15\x00\x00A\x22\x06\
\x07''#\x113\x116676632\x16\x17\
7&&\x03sv\xb9B\x01\x08\xb0\xba\x127%)\
nD5a6\x19\x1co\x04NgY\x1b\x91\xfb\xc6\
\x02\xb62Q\x1c !\x0b\x0c\xb5\x0c\x0e\x00\x00\x01\x00\
\xaf\xff\xec\x046\x04N\x00I\x00\x00A\x14\x06\x07\x06\
\x06#\x22&'&&'#\x14\x16\x17\x16\x1632\
676654&'&&'&&'&&\
54676632\x16\x17\x16\x16\x1534&\
'&&#\x22\x06\x07\x06\x06\x15\x14\x16\x17\x16\x16\x17\
\x16\x16\x17\x16\x16\x03}\x14\x13\x1fnJ/`'(\
5\x04\xb9?<;\xacn`\xa2::A966\
\x9edLc\x1d\x1e\x18\x1e\x1e\x1dY;9[  \
$\xb9=88\xa0d]\x9b88><76\x99\
]Lf\x1f\x1f\x1a\x01\x1f\x1a.\x13\x1f#\x14\x18\x18\
N9E\x8001;.**vHCf'&\
7\x15\x0f \x14\x142 \x1f:\x16\x16\x1a \x1a\x1a\
C#G{..42++sBCe%&\
6\x13\x0f%\x16\x165\x00\x01\x00\x8e\xff\xec\x04)\x05\
@\x00#\x00\x00A#\x11!\x15!\x11\x14\x16\x17\x16\
\x163267667'\x06\x06\x07\x06\x06#\x22\
&'&&5\x11!5!\x02d\xba\xfe\xe4\x01\x1c\
5..}H+W''B\x17\x1a\x115\x1e\x1f\
@\x1e)I\x1c\x1c \x01\x9c\xfed\x05@\xfe\xfa\x8f\
\xfd\xb4d\x8d,-)\x08\x08\x07\x15\x0e\x83\x04\x0b\x05\
\x05\x07\x14\x19\x18R?\x02L\x8f\x00\x00\x01\x00\xb4\xff\
\xec\x04\x1f\x04:\x00\x1c\x00\x00a3\x11#\x11\x06\x06\
\x07\x06\x06#\x22&'&&5\x11#\x11\x14\x16\x17\
\x16\x163267\x03w\xa8\xba\x0f-\x1e$b>\
5Q\x1c\x1c\x1c\xb9511\x8aUj\xa26\x04:\
\xfc\xf8#;\x15\x1a\x1d\x1c#\x22tX\x02\x85\xfd}\
y\xad885YP\x00\x01\x00b\x00\x00\x04e\x04\
:\x00\x08\x00\x00a3\x01#\x01\x07'\x01#\x02\x1f\
\x8d\x01\xb9\xbd\xfe\xd1\x12\x11\xfe\xca\xbe\x04:\xfc\xd0C\
C\x030\x00\x01\x000\x00\x00\x04\xa7\x04:\x00\x12\x00\
\x00a3\x137\x17\x133\x13#\x03\x07'\x03#\x03\
\x07'\x03#\x01\x16\x92\xa7\x1b\x1c\xa9\x92\xe6\xa4x\x1b\
\x1d\xacw\xad\x1b\x16~\xa4\x02\x97\xa8\xa8\xfdi\x04:\
\xfdN\xaa\xaa\x02\xb2\xfdN\x9b\x9b\x02\xb2\x00\x00\x01\x00\
n\x00\x00\x04r\x04:\x00\x0b\x00\x00A\x01#\x01\x01\
3\x01\x013\x01\x01#\x02m\xfe\xe2\xd6\x01\x93\xfeb\
\xd8\x01+\x01+\xd6\xfeb\x01\x93\xd9\x02\xa9\x01\x91\xfd\
\xe9\xfd\xdd\x01\x9c\xfed\x02#\x02\x17\x00\x01\x00D\xfe\
K\x04\x85\x04:\x00\x1b\x00\x00A267667\
\x01#\x01\x07'\x01#\x01\x07\x06\x06\x07\x06\x06#\x22\
&'\x07\x16\x16\x01\x05Ip**;\x13\x02%\xcf\
\xfe\xe930\xfe\xd7\xcf\x01\xd2J\x0a#\x18\x19?&\
\x0e1\x19\x1e\x12F\xfeK6((^*\x04\xe1\xfd\
B\x7f\x83\x02\xba\xfb\xf9\x90\x14>\x1d\x1d*\x03\x02\x97\
\x04\x0c\x00\x00\x01\x00\xa0\x00\x00\x04=\x04:\x00\x09\x00\
\x00e\x015!\x15!\x01\x15!5\x01\x8c\x02\x8d\xfc\
\x90\x02}\xfdz\x03\x9d\x97\x03 \x83\x99\xfc\xe7\x88\x97\
\x00\x00\x03\x00\x91\xff\xec\x04@\x05\xc5\x00\x19\x00*\x00\
;\x00\x00A\x114&'&&#\x22\x06\x07\x06\x06\
\x15\x11\x14\x16\x17\x16\x16326766%44\
554676632\x16\x17\x16\x16\x17\x13\x14\
\x06\x07\x06\x06#\x22&'&&'\x01\x14\x14\x15\x04\
@@<=\xafpo\xaf<=@@==\xb0o\
p\xae<<@\xfd\x0b)*#eBAc\x22#\
)\x08\x04+.\x22b?<`\x22%.\x09\x026\
\x02-\x01U\x8b\xd7JJMMJJ\xd7\x8b\xfe\xab\
\x8b\xd7IKKLJI\xd7\xb0\x1a2\x19\xf4f\x9b\
1')&&%oH\xfe\x01k\x9e1$&#\
\x22$oI\x01\xb1\x1cU\x0f\x00\x01\x00\xd0\x00\x00\x03\
\x06\x05\xb0\x00\x06\x00\x00a\x11#\x05\x15%\x11\x03\x06\
\x0f\xfd\xd9\x01}\x05\xb0\xd4\xa9\x91\xfb<\x00\x00\x01\x00\
U\x00\x00\x04+\x05\xc4\x00*\x00\x00a5!\x016\
676654&'&&#\x22\x06\x07\x06\x06\
\x1534676632\x16\x17\x16\x16\x15\x14\x06\
\x07\x06\x06\x07\x01\x15\x04+\xfd%\x01\x877c&%\
,=99\xa5gp\xaf<=@\xba#$#k\
I<_\x22!#\x16\x1a\x1aV@\xfe#\x97\x01\xa8\
<y>>\x7fAW\x9466=H==\xa3\x5c\
Dn'&*)##_6,S./nG\
\xfd\xee\x85\x00\x01\x00^\xff\xec\x03\xf9\x05\xc4\x00L\x00\
\x00A\x1532\x16\x17\x16\x16\x15\x14\x06\x07\x06\x06#\
\x22&'&&5#\x14\x16\x17\x16\x163267\
6654&'&&'6676654\
&'&&#\x22\x06\x07\x06\x06\x1534676\
632\x16\x17\x16\x16\x15\x14\x06\x07\x06\x06#\x01\x86\
\x84Es)(-'$$f??g$$'\
\xb9I>>\xa9`b\xa9>>F\x17\x1c\x1d_G\
;U\x1b\x1b\x1a@::\xa2be\xa5;;A\xba\
&#\x22a;=_ !\x22&$%kF\x03\
1\x96 !!cDEe\x22\x22!$!!^\
9`\x96446976\x9ef2f..J\
\x17\x19K+*Z*e\x9a445?67\x93\
S9\x5c!!#\x1f\x1f aA7\x5c!!&\
\x00\x00\x02\x00K\x00\x00\x04g\x05\xb0\x00\x0a\x00\x0e\x00\
\x00A\x11#\x01\x15!\x113\x1135!\x017\x11\
\x03\x9c\xc5\xfdt\x02\x98\xb9\xcb\xfc\xb1\x01\xad\x1e\x01\xe9\
\x03\xc7\xfc\x0fm\xfe\xae\x01R\x97\x02\x998\xfd/\x00\
\x01\x00\xbb\xff\xec\x04O\x05\xb0\x000\x00\x00S\x176\
676632\x16\x17\x16\x16\x15\x14\x06\x07\x06\x06\
#\x22&'#\x16\x16\x17\x16\x16326766\
54&'&&#\x22\x06\x07\x13!5!\xf0\x94\
\x19/\x1b\x1bC.Fl%%'#\x22#fB\
u\x95\x11\xb0\x0aO>=\x9eYt\xac988<\
88\xa0eOx+)\x02O\xfd\x15\x02\xda&\x16\
\x22\x0c\x0c\x0d2+,vDKz+,/\x80|\
e\x98222IA@\xb2hn\xb4@?F&\
\x19\x01\x84\xb4\x00\x00\x02\x00\x8d\xff\xec\x04%\x05\xb1\x00\
'\x00@\x00\x00A#\x22\x06\x07\x06\x02\x15\x15\x14\x16\
\x17\x16\x1632676654&'&&#\
\x22\x06\x07\x06\x06\x076676633\x032\x16\
\x17\x16\x16\x15\x14\x06\x07\x06\x06#\x22&'&&5\
566766\x03X\x10\x9c\xf6V}V@A\
:\xaapo\xa9999033\x9em2['\
(D\x1a\x06A?<\xb8\x84\x10\xf2Cd!! \
#\x22#dA8f''.\x11:&&X\x05\
\xb1WV}\xfe\xa0\xb6Wj\xd3OHZNDC\
\xb4fY\xacDDS\x17\x13\x145\x1f`\xb6B?\
K\xfe\x168//y@H{,,2533\
\x95`>.L\x1b\x1b\x1e\x00\x00\x01\x00p\x00\x00\x04\
H\x05\xb0\x00\x06\x00\x00A5!\x15!\x013\x04H\
\xfc(\x03\x14\xfd\xa7\xc2\x05Hh\xa2\xfa\xf2\x00\x03\x00\
\xb1\xff\xec\x04O\x05\xc4\x00/\x00G\x00_\x00\x00A\
4&'&&#\x22\x06\x07\x06\x06\x15\x14\x16\x17\x16\
\x16\x17\x06\x06\x07\x06\x06\x15\x14\x16\x17\x16\x16326\
76654&'&&'66766\x03\
\x14\x06\x07\x06\x06#\x22&'&&54676\
632\x16\x17\x16\x16\x03\x14\x06\x07\x06\x06#\x22&\
'&&54676632\x16\x17\x16\x16\x04\
.B::\x9e\x5c]\x9d89@\x1e\x1b\x1bN0\
8Z  \x22H?>\xa9b`\xa8?>I#\
 ![8 8\x1706\x97)$%f=@\
g$$''$$f?=g%%)\x22$\
 !Z56Y !##  X66Z\
! %\x044_\x95336633\x95_6\
b)*C\x18\x18H-.m=d\x9a456\
754\x9ac=l..G\x18\x10(\x170\x7f\
\xfd\xa2?c\x22\x22$$\x22\x22c?=f%$\
(($%f\x02g8\x5c !##! [\
99]!!#%!\x22\x5c\x00\x00\x02\x00\x95\xff\
\xff\x04)\x05\xc4\x00(\x00A\x00\x00e#\x1532\
676\x12554&'&&#\x22\x06\x07\x06\
\x06\x15\x14\x16\x17\x16\x163267667\x15\x06\
\x06\x07\x06\x06\x13\x22&'&&546766\
32\x16\x17\x16\x16\x15\x15\x06\x06\x07\x06\x06\x01u\x13\
\x13\xb4\xfbGvHBB8\xa5pp\xa9899\
033\x9dl8_''>\x18\x050E9\xbb\
QCc ! $#\x22dA9e'&-\
\x11;%&Y\xa4\xa5cP\x84\x01U\xa9Cw\xef\
PDSQDE\xb7gX\xaeEEU\x17\x14\x14\
5\x1e\x02\x5c\xacK=C\x01\xdc;00{@H\
}.-4845\x98a</M\x1c\x1d\x1f\x00\
\x01\x01\x82\x02\x99\x02\xf6\x05\xae\x00\x06\x00\x00A\x11#\
\x05\x157\x11\x02\xf6\x12\xfe\x9e\xd7\x02\x99\x03\x15u\x80\
9\xfd\xa7\x00\x01\x01<\x02\x9b\x03\xa6\x05\xbb\x00*\x00\
\x00A5!76676654&'&&\
#\x22\x06\x07\x06\x06\x1534676632\x16\
\x17\x16\x16\x15\x14\x06\x07\x06\x06\x07\x01\x15\x03\xa6\xfeq\
\xaf+G\x1a\x19\x1b(%%jBEo''*\
\x9e\x12\x12\x127%\x1d/\x10\x10\x10\x13\x15\x0e)\x1a\
\xfe\xe0\x02\x9b\x80\x91'G#\x22G(7W\x1f\x1f\
!)#$`6\x1d1\x11\x12\x14\x10\x0f\x0f(\x18\
\x15/\x1c\x13+\x18\xfe\xf1l\x00\x01\x01C\x02\x8f\x03\
\x9f\x05\xba\x00L\x00\x00A\x1532\x16\x17\x16\x16\x15\
\x14\x06\x07\x06\x06#\x22&'&&5#\x14\x16\x17\
\x16\x1632676654&'&&'6\
676654&'&&#\x22\x06\x07\x06\x06\
\x1534676632\x16\x17\x16\x16\x15\x14\x06\
\x07\x06\x06#\x02\x0eT-E\x14\x0c\x0d\x10\x10\x129\
$#9\x13\x10\x12\x9e3*)k9@p*)\
/\x14\x15\x127$\x1b,\x10\x18\x19+''l@\
<h&'-\x9d\x0d\x0b\x118# 1\x11\x11\x12\
\x17\x17\x123\x1f\x04et\x14\x16\x0d$\x18\x18'\x0e\
\x10\x12\x12\x10\x0e$\x15=X\x1c\x1d\x1b\x1f\x1d\x1dV\
8%=\x17\x15 \x0a\x0a\x1c\x11\x18;!7T\x1d\
\x1c\x1d\x1f\x1c\x1dR3\x11\x1d\x0a\x12\x12\x0e\x0d\x0e'\
\x17\x1c,\x0e\x0b\x0c\x00\x00\x02\x01\x1c\x02\xb3\x03\xb1\x05\
\xc4\x004\x00H\x00\x00A3&&5\x114&'\
&&#\x22\x06\x07\x06\x06\x07\x17467663\
2\x16\x17\x16\x16\x17\x15#\x22\x06\x07\x06\x06\x15\x14\x16\
\x17\x16\x163667667\x16\x16'\x22&'\
&&54676633\x15\x06\x06\x07\x06\x06\
\x03\x0c\xa5\x0e\x0c*%&kAEr()-\x01\
\xa1\x12\x10\x13;%\x1f.\x10\x10\x10\x01\x8dM{*\
+. \x1f ^<0N\x1e\x16#\x0d\x03\x0b\xc9\
#3\x10\x0c\x0c\x12\x12\x15E,\x8c\x08'\x19\x1a;\
\x02\xc1-X0\x01:Dh#\x22#\x22\x1f\x1fV\
3\x0c\x17%\x0d\x10\x10\x11\x10\x114!4\x1d\x1c\x1d\
X94S\x1d\x1e!\x01\x18\x13\x0e#\x12\x1a1e\
\x10\x0f\x0b \x14\x16&\x0f\x12\x16m\x12$\x0e\x0f\x11\
\x00\x00\x02\x01\x10\x02\xb2\x03\xbc\x05\xc4\x00\x19\x003\x00\
\x00A\x15\x14\x16\x17\x16\x1632676655\
4&'&&#\x22\x06\x07\x06\x06\x175467\
6632\x16\x17\x16\x16\x15\x15\x14\x06\x07\x06\x06#\
\x22&'&&\x01\x100-,\x7fPO~,,\
//,-\x7fOO~,-0\xa3\x16\x17\x16C\
--C\x17\x16\x17\x17\x16\x16C,.D\x16\x17\x16\
\x04uuH{,-22-,{HuI{\
-,22,-{\xbeu)G\x1b\x1a\x1e\x1e\x1a\
\x1bG)u*G\x1a\x1a\x1e\x1e\x1a\x1aG\x00\x03\x00\
$\x00\x00\x04\x96\x05\xb1\x00\x06\x001\x005\x00\x00A\
\x11#\x05\x157\x11\x015!7667665\
4&'&&#\x22\x06\x07\x06\x06\x153667\
6632\x16\x17\x16\x16\x15\x14\x06\x07\x06\x06\x07\x05\
\x15%\x01'\x01\x01s\x10\xfe\xc1\xc2\x03\xb0\xfe\x99\x9d\
'@\x17\x17\x18$!\x22_;>d#$%\x8e\
\x01\x10\x11\x101 \x1a)\x0e\x0f\x10\x0e\x0f\x0d(\x1b\
\xfe\xfd\xfe\xdb\x02\x02r\xfd\xff\x02\xeb\x02\xc6is3\
\xfd\xe3\xfd\x15s\x83#@\x1f\x1f@$1O\x1b\x1c\
\x1e%\x1f!V1\x1b,\x11\x0f\x11\x0e\x0c\x0e%\x16\
\x11%\x16\x13,\x19\xf4a\xdd\x03\xbaB\xfcF\x00\x00\
\x04\x000\x00\x00\x04\x8c\x05\xb5\x00\x06\x00\x11\x00\x15\x00\
\x19\x00\x00A\x11#\x05\x157\x11\x01\x11#\x01\x17!\
\x153535!77\x11\x05\x01'\x01\x01\x7f\x10\
\xfe\xc1\xc2\x03:\x91\xfe\xad\x05\x01R\x8d`\xfeJ\xba\
\x0f\xfd\xf3\x02\x02r\xfd\xff\x02\xef\x02\xc6is3\xfd\
\xe3\xfe\x1e\x01\xb9\xfe.\x5c\x98\x98u\xeb\x19\xfe\xfc0\
\x03\xbaB\xfcF\x00\x04\x00&\x00\x00\x04\xad\x05\xb8\x00\
\x0a\x00\x0e\x00[\x00_\x00\x00A\x11#\x01\x17!\x15\
3535!77\x11\x01\x1532\x16\x17\x16\x16\
\x15\x14\x06\x07\x06\x06#\x22&'&&5#\x14\x16\
\x17\x16\x1632676654&'&&'\
6676654&'&&#\x22\x06\x07\x06\
\x06\x1534676632\x16\x17\x16\x16\x15\x14\
\x06\x07\x06\x06#\x13\x01'\x01\x04M\x91\xfe\xad\x05\x01\
R\x8d`\xfeJ\xba\x0f\xfd\x1dK\x227\x13\x11\x12\x0f\
\x0e\x121 \x224\x11\x0e\x0e\x8e.&$a3:\
d&%*\x15\x16\x10.\x1e\x19'\x10\x14\x17'#\
#a:6]##(\x8d\x0e\x0c\x100\x1d\x1f/\
\x0f\x0d\x0e\x13\x12\x11/\x1f\xad\x02\x02r\xfd\xff\x01\x0d\
\x01\xb9\xfe.\x5c\x98\x98u\xeb\x19\xfe\xfc\x03xh\x0d\
\x0d\x0c'\x1b\x15$\x0d\x0e\x10\x12\x10\x0b \x127O\
\x19\x1b\x18\x1c\x1a\x1aN2$;\x15\x10\x1a\x08\x09\x19\
\x0f\x165\x1e1L\x1a\x19\x1a\x1c\x19\x1aJ.\x11\x1c\
\x0b\x0d\x0e\x0f\x0e\x0c!\x13\x17&\x0d\x0b\x0d\xfcW\x03\
\xbaB\xfcF\x00\x00\x02\x00 \x00\x00\x04\xab\x05\xb0\x00\
\x0f\x00\x12\x00\x00a5!\x03!5!\x03!5!\
\x013\x13!\x13\x03\x13\x13\x04\xab\xfe\x9b\x01\x01.\xfe\
\xd2\x02\x01Q\xfd\xbc\xfd\xd0\xc6{\x016\x01\xfa\xf7\x02\
\x97\x02\x13\x97\x01\xd7\x98\xfaP\x01a\xfe\x9f\x02\x0f\x02\
\xc2\xfd>\x00\x03\x00+\xff\xec\x04\xa9\x04N\x00W\x00\
p\x00\x82\x00\x00E267667'\x06\x06\x07\
\x06\x06#\x06&'&&'&&55!54\
&'&&#\x22\x06\x07\x06\x06\x07&&'&&\
#\x22\x06\x07\x06\x06\x15\x174676632\x16\
\x17\x16\x16\x15\x15#\x22\x06\x07\x06\x06\x15\x14\x16\x17\x16\
\x163267667\x16\x16\x17\x16\x16%\x22&\
'&&54676633\x14\x16\x15\x14\x14\
\x15\x06\x06\x07\x06\x06\x01!54676676\
632\x16\x17\x16\x16\x15\x03\x80;]#\x22.\x0d\
.\x10&\x17\x18;&<W\x1c\x15\x1a\x06\x07\x09\x01\
\xf9+**{Q/R\x22\x14%\x10\x10'\x16#\
U2Hv)*-\xb3\x13\x12\x135 \x1f.\x10\
\x13\x12?e\x9a312'%%lG0P!\
!3\x13\x11+\x19*j\xfe3$7\x12\x13\x13\x1f\
\x1d\x1dT5=\x01\x0d\x1e\x10\x14*\x02r\xfe\xb7\x09\
\x08\x0a\x1d\x17\x111\x1d%:\x14\x14\x14\x14\x13\x0d\x0d\
\x1d\x0a\x88\x0b\x18\x0a\x0b\x0e\x01!\x1b\x140\x1a\x1c@\
$V\xeaT\x89105\x16\x16\x0c \x13\x15#\x0c\
\x14\x13+'(oE\x08%:\x14\x15\x16\x13\x12\x16\
B*\x941.-\x81QEq'(,\x18\x14\x14\
5\x1d\x1b,\x12\x1c\x1d\x96\x18\x15\x147\x1f+M\x1e\
\x1d#AB?+'\x11\x0d\x18\x0a\x0b\x0e\x01\xfeE\
\x1e:\x1a\x1e-\x15\x0f\x10\x1f\x19\x1aA#\x00\x02\x00\
O\xff\xec\x04\xa6\x05\xc4\x00\x1d\x001\x00\x00a5!\
\x11!5!\x11!5!&&#\x22\x06\x07\x06\x06\
\x15\x11\x14\x16\x17\x16\x163267%\x22&'&\
&5\x114676632\x16\x17\x11\x06\x06\x04\
\xa6\xfei\x01X\xfe\xa8\x01\x8d\xfe^>\x86Ea\x9b\
66:;76\x9baE\x84>\xfe\xf99X\x1e\
\x1e\x1e\x1e\x1d\x1dX9\x1a2\x19\x191\x97\x02\x0d\x98\
\x01\xdc\x98\x08\x0cDBB\xc3\x80\xfe=\x80\xc3BB\
C\x0d\x07\x83%++\x8fi\x01\xc5i\x8d++%\
\x02\x02\xfb^\x01\x02\x00\x00\x03\x00.\xff\xec\x04\xb0\x04\
N\x00C\x00c\x00u\x00\x00S\x15\x14\x16\x17\x16\x16\
3267667\x16\x16\x17\x16\x163267\
667'\x06\x06\x07\x06\x06#\x22&'&&'\
&&55!54&'&&#\x22\x06\x07\x06\
\x06\x07&&'&&#\x22\x06\x07\x06\x06\x1354\
676632\x16\x17\x16\x16\x17\x16\x16\x15\x15\x14\
\x06\x07\x06\x06\x07\x06\x06#\x22&'&&\x012\x16\
\x17\x16\x16\x15\x15!546766766.\
-,,\x80S4Y%\x15'\x10\x0f$\x14&a\
90L\x1e\x1e-\x117\x10$\x17\x17:#\x1d.\
\x12\x13\x1e\x0a\x08\x05\x01\xca&'(yS+P\x22\
\x16'\x11\x0f$\x15%\x5c7R\x80+,-\xba\x12\
\x13\x12;**=\x13\x09\x0e\x05\x04\x05\x09\x06\x05\x1d\
\x18\x0e,\x1a+<\x13\x13\x11\x02\x87%3\x11\x10\x0f\
\xfe\xef\x06\x04\x07\x1f\x15\x0f\x22\x02\x7f\xc6i\xaa<<\
B\x1a\x19\x0f&\x17\x15$\x0e\x1c\x1c\x10\x0d\x0d\x22\x12\
~\x0e\x18\x0a\x0a\x0c\x13\x13\x14>)\x1fG'@\xb5\
[\x9c99@\x19\x19\x0f(\x18\x16%\x0e\x1b\x1dB\
==\xaa\xfe\xd1\xc6Cs))/.)\x141\x1b\
\x1cA#\xc6,P\x22\x1d?\x1a\x10\x13.))s\
\x02A%\x1e\x1fN*U\x04\x22?\x1b-N\x16\x0f\
\x0f\x00\x02\x00I\xff\xec\x04*\x05\xf1\x00+\x00G\x00\
\x00A7'\x07&&'\x07\x16\x16\x17\x07\x17%\x16\
\x16\x17&&#\x22\x06\x07\x06\x06\x15\x14\x16\x17\x16\x16\
326766766554\x02\x01\x22&\
'&&54676632\x16\x17\x14\x16\x15\
\x15\x14\x06\x07\x06\x06\x07\x06\x06\x03M\xd3I\xe6?\x8f\
P9.W)\xefI\x01\x0a>Z\x179\x99Xi\
\xb3ABIHBA\xb5lG\x807?b\x22\x19\
\x1bu\xfe\x84Js'(**('pE}\xa0\
\x22\x01\x12\x10\x15='!O\x05\x06yd\x843I\
\x16\x9f\x10)\x1b\x89c\x98?\xa8n8DICC\
\xbcsf\xb2BBK#!'xL=\x91R>\
\xce\x01I\xfb\xf2;0/y>I\x82119V\
6\x0d\x18\x0d@>p/:V\x1b\x18\x19\x00\x02\x00\
\xa8\x00\x00\x04^\x05\xb0\x00\x12\x00!\x00\x00A#\x11\
3\x11!2676654&'&&#!\
\x15!2\x16\x17\x16\x16\x15\x14\x06\x07\x06\x06#!\x01\
a\xb9\xb9\x01\x15u\xb5?>AA>?\xb5u\xfe\
\xeb\x01\x15Ns%%$$%&rN\xfe\xeb\x05\
\xb0\xfaP\x019?98\x9c]]\x9c98?\x98\
-&'c65b%&-\x00\x00\x02\x00\xad\xfe\
`\x04?\x06\x16\x00\x1d\x007\x00\x00A54&'\
&&#\x22\x06\x07\x06\x06\x07\x11#\x113\x11\x16\x16\
\x17\x16\x16326766'\x15\x14\x06\x07\x06\x06\
#\x22&'&&'\x116676632\x16\
\x17\x16\x16\x04?655\x9eh:e*\x1e5\x17\
\xb9\xb9\x175\x1e+f;f\x9c656\xb9\x22#\
#nL2R \x1c,\x12\x12/\x1e\x1fO/M\
n$#\x22\x02\x11\x15y\xcbIIR\x17\x17\x10+\
\x1b\x02L\xf8J\x02\x0b\x1a)\x0f\x16\x17TJJ\xc9\
\x89\x15O\x9077A\x19\x16\x133\x1e\x02\x06 6\
\x13\x15\x17@67\x8f\x00\x01\x00\xba\x00\x00\x04r\x04\
:\x00\x0c\x00\x00A\x013\x01\x01#\x01\x07\x11#\x11\
3\x11\x02\x09\x01\x7f\xea\xfe\x14\x01\xc8\xdf\xfern\xb9\
\xb9\x01\xdd\xfe#\x02[\x01\xdf\xfeex\x02\x13\xfb\xc6\
\x01X\x00\x00\x01\x00\xa9\xff\xeb\x04L\x06\x16\x00Q\x00\
\x00a\x116632\x16\x17\x16\x16\x15\x14\x06\x07\x06\
\x06\x07\x06\x06\x15\x14\x16\x17\x16\x16\x17\x16\x16\x15\x14\x06\
\x07\x06\x06#\x22&'&&'\x07\x16\x16\x17\x16\x16\
32676654&'&&'&&5\
4676654&'&&#\x22\x06\x07\x06\
\x06\x15\x11\x01a\x01wc ?\x19\x18\x1e\x14\x0f\x10\
$\x0f\x10\x14.\x22\x22P\x22\x22-\x15\x16\x16D/\
\x22E\x1f 5\x12*\x14D)(X)L\x7f.\
.3-\x22\x22P\x22\x22-'\x18\x18(811\
\x82KU\x9045;\x04?\x9b\xa4\x1a\x19\x1aK2\
&?\x1d\x1e7\x1d\x1eB'Dg)*G\x22#\
M/&@\x18\x18\x1b\x0f\x0c\x0b\x1b\x0b\x9b\x10\x1a\x09\
\x0a\x0b***~UAd))F##J.\
2M**kOV\x7f**)?<<\xb0p\
\xfb\xc1\x00\x00\x02\x00\xb1\xff\xec\x04_\x04O\x00*\x00\
8\x00\x00A\x22\x06\x07\x06\x06\x07\x1766766\
32\x16\x17\x16\x16\x17\x14\x16\x15!\x15\x14\x16\x17\x16\
\x163\x166766554&'&&\x03\x22\
&'&&55!\x06\x06\x07\x06\x06\x02aK}\
12K\x1bI\x19=$*g=Nv)%,\
\x05\x01\xfd\x0c899\xadu`\xafCBNGB\
B\xbdZGh!\x22!\x025\x0b2%&a\x04\
O\x17\x13\x130\x19}\x15%\x0e\x11\x13:2/{\
F\x05\x0a\x05yi\xb1@@H\x01PHG\xc6u\
,u\xc6IHQ\xfc5-&&d6\x1a@n\
().\x00\x01\x00\xa2\xff0\x04E\x06\x9c\x00O\x00\
\x00A\x14\x06\x07\x06\x06#\x22&'&&5#\x14\
\x16\x17\x16\x16\x17\x15356676654&\
'&&'&&'&&5467663\
2\x16\x17\x16\x16\x153&&'&&'5#\x15\
\x06\x06\x07\x06\x06\x15\x14\x16\x17\x16\x16\x17\x16\x16\x17\x16\
\x16\x03\x8b'$$hA3d'(2\xb9B7\
7\x8fN\x95W\x8f227744\x96^Mm\
\x22# \x1d\x1c\x1e_@;\x5c \x1f!\xb8\x01<\
9,xI\x95Q\x85./3:65\x96]J\
l\x22\x22\x1f\x01w7W\x1e\x1f \x1c!!oT\
q\xa2568\x08\xbf\xc0\x09<21\x8aWY\x86\
33L\x1f\x1a7  N23S\x1e!$.\
()qCs\xb1<-9\x0a\xdc\xdc\x0a>23\
\x88TY\x8845L\x1d\x189!!M\x00\x01\x00\
\x93\xff\x0b\x047\x05&\x009\x00\x00e\x22&'&\
&554676632\x16\x17\x16\x16\x173\
4&'&&'5#\x15\x06\x06\x07\x06\x06\x15\x15\
\x14\x16\x17\x16\x16\x17\x1535667667#\
\x06\x06\x07\x06\x06\x02\x7fWu#$\x1f\x1f$$u\
V8a##)\x01\xaf500\x84P\xb9`\x91\
001100\x91`\xb9I\x8311:\x01\xaf\
\x01-%%_\x82E87\x8bG*F\x8a87\
E&!!W1I\x8233E\x0c\xde\xe2\x12c\
GH\xaf_*_\xb0GGc\x12\xeb\xe8\x0cB0\
/u@-M\x1c\x1d \x00\x00\x01\x00q\x00\x00\x04\
|\x05\xc4\x003\x00\x00A!5!\x034676\
632\x16\x17\x16\x16\x1534&'&&#\x22\
\x06\x07\x06\x06\x15\x13#\x153\x17\x14\x06\x07\x06\x06\x07\
#\x15!7!667665\x01\xcf\x01;\xfe\
\xc0\x08%  Y30W\x22!'\xba845\
\x98``\xa4;;C\x09\xa0\xa5\x08\x08\x0b\x0b%\x1b\
K\x04\x06\x01\xfd\x1e\x0d\x13\x07\x0b\x0b\x02r\x98\x01\x05\
Ck%$'\x1b\x1c\x1dY?W\x8e338<\
89\xa2f\xfe\xfb\x98\xe2 Q$%8\x07\x97\x97\
\x13,\x18%S*\x00\x00\x01\x00!\x00\x00\x04\xab\x05\
\xb0\x00\x19\x00\x00a3\x11!5!5!5!\x01\
#\x01\x07#'\x01#\x01!\x15!\x15!\x15!\x02\
\x06\xb9\x01\x85\xfe{\x01\x85\xfe\xc2\x01\xa5\xd4\xfe\xbe.\
\x02.\xfe\xbe\xd4\x01\xa5\xfe\xc4\x01|\xfe\x84\x01|\x01\
Fx\xa9y\x02\xd0\xfd\xb1UV\x02N\xfd0y\xa9\
x\x00\x01\x00\xa0\xfeK\x04J\x06+\x00/\x00\x00A\
5#'4676672\x16\x177&&#\
\x22\x06\x07\x06\x06\x15\x15#\x153\x11\x06\x06\x07\x06\x06\
#\x22&'\x07\x16\x163267665\x11\x03\
\x7f\xd4\x01\x1e \x1fbA(G\x1a\x17/Y/`\
\x9a67:\xb1\xb1\x01! \x159\x22\x16_\x1d\x0e\
'P)U\x87/.2\x03\xab\x8fc:Z\x1e\x1f\
\x1f\x01\x10\x0d\x93\x11\x16423\x95`c\x8f\xfc!\
Ab\x1e\x13\x15\x10\x10\x94\x14\x10310\x90]\x03\
\xdf\xff\xff\x00\x11\x00\x00\x04=\x05\xb0\x06&\x00\x07\x00\
\x00\x00\x07\x02j\xfe\xdc\xfe\x7f\x00\x01\x00i\x00\x00\x04\
v\x05\xc4\x00;\x00\x00A5!'!5!'4\
676632\x16\x17\x16\x16\x1534&'&\
&#\x22\x06\x07\x06\x06\x15\x17#\x153\x17#\x153\
\x17\x14\x06\x07\x06\x06\x07#\x15!7!6676\
65'\x03\x22\xfe\xa7\x04\x01]\xfe\x9f\x06%  \
Y30W\x22!(\xb9845\x98``\xa3;\
<B\x06\x9f\xa3\x05\xa8\xac\x03\x09\x0b\x0b$\x1bK\x04\
\x06\x01\xfd\x1e\x0e\x16\x07\x09\x08\x03\x01\xd7z\x8a{\xb9\
Ck%$'\x1b\x1c\x1dY?W\x8e338<\
89\xa2f\xb9{\x8azG Q$%8\x07\x97\
\x97\x164\x1d\x22K%G\x00\x00\x02\x00\x7f\xff\xec\x04\
\xb3\x05\xb0\x00-\x00<\x00\x00A5#\x11#\x11#\
&&'&&##\x113\x11326766\
73\x11\x14\x16\x17\x16\x163267'\x06\x06#\
\x22&'&&5\x11\x05\x1132\x16\x17\x16\x16\x15\
\x14\x06\x07\x06\x06#\x04\x9e\xb0\xb9Y\x086,,{\
N\xfe\xb9EN{-,5\x08Y# \x1fV4\
*Q\x17\x19\x0c+\x14\x15$\x0c\x0d\x0f\xfdJE-\
A\x14\x14\x13\x13\x14\x15@-\x03\xab\x8f\x01\x06\xfe\xfa\
R\x89218\xfaP\x025721\x8aR\xfd}\
Sx&'$\x16\x11\x84\x04\x0a\x11\x13\x12<,\x02\
\x84\xdf\x02L2)*k88h))2\x00\x00\
\x02\x00g\xff\xe5\x04\x92\x048\x00#\x00;\x00\x00e\
\x177'6654&'7'\x07&&#\x22\
\x06\x07'\x07\x17\x06\x06\x15\x14\x16\x17\x07\x177\x16\x16\
326\x014676632\x16\x17\x16\x16\x15\
\x14\x06\x07\x06\x06#\x22&'&&\x03\xa3k\x84t\
$(,(|\x84x<\x90PP\x8f<u\x83x\
*,(&p\x83h>\x95UU\x96\xfd\xd02,\
+wEEv,+11+,vEEw+\
,2To\x88w>\x91PU\x98@\x80\x88}-\
10,z\x87|A\x9aVQ\x93?s\x87l0\
66\x01\xe1J\x8421::12\x84JJ\x84\
12;;21\x84\x00\x02\x01\xe6\xff\xf5\x02\xcc\x05\
\xb0\x00\x03\x00\x0f\x00\x00A\x11#\x11\x03\x14\x1632\
654&#\x22\x06\x02\xb2\xba\x12999;;\
999\x01\xd7\x03\xd9\xfc'\xfe\x8a.>>.0\
@@\x00\x00\x02\x01\xf2\xfe\x8c\x02\xd8\x04O\x00\x03\x00\
\x0f\x00\x00A\x113\x11\x134&#\x22\x06\x15\x14\x16\
326\x02\x0a\xb9\x15;89::98;\x02\
c\xfc)\x03\xd7\x01{0AA0.??\x00\x00\
\x02\x00\xbf\xff\xf5\x04\x1b\x05\xc4\x001\x00=\x00\x00A\
34676676676654&'\
&&#\x22\x06\x07\x06\x06\x073467663\
2\x16\x17\x16\x16\x15\x14\x06\x07\x06\x06\x07\x06\x06\x07\x06\
\x06\x03\x14\x1632654&#\x22\x06\x01\xff\xb9\
\x04\x08\x08!\x1e/a''2:77\x9fe[\
\x9d9:D\x01\xb9*#\x22Y/=^\x1f\x1c\x1d\
&\x1d\x1eG\x222<\x10\x10\x0a\x16999;;\
999\x01\x9a'=\x1b\x1b4\x1d*b98\x7f\
HZ\x8c1131./\x86T4K\x19\x18\x17\
 \x1f\x1cQ42Z()J#.C$%]\
\xfe\x7f.>>.0@@\x00\x02\x00\xcc\xfex\x04\
\x00\x04M\x001\x00=\x00\x00A#\x14\x06\x07\x06\x06\
\x07\x06\x06\x07\x06\x06\x15\x14\x16\x17\x16\x163267\
667#\x14\x06\x07\x06\x06#\x22&'&&5\
46766766766\x03\x14\x1632\
654&#\x22\x06\x02\xd4\xb9\x03\x07\x08 \x1d-\
[$%/754\x99aW\x9577?\x01\xb9\
&\x1f Q+8W\x1c\x1b\x1b#\x1c\x1bB\x1f1\
;\x0f\x0f\x09\xd6:99::99:\x02\xa1'\
<\x1a\x1b2\x1d+c89\x80HZ\x8c113\
1/.\x86T4K\x18\x19\x17\x1f\x1e\x1cR53\
Z))K#-C$$\x5c\x01\x82.??.\
0AA\x00\x01\x01b\xfe\xb0\x02\x83\x00\xdb\x00\x09\x00\
\x00e5#\x15\x14\x06\x07\x1766\x02\x83\xc9(0\
sP^+\xb0\xb3U\x9eF?G\xd0\x00\x00\x01\x01\
\xf0\xff\xed\x03\x14\x01\x07\x00\x0b\x00\x00e\x14\x1632\
654&#\x22\x06\x01\xf0IHGLKHI\
Hx:QP;<ST\xff\xff\x02\x22\xff\xed\x03\
F\x04s\x04&\x00`2\x00\x00\x07\x00`\x002\x03\
l\xff\xff\x01\xe6\xfe\xb0\x03=\x04s\x04'\x00`\x00\
)\x03l\x00\x07\x00_\x00\x84\x00\x00\xff\xff\x01\x09\xff\
\xed\x05&\x01\x07\x04'\x00`\xff\x19\x00\x00\x00'\x00\
`\x00\x9c\x00\x00\x00\x07\x00`\x02\x12\x00\x00\x00\x01\x01\
\xf8\x02k\x02\xde\x03I\x00\x0b\x00\x00A\x14\x1632\
654&#\x22\x06\x01\xf8:98;;89\
:\x02\xd9/??/0@@\x00\x00\x01\x01\x9a\x02\
\x17\x031\x03\xdc\x00\x19\x00\x00A\x15\x14\x16\x17\x16\x16\
326766554&'&&#\x22\x06\
\x07\x06\x06\x01\x9a\x1d\x1b\x1aK//K\x1b\x1a\x1c\x1c\
\x1a\x1bL//K\x1a\x1a\x1d\x03\x16:+H\x1a\x1b\
\x1d\x1d\x1b\x1aH+:+I\x1a\x1a\x1e\x1e\x1a\x1aI\
\x00\x00\x01\x00\x9b\xffi\x040\x00\x00\x00\x03\x00\x00E\
5!\x15\x040\xfck\x97\x97\x97\x00\x00\x01\x00\xda\x02\
1\x03\xd7\x02\xc9\x00\x03\x00\x00A5!\x15\x03\xd7\xfd\
\x03\x021\x98\x98\x00\x01\x00J\x02\x8b\x04\x87\x03\x22\x00\
\x03\x00\x00A5!\x15\x04\x87\xfb\xc3\x02\x8b\x97\x97\x00\
\x01\x00O\x02\x8b\x04\x8c\x03\x22\x00\x03\x00\x00A5!\
\x15\x04\x8c\xfb\xc3\x02\x8b\x97\x97\x00\x01\x01\xee\x04!\x02\
\x8d\x06\x00\x00\x05\x00\x00A5#\x15\x033\x02\x8d\x9e\
\x01\x8a\x05\x91o\x7f\xfe\xa0\x00\x00\x02\x01b\x04!\x03\
_\x06\x00\x00\x05\x00\x0b\x00\x00A5#\x15\x033\x01\
7#\x15\x033\x01\xf9\x96\x01\x82\x01z\x01\x96\x01\x81\
\x05\x93m}\xfe\x9e\x01rm}\xfe\x9e\x00\x00\x01\x01\
\xec\x04\x0f\x02\xff\x06\x1d\x00\x0c\x00\x00A\x15354\
67'\x06\x06\x07\x06\x06\x01\xec\xb5//e*@\
\x16\x17\x17\x04\xa1\x92\x95V\x94GH$\x5c23h\
\x00\x00\x01\x01\xcd\x04\x07\x02\xe0\x06\x16\x00\x0c\x00\x00A\
5#\x15\x14\x06\x07\x1766766\x02\xe0\xb5/\
/e*@\x17\x16\x17\x05\x83\x93\x96V\x94GH$\
\x5c32h\x00\x00\x01\x01\xbc\xfe\xd1\x02\xd3\x00\xe1\x00\
\x0c\x00\x00e5#\x15\x14\x06\x07\x1766766\
\x02\xd3\xb9//i*@\x17\x16\x17L\x95\x97V\x94\
FI$]22g\xff\xff\x01I\x04\x0f\x03\xa1\x06\
\x1d\x04'\x00l\xff]\x00\x00\x00\x07\x00l\x00\xa2\x00\
\x00\xff\xff\x01-\x04\x07\x03\x8c\x06\x16\x04'\x00m\xff\
`\x00\x00\x00\x07\x00m\x00\xac\x00\x00\x00\x02\x01/\xfe\
\xcf\x03h\x00\xdf\x00\x0c\x00\x19\x00\x00e5#\x15\x14\
\x06\x07\x1766766%5#\x15\x14\x06\x07\x17\
66766\x02F\xb9//i*@\x17\x16\x17\
\x01\x22\xb9//i*@\x17\x16\x17K\x94\x97V\x94\
FI$]22h/\x94\x97V\x94FI$]\
22h\xff\xff\x01\xee\x04!\x02\x8d\x06\x00\x06\x06\x00\
j\x00\x00\xff\xff\x01b\x04!\x03_\x06\x00\x06\x06\x00\
k\x00\x00\x00\x01\x01e\xfe*\x03u\x06k\x00'\x00\
\x00A\x15\x14\x16\x17\x16\x16\x17\x16\x16\x177&&'\
&&'&&55467667667\
'\x06\x06\x07\x06\x06\x07\x06\x06\x01e-&%c7\
6o2')Q&%D\x1a\x18\x1c\x1e\x1b\x1cT\
.\x1fA '2n67c&&-\x02O\x0a\
\x8f\xfckl\xb1EFa\x1cq!]<?\x9f]\
\x5c\xda}\x0e\x82\xe2^h\xafA*D\x18z\x1cb\
EE\xb2kl\xfc\x00\x00\x01\x01@\xfe*\x03Q\x06\
k\x00'\x00\x00A54&'&&'&&'\
\x07\x16\x16\x17\x16\x16\x17\x16\x16\x15\x15\x14\x06\x07\x06\x06\
\x07\x06\x06\x07\x1766766766\x03Q/\
$%b86p2'!F!+R\x1d\x14!\
\x19\x17\x16E%'V*'2o76c&&\
-\x02E\x0a\x99\xf5im\xaeGEb\x1cq\x1bM\
3A\xafnM\xdc\x87\x0ew\xd1Za\xa3A@b\
\x1fq\x1caFE\xb1lk\xfc\x00\x00\x01\x01\xaa\xfe\
\xc8\x036\x06\x80\x00\x07\x00\x00A5!\x11!5#\
\x11\x036\xfet\x01\x8c\xdd\x05\xe8\x98\xf8H\x98\x06\x88\
\x00\x00\x01\x01\x95\xfe\xc8\x03\x22\x06\x80\x00\x07\x00\x00A\
\x153\x11#\x15!\x11\x01\x95\xde\xde\x01\x8d\x06\x80\x98\
\xf9x\x98\x07\xb8\x00\x01\x01C\xfe\x92\x03\xe7\x06=\x00\
*\x00\x00A7&&'&&55&&'6\
655467667'\x06\x06\x07\x06\x06\x15\
\x15\x14\x06#\x15\x16\x16\x15\x15\x14\x16\x17\x16\x16\x03\xd2\
\x15>Q\x18\x19\x14\x01ntto\x0c\x16\x15UH\
\x15e\x8e,/+\x89\x8d\x8d\x89.-/\x8e\xfe\x92\
s\x02@21{>\xa9w\xb5./\xb5x\xaa=\
|21@\x02s\x03Q@C\xa9Q\xaa\x91\x81\x91\
\x01\x82\x90\xa9P\xa3BET\x00\x01\x01C\xfe\x92\x03\
\xe7\x06=\x006\x00\x00E\x176676655\
4676675\x22&'&&554&\
'&&'\x07\x16\x16\x17\x16\x16\x15\x15\x14\x16\x17\x16\
\x16\x17\x06\x06\x07\x06\x06\x15\x15\x14\x06\x07\x06\x06\x01C\
\x15b\x8e/., !\x22kHRu!\x17\x17\
-3-\x8ba\x14HT\x16\x15\x0d.0\x19C(\
'A\x1a1/\x15\x18\x19R\xfbs\x02VCC\xa3\
P\xa9Ff\x22#!\x01\x91+/![<\xaaT\
\xacE=L\x03s\x02@12|=\xaaN\x852\
\x1b,\x10\x10*\x1a1\x86O\xa9>{12@\x00\
\x01\x01\x8c\x00\x99\x03@\x03\xb5\x00\x06\x00\x00A\x01#\
\x01\x15\x013\x02>\x01\x02\x8d\xfe\xd9\x01'\x8d\x02&\
\x01\x8f\xfe{\x13\xfe|\x00\x01\x01\x8c\x00\x98\x03@\x03\
\xb5\x00\x06\x00\x00A#\x01\x013\x015\x02\x1a\x8e\x01\
\x02\xfe\xfe\x8e\x01&\x03\xb5\xfeq\xfer\x01\x85\x13\x00\
\x01\x00w\x00\x92\x04]\x04\xb6\x00\x0b\x00\x00A\x11#\
\x11!\x15!\x113\x11!5\x02\xc6\xb9\xfej\x01\x96\
\xb9\x01\x97\x03\x0d\x01\xa9\xfeW\xb8\xfe=\x01\xc3\xb8\x00\
\x01\x00\xa9\x02\x8b\x03\xec\x03\x22\x00\x03\x00\x00A5!\
\x15\x03\xec\xfc\xbd\x02\x8b\x97\x97\x00\x02\x00\x9c\x00\x01\x04\
0\x04\xf3\x00\x0b\x00\x0f\x00\x00A\x11#\x11!\x15!\
\x113\x11!5\x035!\x15\x02\xc5\xa8\xfe\x7f\x01\x81\
\xa8\x01k*\xfc\xbd\x03W\x01\x9c\xfed\x98\xfeb\x01\
\x9e\x98\xfc\xaa\x97\x97\x00\x00\x01\x00\xb5\x00\xce\x04:\x04\
c\x00\x0b\x00\x00S\x17\x01\x017\x01\x01'\x01\x01\x07\
\x01\xb5w\x01K\x01Lw\xfe\xb5\x01Hw\xfe\xb7\xfe\
\xb8w\x01G\x01I{\x01Q\xfe\xaf{\x01Q\x01N\
{\xfe\xb1\x01O{\xfe\xb2\x00\x00\x03\x00s\x00\xb1\x04\
Y\x04\xb4\x00\x03\x00\x0f\x00\x1b\x00\x00A5!\x15\x01\
\x14\x1632654&#\x22\x06\x03\x14\x1632\
654&#\x22\x06\x04Y\xfc\x1a\x01\x88766\
88667\x0276688667\x02X\
\xb8\xb8\x01\xf1-<<-->>\xfc\xa4,==\
,->>\x00\x00\x02\x00\xad\x01m\x04*\x03\xad\x00\
\x03\x00\x07\x00\x00A5!\x15\x015!\x15\x04*\xfc\
\x83\x03}\xfc\x83\x03\x0c\xa1\xa1\xfea\xa0\xa0\x00\x01\x00\
\xa9\x00\xb5\x04&\x04A\x00\x13\x00\x00A5!7!\
5#7'\x07!\x15!\x07!\x15!\x07\x177\x04\
&\xfeL\x80\x014\xe41MJ\xfd\xcd\x01\xe2\x80\xfe\
\x9e\x01\x11BN\x5c\x01m\xa0\xff\xa1a3\x94\xa1\xff\
\xa0\x853\xb8\x00\x00\x02\x00\x8d\x01\x14\x04>\x03\xff\x00\
\x19\x003\x00\x00S\x176632\x16\x17\x16\x163\
267'\x06\x06#\x22&'&&#\x22\x06\x03\
\x176632\x16\x17\x16\x163267'\x06\x06\
#\x22&'&&#\x22\x06\x97\x0a/zC8O\
CE~8Bz0\x0a/zC,d8Dy\
?Cz:\x0a/zC9IQQj7Bz\
0\x0a/zC5mAI_9Cz\x03i\xab\
DO\x18$%.OC\xabDN\x1d '*N\
\xfe\x12\xabDN\x17(('ND\xabDO'%\
*\x19O\x00\x01\x00\xaa\x00\xc4\x03\xfa\x04K\x00\x08\x00\
\x00e5%'7%5\x01\x15\x03\xfa\xfd\x9c55\
\x02d\xfc\xb0\xc4\xc4\xec\x12\x11\xf0\xc4\xfe\x86\x92\x00\x00\
\x01\x00\xb2\x00\xc5\x04%\x04L\x00\x08\x00\x00w\x015\
\x01\x15\x05\x17\x07\x05\xb2\x03s\xfc\x8d\x02\x87<<\xfd\
y\xc5\x01{\x92\x01z\xbf\xf0\x13\x11\xf4\x00\x00\x02\x00\
\xbb\x00\x09\x04\x0d\x04\x99\x00\x08\x00\x0c\x00\x00A5%\
'7%5\x01\x15\x015!\x15\x04\x0d\xfd\x9c55\
\x02d\xfc\xb0\x03A\xfc\xbd\x01l\xb1\xd4\x10\x10\xd8\xb0\
\xfe\xac\x83\xfdG\x97\x97\x00\x02\x00\xc2\x00\x07\x045\x04\
\xad\x00\x08\x00\x0c\x00\x00S\x015\x01\x15\x05\x17\x07\x05\
\x015!\x15\xc2\x03s\xfc\x8d\x02\x87<<\xfdy\x03\
D\xfc\xbd\x01\x80\x01U\x84\x01T\xac\xd8\x11\x0f\xdc\xfd\
\xda\x97\x97\x00\x01\x00\xbd\x01w\x03\xfb\x03 \x00\x05\x00\
\x00A\x11!\x15!\x11\x03\xfb\xfc\xc2\x02\x85\x01w\x01\
\xa9\xa1\xfe\xf8\x00\x00\x01\x00\xfc\xff\x83\x04\x01\x05\xb0\x00\
\x03\x00\x00E\x01#\x01\x01\xa2\x02_\xa5\xfd\xa0}\x06\
-\xf9\xd3\x00\x01\x00\xe7\xff\x83\x03\xee\x05\xb0\x00\x03\x00\
\x00S\x013\x01\xe7\x02`\xa7\xfd\xa0\x05\xb0\xf9\xd3\x06\
-\x00\x01\x01+\x00\xd5\x03\x9e\x04\xd1\x00\x03\x00\x00e\
\x01'\x01\x01\x9c\x02\x02r\xfd\xff\xd5\x03\xbaB\xfcF\
\x00\x00\x05\x00,\xff\xeb\x04\x9e\x05\xc5\x00\x19\x003\x00\
M\x00g\x00k\x00\x00S\x15\x14\x16\x17\x16\x1632\
6766554&'&&#\x22\x06\x07\x06\
\x06\x1754676632\x16\x17\x16\x16\x15\x15\
\x14\x06\x07\x06\x06#\x22&'&&\x01\x15\x14\x16\x17\
\x16\x16326766554&'&&#\
\x22\x06\x07\x06\x06\x1754676632\x16\x17\
\x16\x16\x15\x15\x14\x06\x07\x06\x06#\x22&'&&\x05\
\x01'\x01,#\x22\x22eAAd\x22!##!\
\x22eBAd!\x22#\x8a\x0e\x10\x0f1#$1\
\x10\x0f\x0f\x0f\x0f\x0f1#$1\x10\x10\x0e\x01\xcf#\
\x22\x22eBAc\x22\x22##\x22\x22dBAd\
\x22\x22#\x8a\x0e\x10\x0f1$#2\x10\x0f\x0e\x0e\x0f\
\x0f1#$2\x0f\x10\x0f\xfe\x7f\x027o\xfd\xc9\x04\
\xaaM9f&'--'&f9M9g'\
'--''g\x86M\x1f;\x17\x16\x1b\x1b\x16\x17\
;\x1fM\x1f9\x16\x17\x1b\x1b\x17\x169\xfd\x14N9\
f&'--'&f9N9f''--\
''f\x87N\x1f:\x17\x16\x1b\x1b\x16\x17:\x1fN\
\x1f:\x16\x17\x1b\x1b\x17\x16:)\x04\x0d>\xfb\xf3\x00\
\x06\x006\xff\xeb\x04\xa0\x05\xc5\x001\x00K\x00e\x00\
\x7f\x00\x99\x00\x9d\x00\x00A\x15\x14\x16\x17\x16\x1632\
67667\x16\x16\x17\x16\x16326766\
554&'&&#\x22\x06\x07\x06\x06\x07&&\
'&&#\x22\x06\x07\x06\x06\x01\x15\x14\x16\x17\x16\x16\
326766554&'&&#\x22\x06\
\x07\x06\x06\x0154676632\x16\x17\x16\x16\
\x15\x15\x14\x06\x07\x06\x06#\x22&'&&\x0154\
676632\x16\x17\x16\x16\x15\x15\x14\x06\x07\x06\
\x06#\x22&'&&\x0154676632\
\x16\x17\x16\x16\x15\x15\x14\x06\x07\x06\x06#\x22&'&\
&%\x01'\x01\x01V\x1f\x1f\x1f\x5c=$>\x19\x0f\
\x1a\x0b\x0a\x17\x0d\x1bB'<[\x1f\x1e\x1f\x1f\x1f\x1f\
[=#<\x19\x10\x1c\x0c\x0d \x12\x189!<[\
\x1f\x1f\x1f\xfe\xe0 \x1f\x1f\x5c<<Z\x1f\x1e \x1f\
\x1f\x1f[=<[\x1f\x1f\x1f\x01\xab\x0b\x0d\x0c(\x1d\
\x1e(\x0d\x0c\x0b\x0b\x0c\x0c(\x1d\x1e)\x0c\x0d\x0b\xfe\
\xe0\x0b\x0d\x0c(\x1d\x1e(\x0d\x0c\x0b\x0b\x0c\x0d(\x1c\
\x1e(\x0d\x0d\x0b\x02\x80\x0b\x0d\x0c(\x1e\x1d)\x0d\x0c\
\x0b\x0b\x0c\x0c(\x1d\x1e)\x0d\x0d\x0b\xfdn\x03\x10D\
\xfc\xf0\x01/,8f&'-\x11\x0f\x09\x16\x0d\x0b\
\x15\x08\x11\x13-'&f8,8e'&.\x10\
\x0e\x0a\x17\x0e\x0f\x19\x0a\x0d\x0e.&'e\x03E,\
8e&&..&&e8,8f'&.\
.&'f\xfc\x1f,\x1e9\x17\x16\x1c\x1c\x16\x179\
\x1e,\x1e:\x16\x17\x1b\x1b\x17\x16:\x03\x9b,\x1e9\
\x17\x16\x1c\x1c\x16\x179\x1e,\x1e9\x16\x17\x1b\x1b\x17\
\x169\xfc\xa1,\x1e9\x17\x16\x1c\x1c\x16\x179\x1e,\
\x1e:\x16\x17\x1b\x1b\x17\x16:\xda\x02\x81T\xfd\x7f\x00\
\x01\x02\x1c\xfer\x02\xb1\x05\xb0\x00\x03\x00\x00A\x11#\
\x11\x02\xb1\x95\xfer\x07>\xf8\xc2\x00\x00\x02\x01\xff\xfe\
\xf2\x02\xb8\x05\xb0\x00\x03\x00\x07\x00\x00A3\x11#7\
\x11#\x11\x01\xff\xb9\xb9\xb9\xb9\xfe\xf2\x03\x17\xb1\x02\xf6\
\xfd\x0a\x00\x00\x01\x00w\x00\x00\x04U\x05\xb0\x00\x0b\x00\
\x00A5!\x11#\x11!\x15!\x113\x11\x04U\xfe\
k\xb9\xfep\x01\x90\xb9\x03\xa1\x99\x01v\xfe\x8a\x99\xfc\
_\x03\xa1\x00\x01\x00y\xfe`\x04V\x05\xb0\x00\x13\x00\
\x00a5!\x11!5!\x11#\x11!\x15!\x11!\
\x15!\x113\x11\x04V\xfei\x01\x97\xfei\xb9\xfes\
\x01\x8d\xfes\x01\x8d\xb9\x97\x03\x0a\x99\x01v\xfe\x8a\x99\
\xfc\xf6\x97\xfe`\x01\xa0\x00\x03\x00Z\xff\xeb\x04\x83\x04\
N\x003\x00K\x00c\x00\x00A#\x14\x06\x07\x06\x06\
#\x22&'&&554676632\x16\
\x17\x16\x16\x1534&'&&#\x22\x06\x07\x06\x06\
\x15\x15\x14\x16\x17\x16\x16326766%46\
76632\x16\x17\x16\x16\x15\x14\x06\x07\x06\x06#\
\x22&'&&'\x14\x16\x17\x16\x1632676\
654&'&&#\x22\x06\x07\x06\x06\x03^n\
\x10\x10\x106%&9\x13\x13\x12\x12\x13\x139&%\
6\x11\x10\x10n\x1e\x1c a?>`!!$$\
!!`>>` \x1d\x1e\xfdSD<<\xa3_\
^\xa3<<DD<<\xa3^_\xa3<<DW\
RHG\xc3qq\xc2HGRRGH\xc2qk\
\xc2HIV\x01\xbb#3\x11\x12\x11\x1e\x1a\x1aF)\
X(G\x1a\x19\x1e\x11\x12\x113\x226T\x1e!\x22\
,''k>W?j&',! \x1dV\x9a\
a\xab@@II@@\xabab\xac@AKJ\
A@\xadbu\xcdLMXXML\xcduu\xcc\
LKXSJJ\xcf\x00\x04\x00W\xff\xeb\x04\x80\x04\
M\x00\x17\x00/\x00=\x00I\x00\x00S\x14\x16\x17\x16\
\x1632676654&'&&#\x22\x06\
\x07\x06\x06\x174676632\x16\x17\x16\x16\x15\
\x14\x06\x07\x06\x06#\x22&'&&%3\x173\x03\
6654&##\x113\x11532\x16\x15\x14\
\x06\x07\x06\x06\x07WRHG\xc3qq\xc2HGR\
RGH\xc2qq\xc3GHRWD<<\xa3_\
^\xa3<<DD<<\xa3^_\xa3<<D\x01\
N}xn\x93BF\x83m\xd3khI<\x13\x0f\
\x10,\x18\x02\x1cu\xcdKLXXLK\xcduu\
\xcdLLWWLL\xcdub\xac@?II?\
@\xacbb\xab@@JJ@@\xab+\xfd\x01\x1f\
\x16N8a_\xfd\x85\x01^\xbc,7\x15 \x0c\x0b\
\x0c\x01\x00\x00\x02\x00g\x03\x97\x047\x05\xb0\x00\x0c\x00\
\x14\x00\x00A\x113\x11#\x03\x03#\x113\x11\x133\
\x015!\x153\x113\x11\x03\xddZp\x90\x8fpZ\
\x8b4\xfe\x98\xfe~\x93[\x05!\xfev\x02\x19\xfeq\
\x01\x8f\xfd\xe7\x01\x89\xfew\x01\xc8QQ\xfe8\x01\xc8\
\x00\x00\x02\x01i\x03\xc0\x03b\x05\xc4\x00\x17\x00/\x00\
\x00A\x14\x16\x17\x16\x1632676654&\
'&&#\x22\x06\x07\x06\x06\x17467663\
2\x16\x17\x16\x16\x15\x14\x06\x07\x06\x06#\x22&'&\
&\x01i)#\x22]43[\x22\x22((\x22\x22\
[34]\x22#)|\x15\x12\x110\x1b\x1b.\x12\
\x11\x13\x13\x11\x12.\x1b\x1b0\x11\x12\x15\x04\xc06]\
\x22#((#\x22^55_$#))#$\
_5\x1c1\x12\x12\x14\x14\x12\x121\x1c\x1b/\x11\x12\
\x13\x13\x12\x11/\x00\x01\x00\xa0\x01\xd9\x04`\x05\xb0\x00\
\x0e\x00\x00A\x01\x17\x13\x137\x01%'\x05\x13#\x13\
%\x07\x02\x19\xfe\xfb\x92\xd4\xd6\x92\xff\x00\x01~6\xfe\
\x95\x1d\xb2\x19\xfe\x936\x03\x93\xfe\xb9j\x01b\xfe\x95\
n\x01D^\xb2\x96\x01\xab\xfe[\x97\xaf\x00\x00\x02\x00\
=\x00\x00\x04\x99\x05\xb0\x00\x1b\x00\x1f\x00\x00A\x033\
\x1335#\x1335#\x13#\x03!\x13#\x03!\
\x15!\x03!\x153\x033\x137\x13!\x03\x02\xc3P\
\x8fP\xfc\xe2E\xe8\xcdR\x8fR\xfe\xf8R\x8fR\xfe\
\xe3\x01\x02E\xfe\xf7\xefP\x8fP\x1aE\x01\x08E\x01\
\x9a\xfef\x01\x9a\x89\x01b\x8b\x01\xa0\xfe`\x01\xa0\xfe\
`\x8b\xfe\x9e\x89\xfef\x01\x9a\x89\x01b\xfe\x9e\x00\x00\
\x03\x00k\xff\xec\x04\xa9\x05\xc5\x006\x00J\x00c\x00\
\x00S\x14\x16\x17\x16\x163267667\x173\
'665#\x06\x06\x07\x017667665\
4&'&&#\x22\x06\x07\x06\x06\x15\x14\x16\x17\x16\
\x16\x17\x07\x06\x06\x07\x06\x06\x01\x22&'&&54\
676677\x01\x06\x06\x07\x06\x06\x03467\
6632\x16\x17\x16\x16\x15\x14\x06\x07\x06\x06\x07\x07\
&&'&&k=88\xa0c=s5 =\
\x1cS\xdd\xb5FI\xa7\x01(#\xfe\xcd^,L\x1c\
\x1b\x1f,()tGR\x84//3\x11\x0f\x13:\
%$1Q\x1f$(\x01\xb0=\x5c\x1f\x1f \x0b\x11\
\x10>2\x1c\x01C\x183\x1b%P\xa0\x16\x16\x15A\
+!4\x13\x12\x13\x09\x0b\x0b(\x1fu\x19&\x0c\x0a\
\x0a\x01uV\x9144:\x1a\x19\x0f(\x18n\xedX\
\xdb\x80X\x98@\x01\x93P!D&&W5>p\
+*2.,-\x83U(L%-]2\x1a%\
L*2r\xfe\xca&!!X3\x139#\x22N\
)\x18\xfeQ\x14!\x0c\x11\x12\x03\xe6(G\x1b\x1b \
\x1b\x15\x169\x1e\x170\x17\x18.\x15]$D!\x19\
3\x00\x02\x00@\xff\xf8\x04\x8b\x05\xb2\x00^\x00u\x00\
\x00A6&'&&#\x22\x06\x07\x06\x02\x07\x06\x12\
\x17\x16\x163267667'\x06\x06\x07\x06\x06\
#\x22&'&&76676632\x16\x17\
\x16\x16\x07\x06\x06\x07\x06\x06#\x22&'&&7\x13\
&&#\x22\x06\x07\x06\x06\x07\x06\x16\x17\x16\x1632\
67667\x16\x16\x17\x16\x16326766\
\x056676632\x16\x17\x03\x07\x06\x06\x07\x06\
\x06#\x22&'&&\x04\x87\x04@@A\xbez}\
\xcfLP_\x06\x05;CB\xd3\x93 H##@\
\x19 \x166\x1e\x1e>\x1ep\xa5550\x05\x04J\
C?\x9fa`\x96432\x04\x01\x14\x13\x139%\
\x10\x1c\x09\x0a\x0a\x03,\x1aXCGv,-8\x09\
\x06\x11\x17\x16H1\x22>\x1b\x16'\x10\x07\x16\x0f\x15\
:$Jf!  \xfdR\x08!\x1b\x1bO5\x0f\
\x1d\x0e&\x01\x0b\x1a\x0e\x177\x1e\x18#\x0b\x0b\x08\x03\
\x15\x97\xf7XX_rdi\xfe\xe0\xa0\x99\xfe\xff]\
]g\x09\x0a\x09\x1c\x13u\x0f\x18\x08\x09\x09MJI\
\xd4\x88\x91\xf3VPWJFF\xca\x7fI\x8201\
9\x0a\x0f\x0e3)\x01\xf8$5C>?\xb3oN\
\x82//4\x14\x12\x10*\x19\x18'\x0f\x15\x16VD\
D\xa7#R\x85/.3\x06\x07\xfeM\x0a\x18%\x0e\
\x16\x14\x1d\x1c\x1bQ\x00\x00\x02\x00W\xfe\x11\x04t\x05\
\xc4\x00j\x00\x8b\x00\x00A4&'&&'&&\
'&&'&&'&&5467663\
2\x16\x17\x16\x16\x1534&'&&#\x22\x06\x07\
\x06\x06\x15\x14\x16\x17\x16\x16\x17\x06\x06\x07\x06\x06\x15\x14\
\x16\x17\x16\x16\x17\x16\x16\x17\x16\x16\x17\x16\x16\x15\x14\x06\
\x07\x06\x06#\x22&'&&5\x07\x14\x16\x17\x16\x16\
32676654&'&&'667\
66\x01\x16\x16\x17\x16\x16\x17\x16\x16\x15\x06\x06\x07\x06\
\x06\x07&&'&&'&&546766\
7\x16\x16\x04tA=\x1fJ++a6/O!\
$:\x15)\x22&'&qKIs'')\xb9\
E?@\xb6rm\xb4@@G\x1e\x1d\x10'\x17\x1e\
5\x14&)B=!S/;\x8c<?^ *\
&*'(pF<x00<\xb9ZII\xbb\
bm\xb3A@G\x19\x18\x11/\x1d\x1d3\x15),\
\xfd\xe24W$\x1e2\x14+(\x01\x1c\x1a\x147!\
%P,>d&UE\x1a\x1a\x135!%Q\x01\
\xaf^\x850\x18)\x12\x12 \x0f\x0d\x18\x0c\x0e\x1c\x0f\
\x1cH4-N\x1d\x1c!,%&g:h\xa17\
69300\x87TAf)\x15'\x11\x0f$\x15\
(e=_\x861\x1b,\x13\x18'\x14\x15(\x16\x1d\
F0/N\x1c\x1c \x1d\x22!kN\x02x\xa52\
3-1//\x88X:^%\x1c/\x14\x0d\x22\x13\
(h\x01E\x10\x1d\x0f\x0c\x1a\x0e\x1eI0(C\x19\
\x14\x1d\x09\x0e\x18\x0d\x11 \x11%XI)D\x1a\x13\
\x1b\x08\x0e\x19\x00\x00\x01\x00\xd3\x00\x00\x03\xd0\x05\xb0\x00\
\x10\x00\x00a3\x11!\x22\x06\x07\x06\x06\x15\x14\x16\x17\
\x16\x1633\x03\x16\xba\xfe\xefv\xb7??AA?\
?\xb7vW\x05\xb0G>?\xabef\xac>>F\
\x00\x00\x01\x00\xe7\x02\xa5\x03\xe5\x05\xb0\x00\x08\x00\x00S\
3\x137\x17\x133\x01#\xe7\xac\xc3\x0f\x0f\xc6\xab\xfe\
\xc1\x7f\x02\xa5\x01\xe6DD\xfe\x1a\x03\x0b\x00\x00\x01\x00\
0\x01\x92\x04\x9c\x03\x22\x001\x00\x00A'\x14\x06\x07\
\x06\x06#\x06&'&&'&&'&&#\x22\
\x06\x07\x06\x06\x15\x174676632\x16\x17\x16\
\x16\x17\x16\x16\x17\x16\x16326766\x04\x9c\x86\
\x1a\x16\x17=#\x1e8\x1b\x170\x1a'K''S\
.Cn'(,\x86\x1a\x16\x16=#\x17+\x15\x1e\
=!(K'&Q/Cn((,\x02\xe4\x12\
&F\x1a\x1b \x01\x0f\x0f\x0c#\x16 4\x12\x12\x13\
5--xB\x11&C\x19\x18\x1d\x08\x09\x0c)\x1b\
\x224\x12\x12\x128//z\xff\xff\x00Q\x00\x00\x04\
\x90\x07 \x06&\x00\x02\x00\x00\x00\x07\x01[\x00\x85\x01\
W\xff\xff\x00Q\x00\x00\x04\x90\x07J\x06&\x00\x02\x00\
\x00\x00\x07\x01_\x00\x0f\x01\x98\xff\xff\x00Q\x00\x00\x04\
\x90\x07H\x06&\x00\x02\x00\x00\x00\x07\x01\x5c\x00\x87\x01\
[\xff\xff\x00Q\x00\x00\x04\x90\x07 \x06&\x00\x02\x00\
\x00\x00\x07\x01a\x00\x0f\x01[\xff\xff\x00Q\x00\x00\x04\
\x90\x07#\x06&\x00\x02\x00\x00\x00\x07\x01Z\xff\x99\x01\
Z\xff\xff\x00Q\x00\x00\x04\x90\x06\xfa\x06&\x00\x02\x00\
\x00\x00\x07\x01^\x00\x13\x01J\x00\x02\x00Q\xfeO\x04\
\x90\x05\xb0\x00#\x00&\x00\x00A#\x013\x13!\x13\
\x06\x06\x07\x06\x06\x15\x14\x16\x17\x16\x163267'\
\x06\x06'\x22&54676673\x01\x13\x13\
\x02\xc2\x9b\xfe*\xb9u\x01\xe6k\x1e4\x14'0\x1e\
\x1a\x1aF)AU\x1c\x1f\x105 *$\x1d\x1b\x16\
;#0\xfd!\xc3\xc0\x05\xb0\xfaP\x01y\xfe\xa0\x12\
'\x18.^//G\x18\x18\x18\x1c\x10y\x08\x13\x01\
)\x22$C\x1d\x18,\x13\x02\x1a\x02x\xfd\x88\x00\xff\
\xff\x00Q\x00\x00\x04\x90\x07\x8b\x06&\x00\x02\x00\x00\x00\
\x07\x01b\x00\x0e\x01\xa4\xff\xff\x00Q\x00\x00\x04\x90\x08\
\x18\x06&\x00\x02\x00\x00\x00\x07\x02k\xff\xfc\x01\xa6\xff\
\xff\x00Q\x00\x00\x04\x90\x07R\x06&\x00\x02\x00\x00\x00\
\x07\x01]\x00\x93\x01a\xff\xff\x00 \x00\x00\x04\xab\x07\
 \x06&\x00H\x00\x00\x00\x07\x01[\x00\xd7\x01W\xff\
\xff\x00k\xff\xec\x04]\x075\x06&\x00\x04\x00\x00\x00\
\x07\x01[\x00\xaa\x01l\xff\xff\x00k\xff\xec\x04]\x07\
^\x06&\x00\x04\x00\x00\x00\x07\x01d\x005\x01q\xff\
\xff\x00k\xfeM\x04]\x05\xc4\x06&\x00\x04\x00\x00\x00\
\x06\x01f6\x00\xff\xff\x00k\xff\xec\x04]\x07]\x06\
&\x00\x04\x00\x00\x00\x07\x01\x5c\x00\xac\x01p\xff\xff\x00\
\x9b\x00\x00\x04p\x07I\x06&\x00\x05\x00\x00\x00\x07\x01\
d\xff\xda\x01\x5c\x00\x02\xff\xc5\x00\x00\x04\x7f\x05\xb0\x00\
\x13\x00'\x00\x00s!6676675&&\
'&&'!\x11#\x153!5#\x113\x16\x16\
\x17\x16\x16\x17\x15\x06\x06\x07\x06\x06\x07#\x11\xaa\x01Q\
\x98\xefSRW\x01\x01WRS\xef\x98\xfe\xaf\xe5\xe5\
\x01\x98\xdc\x95v\xac888\x01\x01789\xacv\
\x95\x01cYX\xf7\x96k\x96\xf7YXc\x02\xfd\x81\
\x97\x97\x01\xe7\x02PEF\xbdomo\xbeFFQ\
\x01\x02\x03\xff\xff\x00\xb6\x00\x00\x044\x07 \x06&\x00\
\x06\x00\x00\x00\x07\x01[\x00{\x01W\xff\xff\x00\xb6\x00\
\x00\x044\x07J\x06&\x00\x06\x00\x00\x00\x07\x01_\x00\
\x05\x01\x98\xff\xff\x00\xb6\x00\x00\x044\x07I\x06&\x00\
\x06\x00\x00\x00\x07\x01d\x00\x06\x01\x5c\xff\xff\x00\xb6\x00\
\x00\x044\x07H\x06&\x00\x06\x00\x00\x00\x07\x01\x5c\x00\
}\x01[\xff\xff\x00\xb6\x00\x00\x044\x07 \x06&\x00\
\x06\x00\x00\x00\x07\x01a\x00\x05\x01[\xff\xff\x00\xb6\x00\
\x00\x044\x07\x19\x06&\x00\x06\x00\x00\x00\x07\x01`\x00\
\x05\x01[\xff\xff\x00\xb6\x00\x00\x044\x07#\x06&\x00\
\x06\x00\x00\x00\x07\x01Z\xff\x8f\x01Z\xff\xff\x00\xb6\x00\
\x00\x044\x06\xfa\x06&\x00\x06\x00\x00\x00\x07\x01^\x00\
\x09\x01J\x00\x01\x00\xaf\xfeK\x04\x1d\x05\xb0\x00\x1d\x00\
\x00A#\x11\x01'#\x113\x11\x01\x15\x14\x06\x07\x06\
\x06#\x22&'\x07\x16\x163267665\x04\
\x1c\xb9\xfe\x08\x03\xb9\xb9\x01\xfb\x19\x18\x10)\x1a\x12:\
\x14\x0e\x1d3\x1eLv)(+\x05\xb0\xfb\xd5\x04%\
\x06\xfaP\x04-\xfb\xd5[5S\x1a\x10\x12\x07\x06\x93\
\x0a\x08/--\x81R\x00\x01\x00\xb6\xfeO\x044\x05\
\xb0\x00(\x00\x00A5!\x11!5!\x11!\x06\x06\
\x07\x06\x06\x15\x14\x16\x17\x16\x163267'\x06\x06\
'\x22&546766735!\x11\x03\xcf\
\xfd\xa0\x02\xbc\xfc\x8b\x02u\x1b/\x11\x1e\x1f\x1e\x1a\x1a\
F)AU\x1c\x1f\x105 *$\x1e\x1b\x16:#\
T\xfd;\x02\xa1\x9d\x01\xd4\x9e\xfaP\x14,\x17%P\
'/G\x18\x18\x18\x1c\x10y\x08\x13\x01)\x22$D\
\x1d\x18+\x13\x9d\x02\x04\x00\x02\xff\xc5\x00\x00\x04\x7f\x05\
\xb0\x00\x13\x00'\x00\x00s!6676675\
&&'&&'!\x11#\x153!5#\x113\
\x16\x16\x17\x16\x16\x17\x15\x06\x06\x07\x06\x06\x07#\x11\xaa\
\x01Q\x98\xefSRW\x01\x01WRS\xef\x98\xfe\xaf\
\xe5\xe5\x01\x98\xdc\x95v\xac888\x01\x01789\
\xacv\x95\x01cYX\xf7\x96k\x96\xf7YXc\x02\
\xfd\x81\x97\x97\x01\xe7\x02PEF\xbdomo\xbeF\
FQ\x01\x02\x03\xff\xff\x00d\xff\xeb\x04\x5c\x07_\x06\
&\x00\x08\x00\x00\x00\x07\x01_\x00\x19\x01\xad\xff\xff\x00\
d\xff\xeb\x04\x5c\x07]\x06&\x00\x08\x00\x00\x00\x07\x01\
\x5c\x00\x91\x01p\xff\xff\x00d\xfe%\x04\x5c\x05\xc4\x06\
&\x00\x08\x00\x00\x00\x07\x01h\x00\xb1\xfe\xcf\x00\x02\x00\
\x18\x00\x00\x04\xbc\x05\xb0\x00\x13\x00\x17\x00\x00A\x11#\
\x11!\x11#\x11#\x153\x113\x11!\x113\x113\
5\x015!\x15\x04<\xaf\xfd\xab\xaerr\xae\x02U\
\xaf\x80\xfc|\x02U\x04\x8f\x01!\xfe\xdf\x01!\xfe\xdf\
\x8f\xfc\x00\x02\xa1\xfd_\x04\x00\x8f\xfe\xaf\xc2\xc2\x00\xff\
\xff\x00\x8d\x00\x00\x04?\x07H\x06&\x00\x09\x00\x00\x00\
\x07\x01\x5c\x00q\x01[\xff\xff\x00\xae\x00\x00\x04\x1e\x07\
 \x06&\x00\x0a\x00\x00\x00\x07\x01[\x00G\x01W\xff\
\xff\x00\xae\x00\x00\x04\x1e\x07J\x06&\x00\x0a\x00\x00\x00\
\x07\x01_\xff\xd2\x01\x98\xff\xff\x00\xae\x00\x00\x04\x1e\x07\
H\x06&\x00\x0a\x00\x00\x00\x07\x01\x5c\x00I\x01[\xff\
\xff\x00\xae\x00\x00\x04\x1e\x07 \x06&\x00\x0a\x00\x00\x00\
\x07\x01a\xff\xd2\x01[\xff\xff\x00\xae\x00\x00\x04\x1e\x07\
\x19\x06&\x00\x0a\x00\x00\x00\x07\x01`\xff\xd2\x01[\xff\
\xff\x00\xae\x00\x00\x04\x1e\x07#\x06&\x00\x0a\x00\x00\x00\
\x07\x01Z\xff[\x01Z\xff\xff\x00\xae\x00\x00\x04\x1e\x06\
\xfa\x06&\x00\x0a\x00\x00\x00\x07\x01^\xff\xd6\x01J\x00\
\x01\x00\xae\xfeO\x04\x1e\x05\xb0\x00(\x00\x00S\x15!\
\x11!\x15!\x06\x06\x07\x06\x06\x15\x14\x16\x17\x16\x163\
267'\x06\x06'\x22&5467667\
!5!\x11!5\xae\x01U\xfe\xab\x01\x97\x19*\x11\
!#\x1e\x1a\x1aF)AU\x1c\x1f\x105 *$\
\x1f\x1d\x159\x22\x01$\xfe\xa3\x01]\x05\xb0\xa1\xfb\x91\
\xa0\x12'\x15'U)/G\x18\x18\x18\x1c\x10y\x08\
\x13\x01)\x22%E\x1e\x17*\x12\xa0\x04o\xa1\x00\xff\
\xff\x00\xae\x00\x00\x04\x1e\x07R\x06&\x00\x0a\x00\x00\x00\
\x07\x01]\x00U\x01a\xff\xff\x00b\xff\xec\x04\xdf\x07\
;\x06&\x00\x0b\x00\x00\x00\x07\x01\x5c\x01\xc1\x01N\xff\
\xff\x00\xac\xfe>\x04\xa4\x05\xb0\x06&\x00\x0c\x00\x00\x00\
\x07\x01h\x00\xb6\xfe\xe8\xff\xff\x00\xc6\x00\x00\x04G\x07\
\x00\x06&\x00\x0d\x00\x00\x00\x07\x01[\xff6\x017\xff\
\xff\x00\xc6\x00\x00\x04G\x05\xb0\x06&\x00\x0d\x00\x00\x00\
\x07\x00m\x00\xf2\xff\x9a\xff\xff\x00\xc6\xfe8\x04G\x05\
\xb0\x06&\x00\x0d\x00\x00\x00\x07\x01h\x00\xb7\xfe\xe2\xff\
\xff\x00\xc6\x00\x00\x04G\x05\xb0\x06&\x00\x0d\x00\x00\x00\
\x07\x01`\x00t\xfd\xc5\x00\x01\x00:\x00\x00\x04K\x05\
\xb0\x00\x0d\x00\x00A\x11#\x11\x07\x157\x11!5!\
\x11%5\x01\x83\xb9\x90\x90\x03\x81\xfd8\x01\x06\x03M\
\x02c\xfdb-\xa2-\xfd\x90\x9d\x02\x0eS\xa2\x00\xff\
\xff\x00\x8f\x00\x00\x04>\x07 \x06&\x00\x0f\x00\x00\x00\
\x07\x01[\x00^\x01W\xff\xff\x00\x8f\x00\x00\x04>\x07\
I\x06&\x00\x0f\x00\x00\x00\x07\x01d\xff\xea\x01\x5c\xff\
\xff\x00\x8f\xfe8\x04>\x05\xb0\x06&\x00\x0f\x00\x00\x00\
\x07\x01h\x00\x84\xfe\xe2\xff\xff\x00\x8f\x00\x00\x04>\x07\
R\x06&\x00\x0f\x00\x00\x00\x07\x01]\x00l\x01a\xff\
\xff\x00j\xff\xec\x04a\x075\x06&\x00\x10\x00\x00\x00\
\x07\x01[\x00\x89\x01l\xff\xff\x00j\xff\xec\x04a\x07\
_\x06&\x00\x10\x00\x00\x00\x07\x01_\x00\x13\x01\xad\xff\
\xff\x00j\xff\xec\x04a\x07]\x06&\x00\x10\x00\x00\x00\
\x07\x01\x5c\x00\x8b\x01p\xff\xff\x00j\xff\xec\x04a\x07\
5\x06&\x00\x10\x00\x00\x00\x07\x01a\x00\x13\x01p\xff\
\xff\x00j\xff\xec\x04a\x078\x06&\x00\x10\x00\x00\x00\
\x07\x01Z\xff\x9d\x01o\x00\x02\x00c\xff\xec\x04\xc6\x05\
\xfa\x00)\x00C\x00\x00A5&&'6676\
6'#\x06\x06\x07\x06\x06\x07&&'&&#\x22\
\x06\x07\x06\x02\x15\x15\x14\x16\x17\x16\x1632676\
6\x03\x15\x06\x06\x07\x06\x06#\x22&'&&55\
4676632\x16\x17\x16\x16\x04Z\x02(,\
(B\x18\x1f!\x01\xa7\x01\x0e\x0e\x0d&\x19\x1dC'\
,h<q\xaa>PR>;<\xc1\x87\x85\xbb@\
>:\xb5\x02!'%|XXx#-',9\
$oMOv&0*\x02\x84\xa6d\xcaX\x0f1\
 ,vH,I\x1b\x18!\x08!7\x14\x17\x18U\
I^\xfe\xed\x8b\xa6u\xeb_axs_[\xf5\x01\
\x1e\xa8T\xbfHEUR>N\xc2U\xa8[\xd4O\
5@I:I\xc5\x00\xff\xff\x00j\xff\xec\x04o\x07\
_\x06&\x00\x10\x00\x00\x00\x07\x01c\x00\x99\x01p\xff\
\xff\x00j\xff\xec\x04a\x07\x0f\x06&\x00\x10\x00\x00\x00\
\x07\x01^\x00\x17\x01_\x00\x03\x00G\xff\xa3\x04\x8c\x05\
\xec\x00%\x009\x00G\x00\x00A76&'\x13#\
\x07&&'&&#\x22\x06\x07\x06\x06\x07\x15\x14\x16\
\x17\x16\x16\x17\x0337\x16\x16326766%\
54676632\x16\x17\x16\x16\x17\x01&&\
'&&%\x15\x06\x06\x07\x06\x06#\x22&'\x01\x16\
\x16\x04X\x01\x0178\xa1\x8ec\x187\x1f,h<\
\x82\xbc;C=\x02\x10\x11\x102\x22\xa0\x8eh9\x8e\
[|\xb8=FB\xfc\xc0#)%y[*F\x1d\
\x1a*\x11\xfe\x0e\x0b\x11\x06\x0a\x09\x02\x8a\x02%<&\
mMBd%\x01\xeb\x13\x0f\x02\x84\xa6o\xe4_\x01\
\x10\xa8\x18)\x10\x16\x19qX^\xf9z\xa6=}<\
<p1\xfe\xf2\xb007jU`\xfd|\xa8P\xbb\
M@[\x13\x12\x0f)\x19\xfc\xb5\x1a9\x1c.^\xd3\
\xa8_\xcfS4@/)\x03>>\x81\x00\xff\xff\x00\
G\xff\xa3\x04\x8c\x07^\x06&\x00\xdb\x00\x00\x00\x07\x01\
[\x00{\x01\x95\xff\xff\x00j\xff\xec\x04a\x07g\x06\
&\x00\x10\x00\x00\x00\x07\x01]\x00\x97\x01v\xff\xff\x00\
\xb5\x00\x00\x04r\x07\x14\x06&\x00\x13\x00\x00\x00\x07\x01\
[\x00x\x01K\xff\xff\x00\xb5\x00\x00\x04r\x07=\x06\
&\x00\x13\x00\x00\x00\x07\x01d\x00\x03\x01P\xff\xff\x00\
\xb5\xfe8\x04r\x05\xb0\x06&\x00\x13\x00\x00\x00\x07\x01\
h\x00\x9c\xfe\xe2\xff\xff\x00v\xff\xec\x04i\x075\x06\
&\x00\x14\x00\x00\x00\x07\x01[\x00\x82\x01l\xff\xff\x00\
v\xff\xec\x04i\x07^\x06&\x00\x14\x00\x00\x00\x07\x01\
d\x00\x0d\x01q\xff\xff\x00v\xfeD\x04i\x05\xc4\x06\
&\x00\x14\x00\x00\x00\x06\x01fQ\xf7\xff\xff\x00v\xff\
\xec\x04i\x07]\x06&\x00\x14\x00\x00\x00\x07\x01\x5c\x00\
\x84\x01p\x00\x01\x00L\x00\x00\x04\x84\x05\xb0\x00\x0f\x00\
\x00A5#\x11!5!\x15!\x11#\x153\x113\
\x11\x03\xad\xeb\x01\xc2\xfb\xc8\x01\xc2\xde\xde\xb4\x037\x97\
\x01D\x9e\x9e\xfe\xbc\x97\xfc\xc9\x037\xff\xff\x00L\x00\
\x00\x04\x84\x07=\x06&\x00\x15\x00\x00\x00\x07\x01d\x00\
\x0d\x01P\xff\xff\x00\x8b\xff\xec\x04B\x07\x14\x06&\x00\
\x16\x00\x00\x00\x07\x01[\x00\xa3\x01K\xff\xff\x00\x8b\xff\
\xec\x04B\x07>\x06&\x00\x16\x00\x00\x00\x07\x01_\x00\
-\x01\x8c\xff\xff\x00\x8b\xff\xec\x04B\x07<\x06&\x00\
\x16\x00\x00\x00\x07\x01\x5c\x00\xa5\x01O\xff\xff\x00\x8b\xff\
\xec\x04B\x07\x14\x06&\x00\x16\x00\x00\x00\x07\x01a\x00\
-\x01O\xff\xff\x00\x8b\xff\xec\x04B\x07\x17\x06&\x00\
\x16\x00\x00\x00\x07\x01Z\xff\xb7\x01N\x00\x01\x00\x8b\xff\
\xec\x05\x83\x05\xe8\x00+\x00\x00A#\x03\x06\x06\x07\x06\
\x06#\x22&'&&'\x03#\x03\x16\x16\x17\x16\x16\
3267665\x03667665#\x14\
\x06\x07\x06\x06\x07\x04@\xb3\x03\x02&$%lGG\
m$%'\x01\x04\xb0\x02\x01F>>\xaejh\xae\
??H\x01Px'*)\xa7\x0f\x12\x12<-\x05\
\xb0\xfc&Ax./78..xA\x03\xda\xfc\
&f\xb3BCLMCB\xb2f\x02\x9a\x051+\
/\x8b]8U\x1d\x1e\x22\x06\xff\xff\x00\x8b\xff\xec\x04\
\x89\x07>\x06&\x00\x16\x00\x00\x00\x07\x01c\x00\xb3\x01\
O\xff\xff\x00\x8b\xff\xec\x04B\x06\xee\x06&\x00\x16\x00\
\x00\x00\x07\x01^\x001\x01>\x00\x01\x00\x8b\xfe~\x04\
B\x05\xb0\x00<\x00\x00A#\x03\x06\x06\x07\x06\x06#\
\x22&'&&'\x03#\x03\x16\x16\x17\x16\x16\x172\
23\x06\x06\x07\x06\x06\x15\x14\x16\x17\x16\x16326\
7'\x06\x06'\x22&546766766\
7665\x04@\xb3\x03\x02&$%lGGm\
$%'\x01\x04\xb0\x02\x01D=;\xa6g\x01\x03\x01\
\x0e\x18\x09\x0f\x10\x1e\x1a\x1aF)AU\x1c\x1f\x105\
 *$\x0e\x0d\x126#=d##(\x05\xb0\xfc\
&Ax./78..xA\x03\xda\xfc&e\
\xb0BAN\x03\x10 \x11\x1b9\x1c/G\x18\x18\x18\
\x1c\x10y\x08\x13\x01)\x22\x190\x16\x1c3\x17\x1dZ\
::\x88J\x00\xff\xff\x00\x8b\xff\xec\x04B\x07\x7f\x06\
&\x00\x16\x00\x00\x00\x07\x01b\x00,\x01\x98\xff\xff\x00\
\x8b\xff\xec\x04B\x07F\x06&\x00\x16\x00\x00\x00\x07\x01\
]\x00\xb1\x01U\xff\xff\x00I\x00\x00\x04\x9e\x07 \x06\
&\x00\x18\x00\x00\x00\x07\x01[\x00}\x01W\xff\xff\x00\
I\x00\x00\x04\x9e\x07H\x06&\x00\x18\x00\x00\x00\x07\x01\
\x5c\x00\x7f\x01[\xff\xff\x00I\x00\x00\x04\x9e\x07 \x06\
&\x00\x18\x00\x00\x00\x07\x01a\x00\x07\x01[\xff\xff\x00\
I\x00\x00\x04\x9e\x07#\x06&\x00\x18\x00\x00\x00\x07\x01\
Z\xff\x91\x01Z\xff\xff\x00=\x00\x00\x04y\x07\x1f\x06\
&\x00\x1a\x00\x00\x00\x07\x01[\x00q\x01V\xff\xff\x00\
=\x00\x00\x04y\x07G\x06&\x00\x1a\x00\x00\x00\x07\x01\
\x5c\x00s\x01Z\xff\xff\x00=\x00\x00\x04y\x07\x1f\x06\
&\x00\x1a\x00\x00\x00\x07\x01a\xff\xfc\x01Z\xff\xff\x00\
=\x00\x00\x04y\x07\x22\x06&\x00\x1a\x00\x00\x00\x07\x01\
Z\xff\x85\x01Y\xff\xff\x00r\x00\x00\x047\x07\x14\x06\
&\x00\x1b\x00\x00\x00\x07\x01[\x00\x9d\x01K\xff\xff\x00\
r\x00\x00\x047\x07=\x06&\x00\x1b\x00\x00\x00\x07\x01\
d\x00(\x01P\xff\xff\x00r\x00\x00\x047\x07\x0d\x06\
&\x00\x1b\x00\x00\x00\x07\x01`\x00'\x01O\xff\xff\x00\
\x9c\xff\xec\x046\x05\xde\x06&\x00\x1c\x00\x00\x00\x07\x01\
[\x00\x81\x00\x15\xff\xff\x00\x9c\xff\xec\x046\x06\x08\x06\
&\x00\x1c\x00\x00\x00\x06\x01_\x0bV\xff\xff\x00\x9c\xff\
\xec\x046\x06\x06\x06&\x00\x1c\x00\x00\x00\x07\x01\x5c\x00\
\x83\x00\x19\xff\xff\x00\x9c\xff\xec\x046\x05\xde\x06&\x00\
\x1c\x00\x00\x00\x06\x01a\x0b\x19\xff\xff\x00\x9c\xff\xec\x04\
6\x05\xe1\x06&\x00\x1c\x00\x00\x00\x06\x01Z\x95\x18\xff\
\xff\x00\x9c\xff\xec\x046\x05\xb8\x06&\x00\x1c\x00\x00\x00\
\x06\x01^\x0f\x08\x00\x02\x00\x9c\xfeO\x046\x04N\x00\
Q\x00e\x00\x00e\x06\x06\x07\x06\x06\x15\x14\x16\x17\x16\
\x163267'\x06\x06'\x22&54676\
6735&&5\x114&'&&#\x22\x06\
\x07\x06\x06\x0734676632\x16\x17\x16\x16\
\x15\x15#\x22\x06\x07\x06\x06\x15\x14\x16\x17\x16\x1632\
67667\x16\x16%\x22&'&&546\
76633\x15\x06\x06\x07\x06\x06\x03o!7\x15\
\x1e!\x1e\x1a\x1aF)AU\x1c\x1f\x105 *$\
\x14\x13\x16D+&\x12\x14B9:\x9e\x5ce\x9f7\
8;\x01\xba!\x1e\x1eW7;_!!$\xcaq\
\xb7AAG510\x8bV5^*)E\x1c\x03\
\x0a\xfe\xc76R\x1b\x1b\x1b\x1e\x1d*\x90a\xac\x108\
&'^\x0e\x161\x1b%R(/G\x18\x18\x18\x1c\
\x10y\x08\x13\x01)\x22\x1e8\x19\x1f6\x17\x10-y\
6\x01\xf7[\x88.--8-.r;\x22?\x17\
\x17\x1c\x1e\x1b\x1cN1U,,-\x86YDu*\
+2\x16\x13\x132\x1c\x1d6j\x1c\x19\x18D(*\
A\x17#\x22\xdb ;\x17\x17\x1c\x00\xff\xff\x00\x9c\xff\
\xec\x046\x06I\x06&\x00\x1c\x00\x00\x00\x06\x01b\x0a\
b\xff\xff\x00\x9c\xff\xec\x046\x06\xd6\x06&\x00\x1c\x00\
\x00\x00\x06\x02k\xf8d\xff\xff\x00\x9c\xff\xec\x046\x06\
\x10\x06&\x00\x1c\x00\x00\x00\x07\x01]\x00\x8f\x00\x1f\xff\
\xff\x00+\xff\xec\x04\xa9\x05\xdf\x06&\x00I\x00\x00\x00\
\x07\x01[\x00\x98\x00\x16\xff\xff\x00\x8f\xff\xec\x043\x05\
\xde\x06&\x00\x1e\x00\x00\x00\x07\x01[\x00\x93\x00\x15\xff\
\xff\x00\x8f\xff\xec\x043\x06\x07\x06&\x00\x1e\x00\x00\x00\
\x06\x01d\x1e\x1a\xff\xff\x00\x8f\xfeM\x043\x04N\x06\
&\x00\x1e\x00\x00\x00\x06\x01fK\x00\xff\xff\x00\x8f\xff\
\xec\x043\x06\x06\x06&\x00\x1e\x00\x00\x00\x07\x01\x5c\x00\
\x95\x00\x19\xff\xff\x00d\xff\xec\x05\xbf\x06\x16\x04&\x00\
\x1f\xd9\x00\x00\x07\x00m\x02\xdf\x00\x00\x00\x02\x00|\xff\
\xec\x04\xd2\x06\x00\x00%\x00?\x00\x00A5#5#\
\x15#\x153\x11&&'&&#\x22\x06\x07\x06\x06\
\x15\x15\x14\x16\x17\x16\x163267667\x173\
\x11\x0154676632\x16\x17\x16\x16\x17\x11\
\x06\x06\x07\x06\x06#\x22&'&&\x04\xd2\xc5\xb9\xff\
\xff\x14-\x1a*f<c\xa089=>88\x9f\
b7_(!9\x18\x08\xaa\xfd(\x22$#oN\
)G\x1d\x226\x14\x120\x1f\x1fL/Mn#$\
\x22\x04\xd2\x97\x97\x97\x97\xfe\xfd\x17'\x0f\x19\x19RI\
I\xcby\x15t\xc9JJT\x15\x14\x11.\x1er\x04\
\xd2\xfd?\x15O\x8f76@\x13\x10\x14<$\xfe\x0a\
#9\x14\x15\x16?66\x8e\xff\xff\x00\x87\xff\xec\x04\
E\x05\xdf\x06&\x00 \x00\x00\x00\x06\x01[|\x16\xff\
\xff\x00\x87\xff\xec\x04E\x06\x09\x06&\x00 \x00\x00\x00\
\x06\x01_\x06W\xff\xff\x00\x87\xff\xec\x04E\x06\x08\x06\
&\x00 \x00\x00\x00\x06\x01d\x07\x1b\xff\xff\x00\x87\xff\
\xec\x04E\x06\x07\x06&\x00 \x00\x00\x00\x06\x01\x5c~\
\x1a\xff\xff\x00\x87\xff\xec\x04E\x05\xdf\x06&\x00 \x00\
\x00\x00\x06\x01a\x06\x1a\xff\xff\x00\x87\xff\xec\x04E\x05\
\xd8\x06&\x00 \x00\x00\x00\x06\x01`\x06\x1a\xff\xff\x00\
\x87\xff\xec\x04E\x05\xe2\x06&\x00 \x00\x00\x00\x06\x01\
Z\x90\x19\xff\xff\x00\x87\xff\xec\x04E\x05\xb9\x06&\x00\
 \x00\x00\x00\x06\x01^\x0a\x09\x00\x01\x00\xb8\xfeK\x04\
\x17\x04N\x002\x00\x00s3\x11667663\
2\x16\x17\x16\x16\x15\x11\x14\x06\x07\x06\x06#\x22&'\
\x07\x16\x163267665\x114&'&&\
#\x22\x06\x07\x06\x06\x07''#\xb8\xb9\x10)\x19!\
X6>[\x1d\x1b\x1b\x19\x19\x10-\x1b\x13<\x15\x0e\
\x1e6\x1eIt(.02//\x88VDr.\
\x1a-\x14\x01\x0b\xa6\x03*\x1a-\x11\x17\x18 # \
dD\xfd\x015N\x17\x10\x10\x07\x06\x9d\x0a\x08*'\
,\x87X\x03\x03l\x9f432'#\x143\x1d\x0a\
\x90\x00\x02\x00\x87\xfea\x04E\x04N\x00>\x00L\x00\
\x00S\x14\x16\x17\x16\x16\x17223\x06\x06\x15\x14\x16\
\x17\x16\x163267'\x06\x06'\x22&546\
7667667'\x06\x06#\x22&'&&\
55!54&'&&#\x22\x06\x07\x06\x06\x15\
\x012\x16\x17\x16\x16\x15\x15!66766\x87I\
CA\xb6n\x01\x03\x0137\x1e\x1a\x1aF)AU\
\x1c\x1f\x105 *$ \x1c\x169!Ep\x22q\
3\x9acK}+12\x03\x059::\xafu]\
\xb1EFT\x01\xedGf#\x1f)\xfd\xba\x0b7(\
(d\x01\xf7o\xbdEEP\x040i5/G\x18\
\x18\x18\x1c\x10y\x08\x13\x01)\x22&E\x1e\x17)\x12\
\x19_3XBP9/5\x8b<\x01Sq\xc2H\
GQLGH\xcf\x83\x01\x954*&t7\x07K\
s(')\x00\xff\xff\x00\x8c\xfeV\x04\x1d\x06\x08\x06\
&\x00\x22\x00\x00\x00\x06\x01_\xf6V\xff\xff\x00\x8c\xfe\
V\x04\x1d\x06\x06\x06&\x00\x22\x00\x00\x00\x06\x01\x5cm\
\x19\xff\xff\x00\x8c\xfeV\x04\x1d\x06\x93\x06&\x00\x22\x00\
\x00\x00\x06\x02N\x07X\x00\x01\x00\x0b\x00\x00\x04;\x06\
\x00\x00'\x00\x00A5!5#\x15#\x153\x113\
\x116676636\x16\x17\x16\x16\x15\x113\x11\
4&'&&#\x06\x06\x07\x06\x06\x07\x11\x02\x88\xfe\
\xee\xb9\xb2\xb2\xb9\x142\x1e&[2;]\x1f\x1e \
\xb9511\x8bU8e,'C\x1b\x04\xd2\x97\x97\
\x97\x97\xfb.\x03\x12 5\x14\x1a\x1c\x01!! c\
B\xfdU\x02\xa9m\x9f441\x01\x1b\x1a\x17@(\
\x019\x00\xff\xff\xff\xe7\x00\x00\x04,\x07o\x06&\x00\
#\x00\x00\x00\x07\x01\x5c\xff&\x01\x82\xff\xff\x00\xcb\x00\
\x00\x04U\x05\xc9\x06&\x01m\x00\x00\x00\x07\x01[\x00\
\xaa\x00\x00\xff\xff\x00\xcb\x00\x00\x04U\x05\xf3\x06&\x01\
m\x00\x00\x00\x06\x01_4A\xff\xff\x00\xcb\x00\x00\x04\
U\x05\xf1\x06&\x01m\x00\x00\x00\x07\x01\x5c\x00\xac\x00\
\x04\xff\xff\x00\xcb\x00\x00\x04U\x05\xc9\x06&\x01m\x00\
\x00\x00\x06\x01a4\x04\xff\xff\x00\xcb\x00\x00\x04U\x05\
\xcc\x06&\x01m\x00\x00\x00\x06\x01Z\xbe\x03\xff\xff\x00\
\xcb\x00\x00\x04U\x05\xa4\x06&\x01m\x00\x00\x00\x06\x01\
^8\xf4\x00\x02\x00\xcb\xfeO\x04U\x05\xc3\x00&\x00\
2\x00\x00S\x15!\x11!\x15!\x06\x06\x07\x06\x06\x15\
\x14\x16\x17\x16\x163267'\x06\x06'\x22&5\
467667!5!\x11\x03\x14\x16326\
54&#\x22\x06\xcb\x01p\xfe\x90\x01t\x17)\x10\
#%\x1e\x1a\x1aF)AU\x1c\x1f\x105 *$\
\x1c\x19\x16<%\x01a\xfe\x9f\xd1787887\
87\x04:\xa1\xfd\x07\xa0\x11%\x14(V+/G\
\x18\x18\x18\x1c\x10y\x08\x13\x01)\x22#A\x1c\x1a-\
\x14\xa0\x03\x9a\x01\x1c-<<-.??\xff\xff\x00\
\xcb\x00\x00\x04U\x05\xfb\x06&\x01m\x00\x00\x00\x07\x01\
]\x00\xb8\x00\x0a\xff\xff\x00\xb0\xfeK\x03\xf5\x05\xe8\x06\
&\x01q\x00\x00\x00\x07\x01\x5c\x00\xd7\xff\xfb\xff\xff\x00\
\xb0\xfe@\x04j\x06\x00\x06&\x00&\x00\x00\x00\x07\x01\
h\x00b\xfe\xea\xff\xff\x00\xcb\x00\x00\x04U\x07f\x06\
&\x00'\x00\x00\x00\x07\x01[\x00\xa2\x01\x9d\xff\xff\x00\
\x99\x00\x00\x04\xaf\x06\x04\x04&\x00'\xce\x00\x00\x07\x00\
m\x01\xcf\xff\xee\xff\xff\x00\xcb\xfe9\x04U\x06\x00\x06\
&\x00'\x00\x00\x00\x07\x01h\x00\xd2\xfe\xe3\xff\xff\x00\
\x85\x00\x01\x04\x12\x06\x01\x04&\x00'\xba\x01\x00\x07\x01\
`\x01:\xfd\xe7\x00\x01\x00\xcb\x00\x00\x04U\x06\x00\x00\
\x11\x00\x00A\x11!\x15!\x11\x05\x15%\x11!\x15!\
5!\x11%7\x02\xf4\xfd\xd7\x01p\xfe\xad\x01S\xfe\
\x90\x03\x8a\xfe\x9f\x01!\x01\x03\xcd\x023\xa1\xfe\x19\x9a\
\xa2\x9a\xfd\xca\xa0\xa0\x02\x8b\x84\xa2\x00\xff\xff\x00\xae\x00\
\x00\x04)\x05\xde\x06&\x00)\x00\x00\x00\x06\x01[m\
\x15\xff\xff\x00\xae\x00\x00\x04)\x06\x07\x06&\x00)\x00\
\x00\x00\x06\x01d\xf9\x1a\xff\xff\x00\xae\xfe8\x04)\x04\
N\x06&\x00)\x00\x00\x00\x07\x01h\x00\x93\xfe\xe2\xff\
\xff\x00\xae\x00\x00\x04)\x06\x10\x06&\x00)\x00\x00\x00\
\x06\x01]{\x1f\xff\xff\x00z\xff\xec\x04R\x05\xde\x06\
&\x00*\x00\x00\x00\x06\x01[v\x15\xff\xff\x00z\xff\
\xec\x04R\x06\x08\x06&\x00*\x00\x00\x00\x06\x01_\x00\
V\xff\xff\x00z\xff\xec\x04R\x06\x06\x06&\x00*\x00\
\x00\x00\x06\x01\x5cx\x19\xff\xff\x00z\xff\xec\x04R\x05\
\xde\x06&\x00*\x00\x00\x00\x06\x01a\x00\x19\xff\xff\x00\
z\xff\xec\x04R\x05\xe1\x06&\x00*\x00\x00\x00\x06\x01\
Z\x8a\x18\x00\x02\x00w\xff\xec\x04\xae\x04\xaa\x00&\x00\
@\x00\x00S\x15\x14\x16\x17\x16\x16326766\
554&'667667#\x14\x06\x07\x06\
\x06\x07&&#\x22\x06\x07\x06\x06\x1754676\
632\x16\x17\x16\x16\x15\x15\x14\x06\x07\x06\x06#\x22\
&'&&wD@?\xb7sr\xb6@?D*\
)(>\x17\x19\x1b\x01\xa8\x0d\x0e\x0d'\x1a=\x9e`\
r\xb6?@D\xb9&'&rMMs'&'\
&&'sLMt&'&\x02'\x16u\xc8J\
JTTJJ\xc8u\x16\x5c\xa4D\x114$)l\
A+E\x1a\x18\x22\x085;UJJ\xc9\x8b\x16O\
\x9177AA77\x91O\x16P\x9177@@\
77\x91\xff\xff\x00z\xff\xec\x04\x5c\x06\x08\x06&\x00\
*\x00\x00\x00\x07\x01c\x00\x86\x00\x19\xff\xff\x00z\xff\
\xec\x04R\x05\xb8\x06&\x00*\x00\x00\x00\x06\x01^\x04\
\x08\x00\x03\x00z\xffy\x04R\x04\xb9\x00\x22\x000\x00\
A\x00\x00S\x15\x14\x16\x17\x0737\x16\x16326\
766554&'&&'7#\x07&&\
#\x22\x06\x07\x06\x06\x1754676632\x16\
\x17\x01&&%\x15\x14\x06\x07\x06\x06#\x22&'\x01\
\x16\x16\x17\x16\x16zjce{J+_6r\xb6\
@?D\x1d\x1b\x18G,e{I-e9r\xb6\
?@D\xb9&'&rM&A\x1d\xfe\xaa00\
\x02f&&'sL\x22=\x1c\x01T\x12\x1c\x0b\x10\
\x10\x02'\x16\x94\xeeI\xcd\x97\x11\x13TJJ\xc8u\
\x16L\x8b;5[#\xcd\x94\x14\x15UJJ\xc9\x8b\
\x16O\x9177A\x11\x0f\xfdJ9\x9dq\x16P\x91\
77@\x0d\x0d\x02\xb1\x164\x1c+a\x00\xff\xff\x00\
z\xffy\x04R\x05\xdd\x06&\x018\x00\x00\x00\x06\x01\
[P\x14\xff\xff\x00z\xff\xec\x04R\x06\x10\x06&\x00\
*\x00\x00\x00\x07\x01]\x00\x84\x00\x1f\xff\xff\x01I\x00\
\x00\x041\x05\xde\x06&\x00-\x00\x00\x00\x06\x01[X\
\x15\xff\xff\x01\x14\x00\x00\x041\x06\x07\x06&\x00-\x00\
\x00\x00\x06\x01d\xe4\x1a\xff\xff\x01\x10\xfe8\x041\x04\
N\x06&\x00-\x00\x00\x00\x07\x01h\xff\xe2\xfe\xe2\xff\
\xff\x00\xaf\xff\xec\x046\x05\xde\x06&\x00.\x00\x00\x00\
\x07\x01[\x00\x84\x00\x15\xff\xff\x00\xaf\xff\xec\x046\x06\
\x07\x06&\x00.\x00\x00\x00\x06\x01d\x0f\x1a\xff\xff\x00\
\xaf\xfeE\x046\x04N\x06&\x00.\x00\x00\x00\x06\x01\
fD\xf8\xff\xff\x00\xaf\xff\xec\x046\x06\x06\x06&\x00\
.\x00\x00\x00\x07\x01\x5c\x00\x86\x00\x19\x00\x01\x00\x8e\xff\
\xec\x04)\x05@\x00+\x00\x00A#\x11!\x15!\x15\
#\x153\x15\x14\x16\x17\x16\x163267667\
'\x06\x06\x07\x06\x06#\x22&'&&5535\
#5!5!\x02d\xba\xfe\xe4\x01\x1c\xd9\xd95.\
.}H+W''B\x17\x1a\x115\x1e\x1f@\x1e\
)I\x1c\x1c \xea\xea\x01\x9c\xfed\x05@\xfe\xfa\x8f\
\xba\x97\xfbd\x8d,-)\x08\x08\x07\x15\x0e\x83\x04\x0b\
\x05\x05\x07\x14\x19\x18R?\xfb\x97\xba\x8f\x00\xff\xff\x00\
\x7f\xff\xec\x04\x81\x06\xb3\x04&\x00/\xf1\x00\x00\x07\x00\
m\x01\xa1\x00\x9d\xff\xff\x00\xb4\xff\xec\x04\x1f\x05\xca\x06\
&\x000\x00\x00\x00\x06\x01[u\x01\xff\xff\x00\xb4\xff\
\xec\x04\x1f\x05\xf4\x06&\x000\x00\x00\x00\x06\x01_\x00\
B\xff\xff\x00\xb4\xff\xec\x04\x1f\x05\xf2\x06&\x000\x00\
\x00\x00\x06\x01\x5cw\x05\xff\xff\x00\xb4\xff\xec\x04\x1f\x05\
\xca\x06&\x000\x00\x00\x00\x06\x01a\x00\x05\xff\xff\x00\
\xb4\xff\xec\x04\x1f\x05\xcd\x06&\x000\x00\x00\x00\x06\x01\
Z\x89\x04\x00\x01\x00\xb4\xff\xec\x05?\x04\x93\x00'\x00\
\x00A#\x14\x06\x07\x06\x06\x075#\x11\x06\x06\x07\x06\
\x06#\x22&'&&5\x11#\x11\x14\x16\x17\x16\x16\
3267\x173\x1166\x05?\xa8\x0d\x10\x0e-\
 \xba\x0c\x1f\x14&oJ5Q\x1c\x1c\x1c\xb951\
1\x8aUj\xa26\x0b\xa8\x93\x8c\x04\x935R\x1c\x19\
\x22\x08\x8d\xfc\xf8\x1b/\x13$)\x1c#\x22tX\x02\
\x85\xfd}y\xad885YP\x95\x03\x22\x13\xb4\xff\
\xff\x00\xb4\xff\xec\x04[\x05\xf4\x06&\x000\x00\x00\x00\
\x07\x01c\x00\x85\x00\x05\xff\xff\x00\xb4\xff\xec\x04\x1f\x05\
\xa5\x06&\x000\x00\x00\x00\x06\x01^\x03\xf5\x00\x01\x00\
\xb4\xfeO\x04D\x04:\x008\x00\x00a3\x11#\x11\
\x06\x06\x07\x06\x06#\x22&'&&5\x11#\x11\x14\
\x16\x17\x16\x163267\x17\x06\x06\x07\x06\x06\x15\x14\
\x16\x17\x16\x163267'\x06\x06'\x22&54\
6766\x04\x1e\x01\xba\x0f,\x1d%b?5Q\
\x1c\x1c\x1c\xb9511\x8aUj\xa26\x0a\x19+\x12\
&)\x1e\x1a\x1aF)AU\x1c\x1f\x105 *$\
\x17\x15\x16B\x04:\xfc\xf8#:\x15\x1b\x1d\x1c#\x22\
tX\x02\x85\xfd}y\xad885YP\x8c\x11%\
\x14*[-/G\x18\x18\x18\x1c\x10y\x08\x13\x01)\
\x22 ;\x1b\x1c3\x00\xff\xff\x00\xb4\xff\xec\x04\x1f\x06\
5\x06&\x000\x00\x00\x00\x06\x01b\xffN\xff\xff\x00\
\xb4\xff\xec\x04\x1f\x05\xfc\x06&\x000\x00\x00\x00\x07\x01\
]\x00\x83\x00\x0b\xff\xff\x000\x00\x00\x04\xa7\x05\xca\x06\
&\x002\x00\x00\x00\x06\x01[|\x01\xff\xff\x000\x00\
\x00\x04\xa7\x05\xf2\x06&\x002\x00\x00\x00\x06\x01\x5c~\
\x05\xff\xff\x000\x00\x00\x04\xa7\x05\xca\x06&\x002\x00\
\x00\x00\x06\x01a\x06\x05\xff\xff\x000\x00\x00\x04\xa7\x05\
\xcd\x06&\x002\x00\x00\x00\x06\x01Z\x90\x04\xff\xff\x00\
D\xfeK\x04\x85\x05\xca\x06&\x004\x00\x00\x00\x07\x01\
[\x00\x89\x00\x01\xff\xff\x00D\xfeK\x04\x85\x05\xf2\x06\
&\x004\x00\x00\x00\x07\x01\x5c\x00\x8b\x00\x05\xff\xff\x00\
D\xfeK\x04\x85\x05\xca\x06&\x004\x00\x00\x00\x06\x01\
a\x13\x05\xff\xff\x00D\xfeK\x04\x85\x05\xcd\x06&\x00\
4\x00\x00\x00\x06\x01Z\x9d\x04\xff\xff\x00\xa0\x00\x00\x04\
=\x05\xca\x06&\x005\x00\x00\x00\x07\x01[\x00\x9a\x00\
\x01\xff\xff\x00\xa0\x00\x00\x04=\x05\xf3\x06&\x005\x00\
\x00\x00\x06\x01d%\x06\xff\xff\x00\xa0\x00\x00\x04=\x05\
\xc3\x06&\x005\x00\x00\x00\x06\x01`$\x05\x00\x01\x01\
\x9f\x04\xbf\x03-\x05\xc9\x00\x03\x00\x00A\x03#\x13\x03\
-\xaf\xdf\xf8\x04\xbf\x01\x0a\xfe\xf6\x00\x00\x01\x01\x9a\x04\
\xbf\x032\x05\xc9\x00\x03\x00\x00A\x033\x01\x02R\xb8\
\x8c\x01\x0c\x05\xc9\xfe\xf6\x01\x0a\x00\x01\x00\xc1\x04\xe4\x03\
\x1e\x05\xed\x00\x08\x00\x00A'#\x07\x1537\x173\
\x03\x1e\xf8p\xf5\x98\x95\x96\x9a\x04\xfd\xf0\xef\x1a\x97\x97\
\x00\x00\x01\x00\x8a\x04\xe3\x03:\x05\xf1\x00%\x00\x00A\
'\x14\x06\x07\x06\x06#\x22&'&&#\x22\x06\x07\
\x06\x06\x15\x176632\x16\x17\x16\x16\x17\x16\x163\
26766\x03:g\x11\x0d\x0e&\x15'A\x1f\
 C*.K\x1b\x1b\x1fh\x019,\x1b,\x14\x13\
&\x16\x154!-L\x1b\x1b\x1f\x05\xd3\x1e\x17)\x0f\
\x0f\x12\x1e\x12\x11\x1e&\x1f S-\x18.A\x0e\x0a\
\x0b\x19\x0a\x0b\x0e$\x1f\x1eR\x00\x01\x01\x01\x05!\x03\
\xcb\x05\xb0\x00\x03\x00\x00A5!\x15\x03\xcb\xfd6\x05\
!\x8f\x8f\x00\x01\x01;\x04\xa7\x03\x91\x05\xb2\x00\x19\x00\
\x00A#\x14\x06\x07\x06\x06#\x22&'&&5#\
\x14\x16\x17\x16\x16326766\x03\x91\x96\x12\x12\
\x127'(8\x12\x12\x12\x96+''nEDn\
''*\x05\xb2\x1e7\x14\x14\x18\x18\x14\x147\x1e;\
c##''##c\x00\x00\x01\x01\xf2\x04\xe1\x02\
\xd8\x05\xbe\x00\x0b\x00\x00A\x14\x1632654&\
#\x22\x06\x01\xf2:99::99:\x05N.\
??.0@@\x00\x00\x02\x01\x1f\x04\xf0\x03\xa8\x05\
\xc5\x00\x0b\x00\x17\x00\x00A\x14\x1632654&\
#\x22\x06\x05\x14\x1632654&#\x22\x06\x01\
\x1f76688667\x01\xae76688\
667\x05[-<<--==/,==\
,->>\x00\x00\x02\x01\x9a\x04^\x031\x05\xe7\x00\
\x17\x00/\x00\x00A\x14\x16\x17\x16\x1632676\
654&'&&#\x22\x06\x07\x06\x06\x1746\
76632\x16\x17\x16\x16\x15\x14\x06\x07\x06\x06#\
\x22&'&&\x01\x9a!\x1c\x1bK**I\x1c\x1b\
  \x1b\x1cI**K\x1b\x1c!c\x12\x0f\x0e&\
\x15\x16%\x0e\x0e\x10\x10\x0e\x0e%\x16\x16&\x0e\x0f\x11\
\x05 +H\x19\x1a\x1c\x1c\x1a\x19H++I\x1b\x1a\
\x1e\x1e\x1a\x1bI+\x19)\x0f\x0d\x0f\x0f\x0e\x0f)\x18\
\x17&\x0e\x0e\x10\x10\x0f\x0e&\x00\x02\x00\xf6\x04\xe2\x03\
\xd6\x05\xef\x00\x03\x00\x07\x00\x00A\x033\x01!\x033\
\x13\x02\xf5\xf9\xa9\x011\xfd\xdc\xbc\x96\xf5\x05\xef\xfe\xf3\
\x01\x0d\xfe\xf3\x01\x0d\x00\x00\x01\x010\x04\xe3\x03\x9b\x05\
\xed\x00\x08\x00\x00A'#\x15\x17375#\x02d\
\x97\x9d\xfbr\xfe\xa0\x05U\x98\x15\xf5\xf8\x12\x00\x01\xfd\
'\xfe\xa8\xfe\x0d\xff\x85\x00\x0b\x00\x00E\x14\x1632\
654&#\x22\x06\xfd':99::99\
:\xeb.??.0@@\x00\x01\x01\xcd\xfeM\x03\
\x03\x00\x00\x00\x1b\x00\x00a#\x07\x16\x16\x17\x16\x16\x15\
\x14\x06\x07\x06\x06#\x172676654&'\
&&'\x02v\x85\x1f(<\x15\x14\x14\x1b\x16\x17<\
\x22\x07=e%26\x1a\x15\x167\x1d\x86\x03\x0c\x0a\
\x0b\x22\x19\x1b%\x0c\x0c\x0bk\x16\x13\x1bV8+=\
\x14\x14\x18\x05\x00\x00\x01\x01\x8e\xfeO\x03\x01\x008\x00\
\x1c\x00\x00a'\x06\x06\x07\x06\x06\x15\x14\x16\x17\x16\x16\
3267'\x06\x06'\x22&546766\
\x02\xdbW8[  #\x1e\x1a\x1aF)AU\x1c\
\x1f\x105 *$ \x1d\x1598\x1bF''S\
)/G\x18\x18\x18\x1c\x10y\x08\x13\x01)\x22&E\
\x1f\x16)\x00\x01\x01.\xffV\x02(\x00\xef\x00\x09\x00\
\x00e5#\x15\x14\x06\x07\x1766\x02(\xb0%%\
iGJ\xa9FIK\x7f>H>\xb7\x00\xff\xff\x00\
\xd4\x00v\x03\xd7\x03\x92\x04'\x00z\xffH\xff\xdd\x00\
\x07\x00z\x00\x97\xff\xdd\x00\x01\x00\xbc\xfe`\x04\x10\x04\
:\x00\x1e\x00\x00A#\x113\x11\x16\x163267\
667\x173\x11#\x11\x06\x06\x07\x06\x06#\x22&\
'&&5\x01u\xb9\xb9)rI4W$\x19,\
\x13\x09\xa7\xba\x0b \x16!bA0Q\x1d\x1e \x04\
:\xfa&\x01\xd5$%\x18\x17\x11-\x1bt\x04:\xfc\
\xe1\x1c.\x13\x1d\x1f\x1c%%\x80d\xff\xff\x00\xf1\x00\
\x98\x03\xfe\x03\xb5\x04'\x00{\xffe\x00\x00\x00\x07\x00\
{\x00\xbe\x00\x00\x00\x01\x00\xcb\x00\x00\x04U\x04:\x00\
\x09\x00\x00S\x15!\x11!\x15!5!\x11\xcb\x01p\
\xfe\x90\x03\x8a\xfe\x9f\x04:\xa1\xfd\x07\xa0\xa0\x03\x9a\x00\
\x02\x00\x80\xff\xed\x04L\x05\xb0\x00\x03\x00\x1c\x00\x00a\
\x11#\x11\x01\x11\x14\x06\x07\x06\x06#\x22&5#\x14\
\x16\x17\x16\x163267665\x11\x019\xb9\x03\
\x13\x0f\x12\x12<.DP\xba2,,{IW\x81\
+*)\x05\xb0\xfaP\x05\xb0\xfb\x93,G\x18\x19\x1b\
ZcW\x80**).,,\x7fQ\x04m\x00\x00\
\x04\x00P\xfeN\x04O\x05\xbf\x00\x1d\x00'\x003\x00\
?\x00\x00A\x153\x11\x14\x06\x07\x06\x06#\x22&'\
&&'\x07\x16\x16\x17\x16\x163267665\
\x11!\x153\x11#\x15!5#\x11\x03\x14\x1632\
654&#\x22\x06\x05\x14\x1632654&\
#\x22\x06\x02\xae\xde'\x22\x22\x5c4\x0e0\x1b\x1b4\
\x11\x0d\x17,\x15\x1e<!d\x9d769\xfc\x10\xea\
\xef\x02\x88\xdf\xca78788787\x02B6\
8888886\x04:\xa1\xfcbMg\x1e\x1f\
\x19\x01\x02\x01\x05\x03\x9e\x04\x06\x02\x03\x02877\x9f\
h\x04?\xa1\xfd\x07\xa0\xa0\x03\x9a\x01\x18-==-\
-??,-==--??\x00\x01\x01\xc8\x00\
\x00\x04\x0b\x06+\x00\x15\x00\x00a3\x114676\
632\x16\x177&&#\x22\x06\x07\x06\x06\x15\x01\
\xc8\xba$##gD\x1d.\x12\x17%G%d\xa0\
89=\x04fEp''*\x06\x05\x8e\x09\x0c<\
9:\xa9m\x00\x00\x01\x00\xb0\xfeK\x03*\x04:\x00\
\x1d\x00\x00A\x15!\x11\x14\x06\x07\x06\x06#\x22&'\
&&'\x07\x16\x16\x17\x16\x163267665\
\x11\x01\x04\x01l'\x22\x22[4\x0e1\x1b\x1b3\x11\
\x0d\x18,\x16\x1d;!d\x9d769\x04:\xa1\xfc\
`Mi  \x1b\x01\x02\x01\x05\x03\x98\x04\x06\x02\x03\
\x02976\xa0h\x04A\x00\x00\x02\x01\xad\xfe\x86\x02\
\xdd\xff\xab\x00\x17\x00#\x00\x00E\x14\x16\x17\x16\x163\
2676654&'&&#\x22\x06\x07\x06\
\x06\x176632\x16\x15\x14\x06#\x22&\x01\xad\x18\
\x15\x158 \x1f6\x15\x14\x18\x18\x14\x156\x1f 8\
\x15\x15\x18V\x01'\x1c\x1a&&\x1a\x1c'\xe9 6\
\x13\x13\x15\x15\x13\x136  7\x14\x13\x16\x16\x13\x14\
7 \x1d''\x1d\x1c%&\x00\x01\xfc\xca\x04\xbc\xfd\
\xfb\x06\x16\x00\x03\x00\x00A\x03#\x13\xfd\xfb\x7f\xb2\xb3\
\x04\xbc\x01Z\xfe\xa6\x00\x00\x01\xfdh\x04\xbc\xfe\x96\x06\
\x17\x00\x03\x00\x00A\x033\x13\xfd\xea\x82t\xba\x06\x17\
\xfe\xa5\x01[\x00\xff\xff\xfc\x88\x04\xe3\xff8\x05\xf1\x04\
\x07\x01]\xfb\xfe\x00\x00\x00\x01\xfdY\x04\xd9\xfe\x8f\x06\
t\x00\x1b\x00\x00A376676654&\
'&&#\x072\x16\x17\x16\x16\x15\x14\x06\x07\x06\x06\
\x07\xfdo\x84\x01\x1c8\x16\x16\x1b1.&iA\x07\
!<\x17\x17\x1b\x15\x15\x124!\x04\xd9G\x04\x14\x12\
\x126&0K\x18\x14\x15j\x08\x09\x09\x1e\x16\x16\x1b\
\x08\x07\x08\x02\x00\x00\x02\xfc\x05\x04\xe4\xfe\xe5\x05\xee\x00\
\x03\x00\x07\x00\x00A\x03#\x01!\x03#\x13\xfd\xe0\xfa\
\xe1\x012\x01\xae\xbd\xcf\xf6\x04\xe4\x01\x0a\xfe\xf6\x01\x0a\
\xfe\xf6\x00\x00\x01\x02)\x04\xf7\x03-\x06z\x00\x03\x00\
\x00A\x033\x13\x02jAZ\xaa\x06z\xfe}\x01\x83\
\x00\x00\x03\x01\x13\x04\xe2\x03\xf3\x06\xbf\x00\x03\x00\x0f\x00\
\x1b\x00\x00A\x033\x13\x01\x14\x1632654&\
#\x22\x06\x05\x14\x1632654&#\x22\x06\x02\
t0\x87v\xfd\xd2999::999\x01\xfb\
999::999\x06\xbf\xfe\xf8\x01\x08\xfe\x91\
.@@.0@@0.@@.0@@\xff\
\xff\x020\x02k\x03\x16\x03I\x04\x06\x00d8\x00\x00\
\x01\x00\xb5\x00\x00\x040\x05\xb0\x00\x05\x00\x00A5!\
\x113\x11\x040\xfc\x85\xba\x05\x18\x98\xfaP\x05\x18\x00\
\x02\x00.\x00\x00\x04\xb4\x05\xb0\x00\x03\x00\x08\x00\x00A\
\x01!\x09\x027\x17\x01\x024\xfd\xfa\x04\x86\xfe \xfe\
J\x01E\x1e\x1b\x01+\x05\xb0\xfaP\x05\xb0\xfa\xe7\x03\
\xc3YZ\xfc>\x00\x03\x00j\xff\xec\x04a\x05\xc4\x00\
\x03\x00\x1d\x007\x00\x00A5!\x15\x055&&'\
&&#\x22\x06\x07\x06\x06\x07\x15\x16\x16\x17\x16\x163\
26766\x03\x15\x06\x06\x07\x06\x06#\x22&'\
&&554676632\x16\x17\x16\x16\x03\
M\xfe0\x02\xe4\x029??\xbe\x85y\xb4AIB\
\x02\x02@B?\xb9\x81\x84\xc0;@;\xb7\x02!+\
&wXWw$-(%.&uWUw#\
0$\x02\x94\x97\x97\x10\xa6v\xf0``taZe\
\xf9\x81\xa6z\xf6aYnu[_\xf2\x01\x1f\xa8V\
\xc2IDPR<M\xc5U\xa8T\xc1O=RN\
:P\xc4\x00\x01\x006\x00\x00\x04\xa0\x05\xb0\x00\x06\x00\
\x00A\x013\x01#\x013\x02j\x01y\xbd\xfe\x1b\xa1\
\xfe\x1c\xbd\x04\x9c\xfbd\x05\xb0\xfaP\x00\x03\x00\x91\x00\
\x00\x047\x05\xb0\x00\x03\x00\x07\x00\x0b\x00\x00w\x15!\
5\x01\x15!5\x01\x15!5\x91\x03\xa6\xfc\xaf\x02\xf2\
\xfc\xbb\x03\x96\x97\x97\x97\x02\xa7\x98\x98\x02r\x98\x98\x00\
\x01\x00\xa2\x00\x00\x04*\x05\xb0\x00\x07\x00\x00a\x11!\
\x113\x11!\x11\x04*\xfcx\xb9\x02\x16\x05\xb0\xfaP\
\x05\x18\xfa\xe8\x00\x00\x01\x00p\x00\x00\x04o\x05\xb0\x00\
\x0c\x00\x00A5\x01!5!\x15\x01\x01\x15!5!\
\x03\x19\xfe=\x02\xe7\xfc3\x01\xe5\xfe\x1b\x03\xff\xfc\xe6\
\x02\xcd\x19\x022\x98\x90\xfd\xb9\xfd\xb7\x90\x98\x00\x03\x00\
E\x00\x00\x04\x87\x05\xb0\x00\x1d\x00*\x007\x00\x00A\
5#\x15\x06\x06\x07\x06\x06\x15\x14\x16\x17\x16\x16\x17\x15\
356676654&'&&\x0146\
7667\x11&&'&&%\x14\x06\x07\x06\x06\
\x07\x11\x16\x16\x17\x16\x16\x02\xc3\xb9b\xa5==DD\
==\xa5b\xb9a\xa5=<EE<=\xa5\xfd\xd8\
$#\x22dAAd\x22#$\x02\xd3$\x22#c\
@@c#\x22$\x04\xe2\xce\xce\x07SEE\xbco\
p\xbcEER\x07\xc4\xc4\x07TFE\xbbpo\xba\
EER\xfd\xf9O\x8411;\x07\xfd\x12\x06;1\
0\x85RP\x8511;\x07\x02\xee\x07;01\x83\
\x00\x00\x01\x00e\x00\x00\x04r\x05\xb0\x00#\x00\x00A\
\x11#\x11&&'&&5\x11#\x11\x14\x16\x17\x16\
\x16\x17\x113\x11667665\x11#\x11\x14\x06\
\x07\x06\x06\x02\xc7\xb96Y\x1f \x22\xb9>88\x9c\
_\xb9^\x9e88?\xb9#\x1f Y\x01\xdf\x03\xd1\
\xfc0\x0c8--|P\x02f\xfd\x9av\xb7AA\
L\x0b\xfe\xbc\x01D\x0bLAA\xb7v\x02f\xfd\x9a\
P}--8\x00\x01\x00a\x00\x00\x04l\x05\xc4\x00\
;\x00\x00e\x15!5!66766554\
&'&&#\x22\x06\x07\x06\x06\x15\x15\x14\x16\x17\x16\
\x16\x17!\x15!5&&'&&55467\
6632\x16\x17\x16\x16\x15\x15\x14\x06\x07\x06\x06\x02\
\xa8\x01\xc4\xfe\xf6>b\x22!$JCD\xbfuu\
\xbeCDI$#\x22c>\xfe\xfa\x01\xc4Ns!\
\x16\x17.+*zMN|+*-\x16\x15!o\
\xc1\xc1\x97/\x87PP\xb1YO\x8b\xebUT__\
TU\xeb\x8bOY\xb0PQ\x87/\x97\xc1\x12wc\
A\xa6cQu\xb5>=@@=>\xb5uQc\
\xa7Bbw\x00\x00\x02\x00\x81\xff\xeb\x04\x8a\x04N\x00\
/\x00L\x00\x00A#\x07\x07&&'&&#\x22\
\x06\x07\x06\x06\x15\x15\x14\x16\x17\x16\x1632676\
67\x16\x16\x17\x16\x163267'\x06\x06#\x22\
&'&&5%54676632\x16\x17\
\x16\x16\x17\x11\x14\x14\x15\x06\x06\x07\x06\x06#\x22&'\
&&\x03\xefp.\x03\x140\x1b-lAc\x973\
34433\x96b@l,\x1b0\x14\x09\x19\x10\
\x1bJ/ ;\x1f\x17\x0a\x1b\x0f\x12\x1d\x0a\x0b\x0c\xfd\
K\x1c \x1feH+I\x1f\x1e0\x13\x0e!\x14\x22\
Y8Gd\x1f \x1c\x04:w\x08\x1b-\x11\x1c\x1e\
XMN\xd5}\x15p\xbfEFO\x1c\x1b\x11+\x1a\
\x1c,\x10\x1b\x1a\x0d\x15\x8a\x02\x04\x0d\x0f\x0f3&\xdf\
\x15U\x9b<;F\x15\x13\x134\x1f\xfe \x13\x13\x0d\
\x18*\x11\x1e\x22<32\x86\x00\x02\x00\xae\xfe\x80\x04\
[\x05\xc4\x00&\x00N\x00\x00A\x22\x06\x07\x06\x06\x15\
\x113\x11\x16\x16\x17\x16\x1632676654\
&'&&'6676654&'&&\
\x03#\x1532\x16\x17\x16\x16\x15\x14\x06\x07\x06\x06#\
\x22&'&&'\x114676632\x16\x17\
\x16\x16\x15\x14\x06\x07\x06\x06\x02k\x5c\xa1<=G\xba\
\x1fH&'Q(b\xa6==D85\x1dI+\
 7\x16%(=88\x9eeT\x8f=_!!\
\x22(%%kC2X$!6\x15(#\x22_\
7:[\x1f\x1f \x1d\x1e\x1e^\x05\xc4@77\x93\
R\xfaO\x01\xcb\x19%\x0b\x0c\x0b;99\xa5kU\
\x8e4\x1d-\x10\x11+\x19*i:W\x90549\
\xfd\x96\x982()f5?k&'+\x13\x10\x0f\
)\x19\x03;5\x5c\x22\x22'(!!V.3T\
\x1e\x1e\x22\x00\x01\x00G\xfe`\x04\x96\x04:\x00\x0b\x00\
\x00A\x01\x07#'\x01#\x01\x113\x11\x01\x03\xd8\xfe\
\xb3\x19\x01\x18\xfe\xac\xbe\x01\xcb\xba\x01\xca\x04:\xfc\xf0\
bb\x03\x10\xfb\xfc\xfe*\x01\xcf\x04\x0b\x00\x00\x02\x00\
x\xff\xec\x04f\x06\x1c\x009\x00S\x00\x00A\x14\x16\
\x17\x16\x16\x17\x07\x06\x06\x07\x06\x06\x15\x15\x14\x16\x17\x16\
\x16326766554\x02'&&'&\
&54676632\x16\x17\x16\x16\x177&\
&#\x22\x06\x07\x06\x06\x13546766\x17\x16\
\x16\x17\x16\x16\x15\x15\x14\x06\x07\x06\x06#\x22&'&\
&\x01\x07\x1e\x1b\x1bL/\x04H\x7f./6DA\
A\xbbxv\xbaA@D\xdf\xdcCY\x1b\x1b\x17\x1c\
\x19\x19E*(N$$?\x17)K\x9fPV\x8c\
126+(((xQGs))-&'\
'vQRx'(&\x04\xf5/Q\x22#6\x13\
\x0b\x11R<<\x98W\x15q\xc1GGQQGG\
\xc1q\x15\xcf\x01\x14I\x170\x18\x18/\x16\x1f3\x12\
\x12\x14\x0d\x09\x0a\x16\x09\x82&/(&&n\xfc\xc3\
\x15L\x8b54=\x01\x0cK45}?\x15M\x8a\
34==43\x8a\x00\x01\x00\x8b\xff\xec\x04`\x04\
M\x00R\x00\x00S\x14\x16\x17\x16\x1632676\
67#\x14\x06\x07\x06\x06#\x22&'&&54\
6766766335#\x22&'&&\
'&&54676632\x16\x17\x16\x16\x15\
3&&'&&#\x22\x06\x07\x06\x06\x15\x14\x16\x17\
\x16\x16\x17\x06\x06\x07\x06\x06\x8bHBA\xb4la\xae\
F>V\x01\xb9.()pBJr&'(\x1c\
\x1c\x159#\x1b>#\xf3\xf3&@\x1a\x19*\x10!\
\x1e!##lK:h''/\xb9\x01L@A\
\xab_l\xaf=>B\x22 \x19D)*F\x1a(\
)\x010Nx)*+,*%\x82W'E\x1a\
\x1b\x1e\x1b\x18\x17@%(=\x15\x0f\x16\x06\x05\x04\x94\
\x06\x05\x06\x10\x0a\x15;%\x22<\x17\x16\x1a\x1a\x16\x17\
?%Kw*),('(uN*M\x1f\x19\
)\x0f\x0c#\x17!\x5c\x00\x01\x00u\xfe\x81\x04/\x05\
\xb0\x008\x00\x00A!\x15!\x01\x06\x06\x07\x06\x06\x15\
\x14\x16\x17\x16\x16\x17\x17\x16\x16\x17\x16\x16\x15\x14\x06\x07\
\x06\x06\x07\x176676674&'&&'\
'&&'&&5467667\x01\x04/\
\xfcF\x02\xd4\xfe\xce\x5c\x86+,*&)(\x7fY\
\xb5)<\x13\x12\x11\x10\x10\x0c\x22\x15b\x1c?\x1a\x1a\
#\x01)##`6\xdd,D\x17\x17\x18)'&\
nE\x01\x99\x05\xb0\x98\xfe\xc4W\xa4LL\x879Q\
z,-;\x10#\x08\x18\x0e\x0d\x1f\x11\x190\x19\x13\
*\x18T\x16E('V'>K\x17\x17\x1a\x0c2\
\x09\x1f\x19\x1aJ2N\x82<<uB\x01\xab\x00\x00\
\x01\x00\xa4\xfea\x04+\x04N\x00 \x00\x00s3\x11\
6676632\x16\x17\x16\x16\x15\x113\x114\
&'&&#\x06\x06\x07\x06\x06\x07''#\xa4\xba\
\x134 #V4?_\x1f!!\xba622\x8e\
ZAq/!8\x17\x01\x0c\xa7\x03( 3\x13\x13\
\x15\x1d\x1f hI\xfb\xb8\x04Ls\x9f21,\x01\
!\x1f\x16:#\x0e\x92\x00\x03\x00\xb9\xff\xec\x04\x18\x05\
\xc5\x00\x19\x00(\x007\x00\x00E267665\
\x114&'&&#\x22\x06\x07\x06\x06\x15\x11\x14\x16\
\x17\x16\x167\x22&'&&55!\x15\x14\x06\x07\
\x06\x06\x0154676632\x16\x17\x16\x16\x15\
\x15\x02jg\xa0779:77\xa1gf\xa17\
7:;87\xa1f@^\x1f\x1e\x1d\x01\xed\x1f!\
\x1eZ\xfe\xcb#$\x1eX99W\x1e%$\x14M\
JI\xd7\x8a\x01U\x8a\xd7KJMMJK\xd7\x8a\
\xfe\xab\x8a\xd7IJM\x96421\x91\x5c\x8d\x8da\
\x951./\x02\xa8\x81f\x9a1())'0\x9b\
g\x81\x00\x00\x01\x00\xb8\xff\xec\x04:\x04:\x00\x1a\x00\
\x00S\x15!\x11\x14\x16\x17\x16\x16326766\
7'\x06\x06#\x22&'&&5\x03\xb8\x01`*\
('qH%H#\x170\x19)\x1dN-!<\
\x17\x18\x1b\x01\x04:\xa1\xfd\xb3e\x87))\x22\x08\x0c\
\x08\x18\x12\x82\x11\x1c\x0a\x13\x12KA\x02\xf8\x00\x01\x00\
9\xff\xef\x04\x5c\x05\xee\x00-\x00\x00a\x137\x17\x13\
\x16\x16\x17\x16\x1632677\x06\x06#\x22&'\
&&'\x01&&'&&#\x22\x06\x07\x1766\
32\x16\x17\x16\x16\x17\x17\x01\x01\x07\xf6\x1d-\xa7\x18\
9%$\x5c;\x0c$\x0b\x02\x0c\x11\x11\x18*\x11\x11\
\x1c\x0b\xfe\x96\x0f1%&jH\x19<\x12\x01\x0d(\
\x0d\x227\x16\x16\x22\x0e7\xfeu\x02\xaewv\xfeK\
Bd!\x22\x22\x09\x06\x97\x03\x02\x18\x15\x146#\x03\
\xb6(_)(6\x0a\x05\x8e\x01\x04!\x1b\x1bE#\
\x8f\xfb\xf8\x00\x01\x00\xaf\xfew\x04.\x05\xc4\x00Z\x00\
\x00A7&&#\x22\x06\x07\x06\x06\x15\x14\x16\x17\x16\
\x16\x17\x06\x06\x07\x06\x06\x15\x14\x16\x17\x16\x16\x17\x17\x16\
\x16\x17\x16\x16\x15\x14\x06\x07\x06\x06\x07\x176676\
674&'&&''&&'&&54\
6766766335#\x22&'&&\
'&&54676632\x16\x03\xf7\x1a0\
\x8cG~\xc8FGK&$#fAO~,-\
/HBB\xbar:+?\x13\x0f\x10\x0d\x0c\x0d$\
\x18a\x1b>\x1b\x1a#\x01)#$_6oC{\
./7\x1f\x1e\x16?(3\x84O\x8e\x8eT\x80-\
!0\x0e\x10\x0e),+\x87_=q\x05\x08\x95\x11\
\x16-,,\x80S1W%%;\x15\x16H11\
~Lp\x9a34A\x16\x0d\x0a\x14\x0f\x0b\x1d\x13\x1d\
-\x14\x15*\x1bT\x16D('T'=J\x17\x16\
\x19\x0d\x19\x0c.%%fD<b%\x1c+\x10\x14\
\x13\x98\x14\x14\x0d%\x17\x166\x1e'D\x1a\x19\x1e\x15\
\x00\x00\x01\x00Y\xff\xed\x04\xa9\x04:\x00\x1d\x00\x00A\
5!\x153\x113\x11!\x11\x14\x16\x17\x16\x1632\
67'\x06\x06#\x22&'&&5\x11\x04L\xfc\
\x0d\x84\xb9\x01n \x1f\x1eZ9/W/)\x111\
\x1a\x16%\x0e\x0e\x10\x03\xa1\x99\x99\xfc_\x03\xa1\xfdu\
Tr\x22#\x1e\x13 \x82\x09\x10\x08\x0e\x0e3,\x02\
\x95\x00\x02\x00\xa5\xfe`\x04F\x04N\x00\x1b\x005\x00\
\x00A54&'&&#\x22\x06\x07\x06\x06\x15\x11\
3\x11\x16\x16\x17\x16\x16326766'\x15\x14\
\x06\x07\x06\x06#\x22&'&&'\x114676\
632\x16\x17\x16\x16\x04F99:\xafuY\x9c\
@DX\xb9\x161\x1b0sCf\x9b546\xb9\
 \x22#mL3T!\x224\x1374\x22W4\
Mj!!\x1e\x01\xf4\x15~\xd4NMX9;>\
\xc5\x95\xfc\x1e\x02\x10\x17(\x0f\x1a\x1cNFE\xbf\x85\
\x15K\x8633;\x17\x15\x149!\x01%Z\xa04\
!&F;;\x9c\x00\x00\x01\x00x\xfeY\x040\x04\
N\x00?\x00\x00A\x22\x06\x07\x06\x06\x15\x15\x14\x16\x17\
\x16\x16\x17\x16\x16\x17\x16\x16\x07\x14\x06\x07\x06\x06\x07\x17\
6676674&'&&'&&'&\
&554676632\x16\x17\x16\x16\x153\
4&'&&\x02fw\xb7??BCBA\xc4\
\x826R\x1c\x1b\x1d\x01 \x17\x186\x16M-Z%\
$.\x01411\x8aV\x5c\x88,-+#&%\
uQGj##$\xafE<=\xa8\x04NXJ\
K\xc3l*i\xafBCX\x13\x07\x12\x0d\x0d%\x1a\
(<\x16\x17\x1f\x0a{\x14<((c;BW\x1c\
\x1c!\x0c\x0dE11{D*F\x8a87E&\
 !X2]\x92325\x00\x02\x00m\xff\xec\x04\
\x86\x04:\x00\x1c\x006\x00\x00A5!\x22\x06\x07\x06\
\x06\x15\x15\x14\x16\x17\x16\x1632676655\
4&'&&'\x0154676632\x16\
\x17\x16\x16\x15\x15\x14\x06\x07\x06\x06#\x22&'&&\
\x04\x86\xfd\xc9r\xb3>>AA>>\xb4sr\xb4\
>=A#\x22\x19B(\xfd\xbb$%$pLM\
q%$$#%%pLMq$%$\x03\xa1\
\x99RGG\xc3p\x16u\xc8JJTVGG\xb8\
c\x17M\x899*H\x1e\xfep\x16L\x8944=\
=44\x89L\x16P\x9177@@77\x91\x00\
\x01\x00\xad\xff\xeb\x042\x04:\x00\x1c\x00\x00A5!\
\x15!\x11\x14\x16\x17\x16\x163267667'\
\x06\x06#\x22&'&&5\x13\x042\xfc{\x01h\
('&oH\x1e;\x1d\x1d;\x1e)\x1bM,!\
:\x16\x16\x1b\x01\x03\x9c\x9e\x9e\xfd\xb2e\x87)*$\
\x06\x08\x07\x1b\x16\x83\x11\x1b\x0b\x13\x13K@\x02X\x00\
\x01\x00\x9e\xff\xec\x04?\x04:\x00$\x00\x00A#\x11\
\x14\x16\x17\x16\x1632676654&'&\
&'#\x16\x12\x17\x14\x06\x07\x06\x06#\x22&'&\
&5\x01W\xb9>;;\xabn~\xb2884\x12\
\x10\x10)\x17\xc34E\x03\x22#$nM<c#\
#&\x04:\xfd\x97}\xb7;<:`QP\xd3r\
R\x93AAq0}\xfe\xfb\x86N\x9a=>M%\
)(~Y\x00\x00\x02\x00n\xfe\x22\x04w\x04:\x00\
.\x00A\x00\x00E\x113\x116676654\
&'&&#\x22\x06\x07\x06\x06\x15\x11&&'&\
&5667667'\x06\x06\x07\x06\x06\x15\x14\
\x16\x17\x16\x16%\x114676632\x16\x17\x16\
\x16\x17\x14\x06\x07\x06\x06\x02\x0d\xb9u\xa44409\
22\x86N@^\x1e\x1f\x1e?X\x1b\x1b\x19\x02\x13\
\x14\x13>-e7W\x1e('-22\x9d\x01*\
\x0a\x0b\x07\x16\x0e.D\x17\x16\x17\x02\x1b\x1e\x1e^\x0e\
\xfe0\x01\xcf\x0fgLL\xbcep\xc5IHT)\
\x22#Y0\xfdL\x12S76\x80@4l54\
b)\x85'b8I\xae`f\xbdKLg\x8c\x02\
\xbd\x17#\x0c\x08\x09D67\x8aF?\x8178R\
\x00\x00\x01\x00a\xfe(\x04\x80\x04:\x00'\x00\x00A\
#\x11&&'&&5\x11#\x11\x14\x16\x17\x16\x16\
\x17\x113\x116676654\x02'#\x16\x12\
\x17\x14\x06\x07\x06\x06\x07\x02\xbc\xb95V\x1e\x1f!\xb9\
866\x9bc\xb9}\xac650/ \xc3&1\
\x02\x1d\x1f fI\x04:\xfcT\x0fC87\x9cg\
\x01\xe8\xfe\x1a\x8c\xd7LLX\x0e\xfe5\x01\xc9\x0ei\
OO\xc6k\xa4\x01\x00_}\xff\x00\x86D\x8a:;\
V\x12\x00\x00\x01\x00O\xff\xec\x04\x89\x04:\x00R\x00\
\x00A#\x06\x06\x07\x06\x06\x15\x14\x16\x17\x16\x1632\
67667\x16\x16\x17\x16\x16326766\
76654&'&&'#\x16\x12\x17\x14\x06\
\x07\x06\x06\x07\x06\x06#\x22&'&&'&&5\
\x11#\x11\x14\x06\x07\x06\x06\x07\x06\x06#\x22&'&\
&56\x12\x01q\xc2\x17&\x0d\x0b\x0b\x1e##r\
S9\x5c!\x13\x1f\x0c\x0c\x1e\x13\x22[:8Y!\
(2\x0c\x09\x08\x0e\x0c\x0d$\x15\xc2-:\x02\x04\x05\
\x06\x17\x10\x0d\x22\x15\x1b-\x11\x10\x17\x06\x04\x03\xba\x04\
\x03\x06\x18\x11\x11-\x1a\x22.\x0e\x0f\x0c\x02:\x04:\
7\x82L:\x83Ho\xd1QQb-+\x18>%\
%>\x18+-.)1\x89Q5s:O\x8e>\
Dx3~\xfe\xfb\x875f-6[ \x19\x1c\x1b\
\x1b\x1aN4\x1dA%\x01+\xfe\xd5&D\x1d4M\
\x19\x1a\x1aG<<\x9bT\x87\x01\x05\x00\x02\x00\x98\xff\
\xec\x04\x99\x05\xc6\x007\x00K\x00\x00A'\x06\x06\x07\
\x114&'&&#\x22\x06\x07\x06\x06\x15\x15\x14\x16\
\x17\x16\x16\x17\x15\x14\x06\x07\x06\x06'\x22&'&&\
5\x11\x07\x11\x14\x16\x17\x16\x163267665\
566\x0154676632\x16\x17\x16\x16\
\x15\x11&&'&&\x04\x99\x09 D#.++\
~OJz,,2F@?\xb3n\x1f\x1e\x1f^\
<>b\x22\x22$\xbaA;:\xa6fb\x9f88\
>'H\xfd\xac\x15\x13\x137\x22'9\x12\x13\x13G\
p&'(\x02s\x95\x08\x0d\x03\x01aX\x8a00\
3/--\x81Q\x0fd\xaeCDZ\x10\xa6Ip\
%&'\x01)'&oE\x01P\x02\xfe\xb2g\xa8\
;<A<::\xaam\xa0\x04\x10\x01\xf3\x112G\
\x17\x17\x16\x1a\x19\x1bR7\xfe\xaa\x10B..r\x00\
\x01\x006\x00\x00\x04\xa4\x05\xbb\x00.\x00\x00A\x03\x07\
'\x03&&'&&#\x22\x06\x07\x176632\
\x16\x17\x16\x16\x17\x01\x113\x11\x01667663\
2\x16\x177&&#\x22\x06\x07\x06\x06\x039\xb4\x18\
\x18\xb3\x1a9\x1f F'\x1d5\x1b\x17\x07\x16\x0e\x13\
#\x0f\x0d\x16\x08\x01*\xb8\x01(\x06\x10\x09\x11)\x17\
\x0f\x16\x07\x16\x1b5\x1c(F\x1f 8\x04\xd7\xfei\
XX\x01\x97?X\x1b\x1b\x17\x07\x11\x95\x05\x04\x0b\x0b\
\x0a\x1c\x12\xfdw\xfd\xc0\x02D\x02\x85\x0e\x17\x09\x10\x10\
\x04\x05\x95\x11\x07\x17\x1b\x1bX\x00\x02\x00.\xff\xec\x04\
\x96\x04:\x00+\x00Y\x00\x00A5!\x153\x06\x06\
\x15\x14\x16\x17\x16\x16\x17\x16\x163267667\
\x16\x16\x17\x16\x1632676676654\
&'&&'\x03\x14\x06\x07\x06\x06\x07\x06\x06#\x22\
&'&&'&&55#\x15\x14\x06\x07\x06\x06\
\x07\x06\x06#\x22&'&&'&&5667\
!\x16\x16\x04\x96\xfb\x98i!)\x03\x04\x095,\x1f\
S49Z\x22\x13\x1f\x0c\x0c\x22\x15!Y7Nk\
!\x10\x18\x07\x07\x07\x0a\x0a\x0a\x1c\x10p\x03\x03\x03\x08\
\x05\x0c'\x1d\x1a,\x11\x10\x17\x06\x05\x04\xba\x05\x04\x06\
\x13\x0d\x110\x1d\x10\x1b\x0a\x13\x15\x06\x02\x02\x02/&\
\x01\xf3&/\x03\xa1\x99\x99j\xfb\x8c\x1f=\x1eR\x8a\
,\x1f#,+\x18?&(B\x19()K? \
K)'T+D\x82<@x7\xfe\x0e\x22B\x1d\
\x17)\x12)1\x18\x19\x18I0\x1fJ*\xfb\xfb+\
K )A\x17\x1f\x1f\x10\x0e\x18X6\x186\x1b|\
\xfdyy\xfd\x00\x00\x01\x00*\xff\xf5\x04|\x05\xb0\x00\
'\x00\x00A5!\x15!\x113\x116632\x16\
\x17\x16\x16\x17\x14\x06\x07\x06\x06#\x1726766\
54&'&&#\x22\x06\x07\x11\x04=\xfb\xed\x01\
[\xb8\x1e< ?_ '%\x01\x16\x18\x19Q:\
\x02[\x8f178<::\xa9l\x1f=\x1e\x05\x18\
\x98\x98\xfa\xe8\x02\xaf\x02\x04\x22 &vK<a\x22\
\x22%\x910.3\x9ehj\xab;;@\x04\x02\x01\
\xc7\x00\x01\x00\x81\xff\xec\x04k\x05\xc5\x007\x00\x00A\
#\x06\x06\x07\x06\x06#\x22&'&&55!5\
!54676632\x16\x17\x16\x16\x173&\
&'&&#\x22\x06\x07\x06\x06\x15\x11\x14\x16\x17\x16\
\x16326766\x04k\xb9\x0a+%&mK\
Ow())\x02;\xfd\xc5))(wOKm\
%%,\x0a\xb9\x0aH>?\xb0ru\xbbABF\
FBA\xbbur\xb0?>H\x01\xb7Ms&'\
'C;;\xa1_X\x98K^\xa1;:C*(\
(vKn\xad<<?WNN\xda\x83\xfe\xc7\x83\
\xd9NOWC==\xa9\x00\x00\x02\x00\x1e\x00\x00\x04\
\x9d\x05\xb0\x00.\x00=\x00\x00A!\x03\x14\x06\x07\x06\
\x06\x07\x06\x06\x07\x06\x06##\x15326766\
7667665\x133\x11!26766\
54&'&&##\x1532\x16\x17\x16\x16\x15\
\x14\x06\x07\x06\x06##\x02\xeb\xfd\xcc\x03\x03\x03\x03\x0a\
\x07\x07\x11\x0b\x0d\x22\x14\x16 8Y\x22\x1a(\x0e\x0d\
\x11\x05\x04\x04\x01\xc5\x01\x14T\x81++,,++\
\x81T[[+=\x13\x13\x11\x11\x12\x13=,[\x05\
\xb0\xfdTE|6=h)&;\x14\x19\x1a\x97.\
,\x22b<4yE8}C\x02\x14\xfa\xe8D<\
;\xa2^^\xa2<;E\x982))h67i\
)*3\x00\x02\x00\x83\x00\x00\x04\x8b\x05\xb0\x00\x18\x00\
'\x00\x00s3\x113\x1132676654\
&'&&##\x11#\x11#\x11#\x0132\x16\
\x17\x16\x16\x15\x14\x06\x07\x06\x06##\x83\xb8\xfa\xe9[\
\x89.-..-.\x89[1\xb8\xfa\xb8\x02j1\
3E\x15\x15\x13\x12\x15\x16E31\x02\xa1\xfd_A\
99\x9bZZ\x9887>\x02i\xfd\x89\x02w\xfc\
\xff,$$^33_%%-\x00\x01\x00C\x00\
\x00\x04h\x05\xb0\x00\x1d\x00\x00A5!\x15!\x113\
\x116632\x16\x17\x16\x16\x15\x113\x114&'\
&&#&\x06\x07\x11\x04@\xfc\x03\x01Z\xb9\x1a6\
\x1c=Y\x1e\x1d\x1c\xb9:66\x9dc\x1a6\x1c\x05\
\x18\x98\x98\xfa\xe8\x02\xbd\x03\x03\x1b\x1e\x1e_D\xfe7\
\x01\xc9j\x9811.\x01\x04\x04\x01\xc4\x00\x00\x01\x00\
\xa2\xfe\x99\x04*\x05\xb0\x00\x0b\x00\x00S\x11!\x113\
\x11!\x11#\x11!\x11\xa2\x01l\xb9\x01c\xb9\xfd\xea\
\x05\xb0\xfaP\xfe\x99\x01g\x05\xb0\xfa\xe7\x05\x19\x00\x00\
\x02\x00\xa2\x00\x00\x04L\x05\xb0\x00\x12\x00!\x00\x00A\
5!\x11!2676654&'&&#\
!\x11\x11!2\x16\x17\x16\x16\x15\x14\x06\x07\x06\x06#\
!\x04\x1d\xfc\x85\x01\xc4t\xb5>>AA>>\xb5\
t\xfe\xf6\x01\x0aNq%%##%%qN\xfe\
\xf6\x05\x18\x98\xfaP?99\xa0`a\x9c87<\
\x01\xbf\xfd\xaa+$%c89g''.\x00\x00\
\x02\x00F\xfe\x99\x04x\x05\xb0\x00\x14\x00!\x00\x00A\
\x13#\x11!\x03\x06\x06\x07\x06\x06\x07\x06\x06\x07#\x13\
3\x11!\x11\x01\x13!\x11!6676676\
6\x04f\x12\x7f\xfdw \x02\x09\x07\x08\x15\x0d\x19F\
.A\x1b\x9d\x02\xc1\xfeL\x16\x01\x1f\xfe@\x1a*\x10\
\x0f\x15\x07\x04\x06\xfe\x9b\x01\xfc\x05\x19\xfd\xb7K\x849\
Bq.Xq\x1e\xfe\x02\x01g\xfe\x9b\x04\xcc\x01\xb1\
\xfb\x7f/vF>\x91P.d\x00\x00\x01\x00\x1d\x00\
\x00\x04\xae\x05\xb0\x00\x15\x00\x00A\x133\x01\x13#\x03\
#\x11#\x11#\x03#\x13\x013\x133\x113\x11\x02\
\xfb\xce\xe5\xfe\xf2\xe8\xd8\xad>\xb7E\xae\xd7\xe6\xfe\xf3\
\xe6\xcd>\xb7\x02\x8b\xfdu\x02\xd9\x02\xd7\xfds\x02\x8d\
\xfds\x02\x8d\xfd'\xfd)\x02\x8b\xfdu\x02\x8b\x00\x00\
\x01\x00Y\xff\xeb\x04p\x05\xc4\x00R\x00\x00S\x14\x16\
\x17\x16\x1632676654&'&&'\
6676674&'&&#\x22\x06\x07\x06\
\x06\x1534676632\x16\x17\x16\x16\x15\x14\
\x06\x07\x06\x06\x07\x06\x06\x07#\x1532\x16\x17\x16\x16\
\x17\x16\x16\x15\x14\x06\x07\x06\x06#\x22&'&&5\
YZHH\xb7_s\xc4HGQ0. S3\
'C\x1b26\x01JCD\xbdsc\xb2CDO\
\xb91))p?Rz)))!!\x12/\x1c\
 M-\xb7\xb73Y$&:\x15\x15\x150-.\
\x81QHx++0\x01\x94o\xa144187\
6\x9fgMz.\x1f0\x11\x11+\x19.uCf\
\x9c444834\x95]6\x5c\x22!%(#\
#^74W\x1f\x12\x1b\x0a\x0b\x0b\x01\x98\x0d\x0d\x0d\
)\x1e\x1dM0<d$$(+%%d9\x00\
\x01\x00\xa2\x00\x00\x04*\x05\xb0\x00\x09\x00\x00A\x01\x13\
#\x113\x01\x033\x11\x03q\xfd\xe9\x01\xb9\xb9\x02\x17\
\x01\xb9\x05\xb0\xfb\xd0\x040\xfaP\x041\xfb\xcf\x05\xb0\
\x00\x00\x01\x00/\x00\x00\x04+\x05\xb0\x00\x1e\x00\x00A\
!\x03\x14\x06\x07\x06\x06\x07\x06\x06##\x15326\
7667667665\x13!\x113\x04+\
\xfc\xeb\x04\x03\x03\x05\x16\x11\x16D/(39^&\
,A\x15\x0f\x12\x05\x02\x02\x02\x01\xa5\xb9\x05\xb0\xfc\xf8\
1Y(Kx+89\x97\x1e\x1d$oL7\x83\
J!E$\x02p\xfa\xe8\x00\x00\x01\x00+\xff\xeb\x04\
\xb5\x05\xb0\x00\x1b\x00\x00w\x16\x16326766\
7\x01#\x01\x07'\x01#\x01\x07\x06\x06\x07\x06\x06#\
\x22&'g\x1aiDSw**;\x17\x02\x17\xd7\
\xfe\xe0HG\xfe\xcc\xd0\x01\xf2*\x0d$\x1a\x1aF.\
'Z\x1a\x0e\x0b\x18*$$_4\x04\xc0\xfd;\xb3\
\xbf\x02\xb9\xfb\xc2U\x1c8\x16\x16\x1b\x12\x07\x00\x01\x00\
\xa6\xfe\xa1\x04\xb4\x05\xb0\x00\x0b\x00\x00S\x11!\x113\
\x13#\x11#\x11!\x11\xa6\x03V\xa6\x12\x93\xb9\xfd\xf7\
\x05\xb0\xfaP\xfe\xa1\x01\xfb\x05\x14\xfa\xe7\x05\x19\x00\x00\
\x01\x00\xab\x00\x00\x04'\x05\xb0\x00\x19\x00\x00A#\x11\
\x06\x06#\x22&'&&5\x11#\x11\x14\x16\x17\x16\
\x163267\x113\x04'\xb9H\x90S9T\x1b\
\x1c\x1b\xb9744\x98a_\x89C\xb9\x05\xb0\xfdE\
\x18\x1d\x1d#\x22qU\x01\xc8\xfe8y\xaa661\
\x1b\x18\xfd\xa5\x00\x00\x01\x00}\x00\x00\x04P\x05\xb0\x00\
\x0b\x00\x00A#\x11!\x11#\x11#\x11#\x11#\x01\
6\xb9\x03\xd3\xb8\xd5\xb8\xd5\x05\xb0\xfaP\x05\xb0\xfa\xe7\
\x05\x19\xfa\xe7\x00\x00\x01\x00}\xfe\xa1\x04\xaa\x05\xb0\x00\
\x0f\x00\x00A#\x11!\x113\x13#\x11#\x11#\x11\
#\x11#\x016\xb9\x03v\xa5\x12Z\xb8\xd5\xb8\xd5\x05\
\xb0\xfaP\xfe\xa1\x01\xf7\x05\x18\xfa\xe7\x05\x19\xfa\xe7\x00\
\x02\x002\x00\x00\x04y\x05\xb0\x00\x12\x00!\x00\x00S\
\x15!\x11!2676654&'&&#\
#\x11\x1132\x16\x17\x16\x16\x15\x14\x06\x07\x06\x06#\
#2\x011\x01Io\xac;:==:;\xaco\
\x90\x90Ih\x22!\x1f\x1f!\x22hI\x90\x05\xb0\x98\
\xfa\xe8@:9\x9f_`\x9c87=\x02W\xfd\x12\
+%%c78g''/\x00\x00\x03\x00\x90\x00\
\x00\x04K\x05\xb0\x00\x10\x00\x14\x00#\x00\x00A\x11#\
\x11!2676654&'&&#\x01\x11\
#\x11\x0132\x16\x17\x16\x16\x15\x14\x06\x07\x06\x06#\
#\x01I\xb9\x01\x15_\x91212212\x91_\
\x02\xa6\xb9\xfd\xb7\x5c7M\x19\x18\x16\x16\x18\x18N7\
\x5c\x03Y\x02W\xfaP@:9\x9f__\x9d87\
=\xfc\xa7\x05\xb0\xfaP\x02\xc2,%%b78f\
'(/\x00\x02\x00\xa8\x00\x00\x04Q\x05\xb0\x00\x10\x00\
\x1f\x00\x00A\x11#\x11!2676654&\
'&&#\x05!2\x16\x17\x16\x16\x15\x14\x06\x07\x06\
\x06#!\x01a\xb9\x01\xc3t\xb5>>AA>>\
\xb5t\xfe\xf6\x01\x0aNq%%##%%qN\
\xfe\xf6\x03Y\x02W\xfaP?99\xa0`a\x9c8\
7<\x97+$%c89g''.\x00\x01\x00\
r\xff\xec\x04S\x05\xc5\x007\x00\x00A#\x16\x16\x17\
\x16\x163267665\x114&'&&#\
\x22\x06\x07\x06\x06\x0736676632\x16\x17\
\x16\x16\x15\x15!\x15!\x15\x14\x06\x07\x06\x06#\x22&\
'&&\x01+\xb9\x01C?>\xb0nu\xbeCC\
IICC\xbeun\xb0>?C\x01\xb9\x01'%\
%mGOz**,\xfe\x1c\x01\xe4-**z\
NGm%%'\x01\xd1n\xb3?@ETML\
\xd6\x83\x01L\x83\xd7MLTLBB\xb2eL}\
,+0@99\x9f^]\x97Z^\x9e99@\
0,+{\x00\x00\x02\x00w\xff\xec\x04j\x05\xc4\x00\
!\x00;\x00\x00A\x114&'&&#\x22\x06\x07\
\x06\x06\x15\x15#\x11#\x113\x113\x15\x14\x16\x17\x16\
\x16326766\x03\x11\x14\x06\x07\x06\x06#\x22\
&'&&5\x114676632\x16\x17\x16\
\x16\x04j...\x89[V\x82+,+r\xb9\xb9\
r,,+\x82VZ\x89...\xb9\x13\x15\x15E\
2.>\x13\x13\x10\x10\x13\x13>-+@\x15\x1c\x19\
\x02\x03\x01\xa9\x7f\xc7EEHHEE\xc7\x7f\x98\x02\
\x9c\xfaP\x02}z\x7f\xc7DEHHED\xc7\x02\
*\xfeU_\x8e//////\x8e_\x01\xab^\
\x8d///#\x22.\x9a\x00\x00\x02\x00A\x00\x00\x04\
&\x05\xb0\x00\x13\x00\x22\x00\x00a3\x11!\x22\x06\x07\
\x06\x06\x15\x14\x16\x17\x16\x16\x17\x013\x01!\x0146\
76633\x11#\x22&'&&\x03m\xb9\xfe\
Nu\xbdBCG32#^:\xfe\xab\xc5\x011\
\x016\xfd\xc2*))yP\xf9\xffNx(()\
\x05\xb0856\x9ddR\x843#9\x15\xfdn\x02\
_\x01\xaf=c#\x22%\xfd\xe0*&%f\x00\x00\
\x02\x00\x81\xff\xec\x04G\x06\x11\x005\x00O\x00\x00A\
\x22\x06\x07\x06\x06\x076676676676\
65#\x14\x06\x07\x06\x06\x07\x06\x06\x07\x06\x06\x07\x06\
\x06\x15\x15\x14\x16\x17\x16\x1632676655\
4&'&&\x072\x16\x17\x16\x16\x15\x15\x14\x06\x07\
\x06\x06#\x22&'&&5546766\x02\
\x868f--N \x0fB00zFcm-\
39\x98&!\x22[5o\xb5?\x1f0\x11\x12\x13\
B>>\xb4rr\xb3>>A=::\xa6\x8dL\
q%%$$%%oLMq$%$$%\
$p\x03\xfc\x19\x16\x17?%\x5c\x83--5\x0f\x15\
\x1e\x1e\x22r])5\x11\x12\x17\x0a\x15s`/p\
AF\xa5^cq\xc0GGPPGG\xc0q\x17\
i\xb3BAK\x987./zD\x17L\x8934\
==43\x89L\x17Dz/.7\x00\x00\x03\x00\
\xa4\x00\x00\x040\x04:\x00\x1b\x00*\x009\x00\x00s\
!2676654&'&&''66\
76654&'&&#!\x13!2\x16\x17\
\x16\x16\x15\x14\x06\x07\x06\x06#!\x11\x1132\x16\x17\
\x16\x16\x15\x14\x06\x07\x06\x06#\xa4\x01\xee_\x9966\
:\x1c\x1b\x1bK2\x08\x1f4\x14$%?:;\xa4\
d\xfeW\xba\x0148V\x1d\x1c\x1d\x1a\x19\x1dY;\
\xfe\xcc\xef=a \x22#\x16\x14 lK&'&\
sM,P! /\x0d\x02\x0c\x1e\x13 U1M\
p$$$\xfd\xa1\x16\x15\x14<'&;\x14\x17\x18\
\x01\xda\x015\x12\x13\x13<)\x1f1\x12\x1c\x1a\x00\x00\
\x01\x00\xb7\x00\x00\x04*\x04:\x00\x05\x00\x00A5!\
\x113\x11\x04*\xfc\x8d\xba\x03\xa1\x99\xfb\xc6\x03\xa1\x00\
\x02\x006\xfe\xc2\x04\x9a\x04:\x00\x11\x00\x1b\x00\x00w\
#\x133\x11!\x113\x13#\x11!\x03\x06\x06\x07\x06\
\x06\x017!\x11!66766\x9cf\x12\xa6\x02\
\xf3\xa7\x12\x8b\xfdG\x10\x07\x17\x13\x13;\x018\x09\x01\
N\xfeF\x18!\x0b\x0b\x0f\x97\xfe+\x01>\xfe\xc2\x01\
\xd5\x03\xa3\xfejt\xbcDDO\x02\x07\xeb\xfd\x08,\
pCB\x98\x00\x00\x01\x00\x11\x00\x00\x04\xac\x04:\x00\
\x15\x00\x00A\x133\x01\x01#\x03#\x11#\x11#\x03\
#\x01\x013\x133\x113\x11\x02\xf5\xd7\xe0\xfe\xd6\x01\
\x08\xd6\xbe;\xb9;\xbd\xd6\x01\x06\xfe\xd7\xdf\xd7;\xb9\
\x01\xd6\xfe*\x023\x02\x07\xfe@\x01\xc0\xfe@\x01\xc0\
\xfd\xf9\xfd\xcd\x01\xd6\xfe*\x01\xd6\x00\x00\x01\x00\x87\xff\
\xed\x04J\x04M\x00R\x00\x00S\x14\x16\x17\x16\x163\
2676654&'&&'6676\
654&'&&#\x22\x06\x07\x06\x06\x0734\
676632\x16\x17\x16\x16\x15\x14\x06\x07\x06\x06\
\x07\x06\x06##\x1532\x16\x17\x16\x16\x17\x16\x16\x15\
\x14\x06\x07\x06\x06#\x22&'&&5\x87K;F\
\xbcbd\xac@@I#!\x1cK/!:\x16(\
,B<<\xa6d_\xab@AM\x01\xb9/('\
h:Ad\x22!#\x1a\x19\x12/\x1d\x178 \xf1\
\xf1\x1f:\x19\x19,\x12$&)%&j@Ap\
)).\x01@Q{(1.**)xN4\
U!\x1b)\x0e\x0d!\x13\x22T0Nu('(\
,)*wK%?\x17\x16\x1a\x1a\x16\x17<\x22\x22\
6\x13\x0d\x14\x06\x05\x05\x9c\x04\x05\x05\x0e\x0a\x15A.\
%@\x18\x18\x1b\x1f\x1b\x1aE'\x00\x00\x01\x00\xa5\x00\
\x00\x04'\x04:\x00\x09\x00\x00A\x01\x11#\x113\x01\
\x113\x11\x03n\xfd\xef\xb8\xb8\x02\x11\xb9\x04:\xfc\xe1\
\x03\x1f\xfb\xc6\x03\x1e\xfc\xe2\x04:\x00\x00\x01\x00\xa4\x00\
\x00\x04\x95\x04:\x00\x0c\x00\x00A\x013\x01\x01#\x01\
#\x11#\x113\x11\x02\x0d\x01\x9d\xeb\xfe\x0c\x01\xd0\xe1\
\xfem\xa0\xb9\xb9\x01\xcd\xfe3\x021\x02\x09\xfe6\x01\
\xca\xfb\xc6\x01\xcd\x00\x01\x007\x00\x00\x04&\x04:\x00\
\x1b\x00\x00A!\x03\x14\x06\x07\x06\x06\x07\x06\x06#\x07\
\x073267667665\x13!\x113\x04\
&\xfc\xff\x02\x03\x03\x05\x10\x0b\x16K9)\x036j\
\x8e*\x1a\x22\x08\x05\x05\x01\x01\x8e\xba\x04:\xfe12\
Y'1Q\x1f99\x01\xa5SO1\x80L.g\
7\x016\xfc_\x00\x01\x00\x89\x00\x00\x04)\x04:\x00\
\x0c\x00\x00e\x03#\x113\x11\x133\x13\x113\x11#\
\x02\x5c\xe4\xef\xb9\xda\x80\xd4\xb9\xe7\xf5\x03E\xfb\xc6\x02\
\xb3\xfdM\x02\x9b\xfde\x04:\x00\x01\x00\xa5\x00\x00\x04\
'\x04:\x00\x0b\x00\x00a\x11#\x11!\x11#\x113\
\x11!\x11\x04'\xb9\xfd\xf0\xb9\xb9\x02\x10\x04:\xfe+\
\x01\xd5\xfb\xc6\x01\xce\xfe2\x00\x00\x01\x00\xa5\x00\x00\x04\
'\x04:\x00\x07\x00\x00a\x11!\x113\x11!\x11\x04\
'\xfc~\xb9\x02\x10\x04:\xfb\xc6\x03\xa1\xfc_\x00\x00\
\x01\x00h\x00\x00\x04{\x04:\x00\x07\x00\x00A5!\
\x15!\x113\x11\x04{\xfb\xed\x01\xa9\xba\x03\xa4\x96\x96\
\xfc\x5c\x03\xa4\x00\x00\x03\x00z\xfe`\x04R\x06\x00\x00\
\x1f\x00-\x00;\x00\x00S\x15\x14\x16\x17\x16\x16\x17\x11\
3\x1166766554&'&&'\x11\
#\x11\x06\x06\x07\x06\x06\x175467667\x11\
&&'&&%\x15\x14\x06\x07\x06\x06\x07\x11\x16\x16\
\x17\x16\x16z643\x94]\xb9^\x954376\
44\x95^\xb9]\x94346\xb9\x1b\x1b\x1aP5\
6P\x1a\x1b\x1a\x02f\x1b\x1b\x1bQ66Q\x1b\x1b\
\x1b\x02'\x16h\xb7GG_\x10\xfek\x01\x94\x0f_\
HG\xb7i\x16h\xb8HG`\x10\x01\xba\xfeF\x11\
_GH\xb8~\x16B{33K\x12\xfc\xea\x12J\
33{Y\x16D|33J\x12\x03\x18\x12J3\
3|\x00\x00\x01\x00\xaa\xfe\xbf\x04\x90\x04:\x00\x0b\x00\
\x00S\x11!\x113\x13#\x11#\x11!\x11\xaa\x03.\
\xa6\x12\x81\xba\xfe\x0e\x04:\xfb\xc6\xfe\xbf\x01\xd8\x03\xa3\
\xfc]\x03\xa3\x00\x00\x01\x00\x8d\x00\x00\x04'\x04:\x00\
\x1c\x00\x00a\x11#\x11\x06\x06\x07\x06\x06#\x22&'\
&&5\x11#\x11\x14\x16\x17\x16\x163267\x11\
\x04'\xb9\x1e=\x1f*X.Ad \x1b\x1e\xb9>\
:9\xa2dU\x91D\x04:\xfd\xe9\x07\x0c\x04\x06\x06\
\x22$\x1f\x5c>\x01;\xfe\xc5g\x99232\x12\x11\
\xfeu\x00\x00\x01\x00\x81\x00\x00\x04L\x04:\x00\x0b\x00\
\x00A#\x11!\x11#\x11#\x11#\x11#\x01:\xb9\
\x03\xcb\xb9\xd0\xb9\xd0\x04:\xfb\xc6\x04:\xfc]\x03\xa3\
\xfc]\x00\x00\x01\x00v\xfe\xbf\x04\x98\x04:\x00\x0f\x00\
\x00A#\x11!\x113\x13#\x11#\x11\x07\x11#\x11\
#\x01/\xb9\x03k\xa5\x12W\xb9\xd0\xb9\xd0\x04:\xfb\
\xc6\xfe\xbf\x01\xd9\x03\xa2\xfc^\x01\x03\xa3\xfc]\x00\x00\
\x02\x009\x00\x00\x04w\x04:\x00\x12\x00!\x00\x00a\
!2676654&'&&##\x11!\
\x15!\x1332\x16\x17\x16\x16\x15\x14\x06\x07\x06\x06#\
#\x01e\x01\x81`\x96335533\x96`\xc8\
\xfe\x1b\x01,\xb9\xc89R\x1a\x1a\x18\x18\x1a\x1aQ:\
\xc85.-|HHz,,2\x01\x9a\x98\xfeg\
\x22\x1a\x1bC\x22#B\x19\x1a\x1e\x00\x00\x03\x00\x90\x00\
\x00\x04?\x04:\x00\x10\x00\x14\x00#\x00\x00A\x11#\
\x11!2676654&'&&#\x01\x11\
#\x11\x0132\x16\x17\x16\x16\x15\x14\x06\x07\x06\x06#\
#\x01I\xb9\x01\x1cX\x86.-//-.\x87W\
\x02\x93\xb9\xfd\xc3c/B\x15\x14\x13\x13\x14\x15B/\
c\x02\xa0\x01\x9a\xfb\xc65..|GGz-,\
2\xfd`\x04:\xfb\xc6\x02\x09\x22\x1b\x1bC!#A\
\x19\x1a\x1f\x00\x02\x00\xa5\x00\x00\x04@\x04:\x00\x10\x00\
\x1f\x00\x00A\x11#\x11!2676654&\
'&&#\x05!2\x16\x17\x16\x16\x15\x14\x06\x07\x06\
\x06#!\x01^\xb9\x02\x04a\x98446744\
\x97a\xfe\xb5\x01K:S\x1b\x1b\x1a\x19\x1b\x1bT:\
\xfe\xb5\x02\xa0\x01\x9a\xfb\xc64.-}HIz,\
,1\x97!\x1a\x1bC#$B\x19\x19\x1e\x00\x01\x00\
\x81\xff\xec\x04:\x04N\x005\x00\x00A2\x16\x17\x16\
\x16\x17!\x15!\x06\x06\x07\x06\x06#\x22&'&&\
5#\x14\x16\x17\x16\x16326766554\
&'&&#\x22\x06\x07\x06\x06\x1534676\
6\x02<Qt&&*\x06\xfeU\x01\xad\x05'&\
'vT8a$$*\xb0C;;\xa2`\x7f\xbf\
@@@@?@\xc0\x7fV\xa0=>J\xb0.&\
%`\x03\xb66--t?\x98A|01;&\
! X2S\x8f45<WKJ\xc4l*l\
\xc4JJX;22\x84I.M\x1d\x1c \x00\x00\
\x02\x00q\xff\xec\x04\x81\x04N\x00\x1f\x009\x00\x00A\
\x11#\x113\x113\x16\x16\x17\x16\x1632676\
6554&'&&#\x22\x06\x07\x06\x06\x07\x17\
54676632\x16\x17\x16\x16\x15\x15\x14\x06\
\x07\x06\x06#\x22&'&&\x01*\xb9\xb9\x81\x061\
--\x83W]\x89-,,,--\x8a]U\x80\
--2\x07\xb8\x10\x14\x14D45E\x15\x14\x11\x11\
\x14\x14E45D\x14\x15\x10\x02o\x01\xcb\xfb\xc6\x01\
\xd7h\xb4BBKVJJ\xc9r\x16r\xc9KK\
VI@A\xaff^\x16N\x9087BB78\
\x90N\x16N\x9177BB77\x91\x00\x00\x02\x00\
O\x00\x00\x04!\x04:\x00\x10\x00\x1f\x00\x00A!\x22\
\x06\x07\x06\x06\x15\x14\x16\x17\x013\x01!\x113\x014\
67663!\x11!\x22&'&&\x04!\xfe\
\x04`\x9a559ph\xfe\xef\xc8\x01\x01\x01P\xb9\
\xfd!\x1c\x1c\x1cV9\x01C\xfe\xa65L\x19\x1a\x18\
\x04:2+,yHj\x9f&\xfe?\x01\xa5\xfe[\
\x02\xee#A\x1a\x19\x1f\xfe\x99\x1e\x19\x18@\x00\x01\xff\
\xe9\xfeK\x04%\x06\x00\x009\x00\x00A5!5#\
\x15#\x153\x113\x116676636\x16\x17\
\x16\x16\x15\x11\x14\x06\x07\x06\x06#\x22&'\x07\x16\x16\
3267665\x034&'&&#\x06\x06\
\x07\x06\x06\x07\x11\x02f\xfe\xf9\xb9\xbd\xbd\xb9\x17>$\
#P+=]\x1f\x1e\x1e\x16\x15\x110\x1d\x10B\x13\
\x0f\x1e6 Lx)*,\x01511\x8bU;\
i,%?\x1a\x04\xb9\x97\xb0\xb0\x97\xfbG\x03\x12%\
<\x15\x13\x16\x01\x22# aA\xfc\xfc3N\x1a\x14\
\x15\x07\x06\x94\x0a\x07,+,\x84U\x03\x02m\x9f4\
41\x01\x1e\x1b\x17>&\x01 \x00\x00\x01\x00\x8f\xff\
\xec\x043\x04N\x005\x00\x00e\x22&'&&'\
!5!6676632\x16\x17\x16\x16\x173\
4&'&&#\x22\x06\x07\x06\x06\x15\x15\x14\x16\x17\
\x16\x163267667#\x06\x06\x07\x06\x06\x02\
{No$$&\x05\x01\x9a\xfef\x05&%$n\
N8a##)\x01\xafB:;\xa1`{\xb8=\
>>>>=\xb8{V\x9e==I\x01\xaf\x01-\
%%_\x828/.y@\x98?y/.9&\
!!W1R\x9054=XJK\xc4k*l\
\xc3JKX;21\x83H-M\x1c\x1d \x00\x00\
\x02\x00&\x00\x00\x04\xb0\x04:\x00(\x007\x00\x00A\
!\x11\x14\x06\x15\x06\x06\x07\x06\x06#\x07\x07326\
7667665\x113\x11326766\
54&'&&##\x13\x14\x06\x07\x06\x06##\
\x1132\x16\x17\x16\x16\x03\x08\xfd\xcc\x01\x02\x0e\x0c\x10\
6)\x1e\x04-Zx%\x1d \x04\x01\x01\xc2\xfbW\
\x86--//--\x86WB\xed\x12\x14\x15A/\
BB/A\x15\x14\x12\x04:\xfe1\x190\x16N|\
.;=\x01\x9bTPA\xb1n\x184\x1b\x016\xfc\
_5.-{GHy-,2\xfe\xb6\x22D\x1b\
\x1b#\x01q\x1f\x19\x19@\x00\x00\x02\x00\x82\x00\x00\x04\
\x92\x04:\x00\x18\x00'\x00\x00A\x11#\x113\x113\
\x11!2676654&'&&##\x11\
#\x11\x1732\x16\x17\x16\x16\x15\x14\x06\x07\x06\x06#\
#\x01;\xb9\xb9\xf9\x01\x0cR\x7f+*,,*+\
\x7fRS\xb9\xb9S*:\x12\x12\x10\x10\x12\x12:*\
S\x02\xa1\x01\x99\xfb\xc6\x02\x0a\xfd\xf65.-{G\
Gy-,2\x01\x9d\xfeg\x9b\x1f\x19\x19@!\x22\
D\x1b\x1b#\x00\x00\x01\x00\x1c\x00\x00\x04+\x06\x00\x00\
'\x00\x00A5!5#\x15#\x153\x113\x116\
676636\x16\x17\x16\x16\x15\x113\x114&\
'&&#\x06\x06\x07\x06\x06\x07\x11\x02\x99\xfe\xcd\xb9\
\x91\x91\xb9\x18B'!L);\x5c\x1f\x1f \xb95\
11\x8bU<l.#<\x19\x04\xbe\x97\xab\xab\x97\
\xfbB\x03\x12'>\x15\x12\x13\x01 ! dB\xfd\
U\x02\xa9m\x9f441\x01\x1f\x1e\x16<%\x01%\
\x00\x00\x01\x00\xa5\xfe\x9c\x04'\x04:\x00\x0b\x00\x00A\
#\x11!\x113\x11!\x11#\x11!\x01^\xb9\x01g\
\xb9\x01b\xb9\xfd\xf0\x04:\xfb\xc6\xfe\x9c\x01d\x04:\
\xfc]\x00\x00\x01\x00k\xff\xec\x04\x7f\x05\xb0\x008\x00\
\x00A#\x03\x14\x06\x07\x06\x06#\x22&'&&5\
\x11#\x03\x14\x06\x07\x06\x06#\x22&'&&5\x03\
#\x03\x14\x16\x17\x16\x163267667\x16\x16\
\x17\x16\x163267665\x04~\xb8\x01\x10\x10\
\x0e'\x19\x19*\x10\x17\x18\xbf\x01\x19\x17\x0f*\x18\x17\
'\x0d\x12\x12\x01\xb8\x01+''mC*K\x1e\x18\
(\x0e\x0c \x14 R0Bm''+\x05\xb0\xfb\
\x8e.I\x18\x16\x17\x12\x10\x18N4\x04r\xfb\x8e4\
O\x18\x10\x11\x15\x13\x18K1\x04r\xfb\x8eR~+\
+,\x17\x16\x133 \x1c-\x12\x1c\x1c,++~\
R\x00\x01\x00_\xff\xeb\x04z\x04;\x008\x00\x00A\
#\x11\x14\x06\x07\x06\x06#\x22&'&&5\x03#\
\x11\x14\x06\x07\x06\x06#\x22&'&&5\x11#\x03\
\x14\x16\x17\x16\x163267667\x16\x16\x17\x16\
\x163267665\x04z\xb9\x0f\x0e\x0f*\x1b\
\x1a*\x10\x17\x18\x01\xbf\x16\x13\x11.\x1b\x19(\x0e\x11\
\x11\xb9\x01,''nC)G\x1d\x1a,\x0f\x0d$\
\x15\x1fP/Bn('+\x04;\xfd\x01+E\x17\
\x19\x1a\x12\x11\x17M3\x02\xff\xfd\x010I\x18\x14\x15\
\x16\x15\x18H/\x02\xff\xfd\x01R~*+,\x14\x14\
\x135#\x1d0\x11\x1b\x1a,+*~R\x00\x02\x00\
\x1c\x00\x00\x04<\x06\x18\x00\x18\x00'\x00\x00A5!\
\x11#\x11#\x153\x11!2676654&\
'&&#!\x11\x11!2\x16\x17\x16\x16\x15\x14\x06\
\x07\x06\x06#!\x02\xd7\xfe\xbe\xb9\xc0\xc0\x01\xcca\x96\
436634\x96a\xfe\xed\x01\x13:R\x1b\x1a\
\x19\x19\x1a\x1bR:\xfe\xed\x044\x98\x01L\xfe\xb4\x98\
\xfb\xcc4..|HHz-,1\x01\x94\xfd\xd5\
!\x1a\x1bD\x22$A\x19\x1a\x1e\x00\x00\x01\x00}\xff\
\xed\x04\x94\x05\xc5\x00T\x00\x00A\x11#\x113\x113\
\x15\x14\x16\x17\x16\x16\x17\x16\x163267667\
667#\x06\x06\x07\x06\x06\x07\x06\x06#\x22&'\
&&'&&55!5!546766\
76632\x16\x17\x16\x16\x17\x16\x16\x173&&\
'&&#\x22\x06\x07\x06\x06\x07\x06\x06\x15\x15\x015\
\xb8\xb8\x96\x0e\x0d\x0f0 .}L5Z$.B\
\x16\x0c\x0f\x04\xa7\x03\x09\x06\x0a\x22\x15\x12/\x1d#9\
\x14\x14\x1d\x08\x08\x07\x01\x1a\xfe\xe6\x07\x07\x0a \x18\x14\
4 #6\x13\x10\x19\x09\x07\x09\x03\xa7\x071*+\
zQ=i*.G\x13\x0c\x0d\x03@\x02p\xfaP\
\x02\xa9\x9bCx3<b%5;\x1b\x1a\x1fe?\
%S,\x1f8\x19(<\x13\x0f\x10 \x1b\x1cK/\
'^5\x9b\x97e4['5Q\x1d\x17\x19\x18\x17\
\x142 \x1a<\x22`\x9c76;%$&|Q\
2t@c\x00\x00\x01\x00\x9b\xff\xec\x04\x89\x04N\x00\
I\x00\x00A5!6676676632\
\x16\x17\x16\x16\x1534&'&&#\x22\x06\x07\x06\
\x06\x07\x06\x06\x07#\x11#\x113\x113\x15\x16\x16\x17\
\x16\x16\x17\x16\x163267665#\x06\x06\x07\
\x06\x06#\x22&'&&'&&'5\x03\xc7\xfe\
\xd5\x01\x07\x07\x0a#\x19\x13/\x1c!3\x12\x12\x13\xaf\
-))tG<e(1D\x14\x0c\x0d\x01\x8f\xb9\
\xb9\x8f\x01\x0d\x0b\x16R:$Y4@s+*2\
\xaf\x01\x15\x12\x132\x1e\x1b-\x12\x1a$\x0c\x06\x08\x01\
\x01\xd0\x97%I\x22/O\x19\x13\x15!\x1c\x1cJ(\
J\x81008$ )tH+`3\x01\xd3\xfb\
\xc6\x01\xd0\x021\x5c*P\x82&\x19\x1a5--u\
@$?\x18\x18\x1b\x12\x11\x1aR2 G$\x02\x00\
\x02\x00'\x00\x00\x04\xb2\x05\xb0\x00\x0b\x00\x10\x00\x00A\
\x133\x01#\x013\x133\x113\x11%\x137\x17\x13\
\x03e\x90\xbd\xfe\x0f\xa0\xfe\x06\xbd\x93\x94\xb9\xfe\xe8\xb9\
\x0b\x0a\xb6\x01\xb8\xfeH\x05\xb0\xfaP\x01\xb8\xfeH\x01\
\xb8\xa1\x02,\x1f \xfd\xd5\x00\x00\x02\x00W\x00\x00\x04\
\x81\x04:\x00\x0b\x00\x10\x00\x00A\x133\x01#\x013\
\x133\x113\x11%\x137\x17\x13\x03Jy\xbe\xfe9\
\x9f\xfe<\xbdv\x87\xb9\xfe\xfd\x89\x19\x18\x8b\x01)\xfe\
\xd7\x04:\xfb\xc6\x01)\xfe\xd7\x01)\x98\x01WRR\
\xfe\xa9\x00\x00\x02\x00q\x00\x00\x04\xbc\x05\xb0\x00\x13\x00\
\x18\x00\x00A\x133\x01#\x03#\x11#\x113\x113\
\x033\x133\x113\x11'\x137\x17\x13\x03\xa1_\xbc\
\xfe\xae\x9f\xd0\xd1\xb9\xb9\xa8u\xbdhE\x94\xb6k\x08\
\x07a\x01\xd4\xfe,\x05\xb0\xfc\xc5\x03;\xfaP\x01\xd4\
\xfe,\x01\xd4\xfe,\x01\xd4\xa1\x01\xe0$$\xfe \x00\
\x02\x00p\x00\x00\x04\xbd\x04:\x00\x13\x00\x18\x00\x00A\
\x133\x01#\x03#\x11#\x113\x113\x033\x133\
\x113\x11'\x137\x17\x13\x03\xabU\xbd\xfe\xad\x9f\xd5\
\xcd\xb9\xb9\x97c\xbd]O\x9d\xb9f\x08\x08]\x01%\
\xfe\xdb\x04:\xfd\x8c\x02t\xfb\xc6\x01%\xfe\xdb\x01%\
\xfe\xdb\x01%\xa1\x01A\x1b\x1b\xfe\xbf\x00\x02\x00U\x00\
\x00\x04\x85\x05\xb0\x00'\x00,\x00\x00s3\x1146\
76633\x113\x1132\x16\x17\x16\x16\x15\x11\
3\x114&'&&'#\x01!\x01#\x22\x06\x07\
\x06\x06\x15\x01\x03\x07'\x03V\xb9\x15\x16\x15C.S\
\xb9M.C\x16\x16\x16\xb90./\x86V\x01\x016\
\xfc!\x01Q\x03V\x87./1\x02\xe7\xca\x02\x02\xe0\
\x01\xab=R\x19\x19\x16\xfd~\x02\x82\x16\x19\x19R=\
\xfeU\x01\xabb\x8a-,)\x01\x02\x96\xfdj),\
-\x8bb\x03m\xfe)\x03\x03\x01\xd7\x00\x02\x00i\x00\
\x00\x04Y\x04:\x00)\x00/\x00\x00s3546\
76633\x17\x113\x11732\x16\x17\x16\x16\
\x15\x17354&'&&'#\x01!\x01#\x06\
\x06\x07\x06\x06\x15\x01\x03\x07#'\x03i\xb9\x14\x14\x14\
=*=\x05\xba\x083*=\x14\x14\x14\x01\xb9*(\
(rG\x03\x01\x1c\xfcP\x01\x1b\x03Iw)*+\
\x02\xb2\xae\x04\x05\x04\xaf\xdbCY\x1b\x1b\x17\x09\xfeE\
\x01\xbb\x09\x17\x1b\x1bYC\xdb\xdba\x8c/.0\x05\
\x01\xe0\xfe!\x03/..\x8fc\x02\xc7\xfe\xc1\x07\x07\
\x01?\x00\x00\x02\x00P\x00\x00\x04\x87\x05\xb0\x00-\x00\
2\x00\x00a3\x114676673\x113\x11\
32\x16\x17\x16\x16\x15\x133\x114&'&&#\
#\x13!\x13!\x11#\x113\x113\x06\x06\x07\x06\x06\
\x15\x01\x03\x07'\x03\x01\x83\x99\x0b\x0b\x0d)\x1e4\x99\
*\x1c)\x0e\x0f\x0e\x01\x99!\x22&a-\x01\xeb\xfd\
\x17\xeb\xfe\x7f\xab\xab\x9b\x05\x07\x02\x03\x03\x02\x05\x7f\x02\
\x02\x7f\x01\xf4#3\x10\x13\x12\x01\xfd\x80\x02\x80\x0d\x0f\
\x108(\xfe\x0c\x01\xf4Mm\x22&\x22\x02\x98\xfdh\
\x02\x98\xfaP\x02\x80\x0e\x1d\x10\x12)\x16\x03$\xfel\
\x07\x07\x01\x94\x00\x00\x02\x00Q\x00\x00\x04\x86\x04:\x00\
/\x004\x00\x00s3\x113\x06\x06\x07\x06\x06\x15\x13\
3\x114676633\x17\x113\x11732\
\x16\x17\x16\x16\x15\x133\x114&'&&'#\x13\
!\x13!\x11#\x05\x03\x07'\x03Q\xab\x9c\x04\x08\x02\
\x04\x03\x01\x99\x0c\x0c\x0e+\x1e&\x08\x9a\x07\x1d ,\
\x0e\x0d\x0d\x01\x99\x22!\x1bN0\x03\xd3\xfd\x22\xd2\xfe\
\x8e\xab\x036{\x01\x01{\x01\xbb\x0d\x1d\x0f\x13)\x17\
\xfe\xd1\x01/#3\x11\x13\x12\x05\xfeJ\x01\xb7\x04\x0f\
\x11\x106&\xfe\xd1\x01/Ln#\x1e!\x05\x01\xea\
\xfe\x19\x01\xe7\x8f\xfe\xc3\x02\x02\x01=\x00\x02\x00\xca\xfe\
F\x04$\x07t\x00\x5c\x00e\x00\x00A#\x1532\
\x16\x17\x16\x16\x15\x14\x06\x07\x06\x06\x07\x06\x06##\x22\
\x06\x07\x06\x06\x15\x16\x16\x17\x16\x16\x177&&'&\
&546766332676676\
654&'&&'6676654&\
'&&'&&#!\x15!2\x16\x17\x16\x16\x15\
\x14\x06\x07\x06\x06\x07\x06\x06\x03'#\x15\x17375\
#\x02\x1c\x8d\x8dO|++-\x0f\x0f\x0e'\x18%\
_7.Kz+,0\x01/&%]/J\x17\
7\x19\x19!\x0f\x10\x12;)5W\x98<!8\x16\
\x22$0-!Z69\x5c  #!\x1f\x1eU\
55}D\xfe\xce\x012Hm%%%\x0e\x0e\x11\
A, O\x0f\x97\x9d\xfbr\xfe\xa0\x037\x97!!\
!fE#@\x1c\x1a,\x12\x1a\x1d\x1e\x1f\x1f`C\
<d((;\x14|\x0a\x1f\x16\x16=(\x18(\x0f\
\x10\x12(&\x156\x1f1yGLz-\x222\x11\
\x16@((^5>k,*E\x16\x17\x18\x98$\
  W2#<\x1a!2\x10\x0b\x0c\x03\xa4\x98\x15\
\xf5\xf8\x12\x00\x02\x00\xde\xfeF\x04\x09\x06\x1e\x00b\x00\
k\x00\x00A#\x1532\x16\x17\x16\x16\x17\x16\x16\x15\
\x14\x06\x07\x06\x06\x07\x06\x06##\x22\x06\x07\x06\x06\x15\
\x16\x16\x17\x16\x16\x177&&'&&5467\
66332676676654&'\
&&'6676654&'&&'&\
&#!\x15!2\x16\x17\x16\x16\x17\x16\x16\x15\x14\x06\
\x07\x06\x06\x07\x06\x06\x03'#\x15\x17375#\x02\
,\x8d\x8d)I\x1e%7\x12\x13\x13\x0c\x0c\x13>(\
\x186\x1d)K{+,0\x010&%].K\
\x177\x19\x19!\x0e\x10\x12;*00[(En\
 \x17\x18#!\x1bL.'@\x18!#\x1b\x1b\x22\
nH&T+\xfe\xd4\x01,#?\x1a)8\x0e\x07\
\x07\x1f!\x0f'\x17\x1b@\x0d\x97\x9d\xfbr\xfe\xa0\x02\
i\x97\x08\x07\x09\x1a\x14\x121\x1d\x15'\x11\x1b(\x0b\
\x06\x07\x1e\x1f\x1f`C<d((;\x14|\x0a\x1f\
\x16\x16=(\x18'\x0f\x11\x12\x0c\x0c\x13H1!P\
.1Q\x1f\x1a(\x0e\x0f'\x17\x1fM+/Q!\
,D\x11\x09\x0a\x99\x08\x08\x0d(\x1b\x0c\x1d\x0f%<\
\x14\x0a\x0f\x05\x07\x06\x03\x1d\x98\x15\xf5\xf8\x12\x00\x03\x00\
c\xff\xec\x04Z\x05\xc4\x00%\x00:\x00O\x00\x00A\
5&&'&&'&&#\x22\x06\x07\x06\x06\x07\
\x06\x06\x07\x15\x16\x16\x17\x16\x16\x17\x16\x163267\
66766%5667667663\
2\x16\x17\x16\x16\x17\x16\x16\x17\x1d\x02\x06\x06\x07\x06\x06\
\x07\x06\x06#\x22&'&&'&&'5\x04Z\
\x01\x19\x1a\x1bQ88\x92ZZ\x9188Q\x1a\x1b\
\x19\x01\x01\x1a\x1b\x1aR88\x91ZZ\x9188Q\
\x1a\x1a\x19\xfc\xc0\x01\x0d\x0f\x0e0$$b@Ab\
$$0\x0f\x0e\x0c\x01\x01\x0b\x0e\x0f/#$cA\
Ab$$0\x0f\x0f\x0d\x01\x02\x84\xa6N\xa0JJ\
\x81007701\x81JJ\x9fN\xa6N\x9eJ\
J\x81007700\x80JJ\x9f\xeb\x0b3q\
87e'&.-&'e78q4\x0b\x98\
\x054r78e&'..'&f87r\
3\x05\x00\x00\x03\x00]\xff\xec\x045\x04N\x00\x19\x00\
&\x003\x00\x00S\x15\x14\x16\x17\x16\x163267\
66554&'&&#\x22\x06\x07\x06\x06\x01\
2\x16\x17\x16\x16\x17!66766\x13\x22&'\
&&'!\x06\x06\x07\x06\x06]D@?\xb7sr\
\xb6@?DD?@\xb7sr\xb6?@D\x01\xeb\
Dk&&-\x08\xfd\xa1\x07.&&jFFk\
&',\x07\x02`\x07,&&k\x02'\x16u\xc8\
JJTTJJ\xc8u\x16u\xc9JJUUJ\
J\xc9\x01\x1a4--yDDy--4\xfc\xcc\
5..{FF{..5\x00\x00\x01\x00\x1a\x00\
\x00\x04\xe1\x05\xc3\x00\x16\x00\x00A\x01#\x013\x016\
6766337'\x22\x06\x07\x06\x06\x07\x01\x07\
\x02G\xfe\xa4\xd1\x01\xfa\xaa\x01\x83\x0e\x1c\x12\x11*\x1b\
\x0d\x01.8X##8\x18\xfe\xfe\x22\x01v\x04:\
\xfaP\x04\x87&7\x12\x11\x10\xab\x01\x22$$nM\
\xfc\xd7\x81\x00\x01\x00Q\x00\x00\x04`\x04M\x00\x1a\x00\
\x00a3\x016676632\x16\x177&&\
#\x22\x06\x07\x06\x06\x07\x03\x07'\x01#\x01\xeb\x8d\x01\
=\x08\x19\x10\x0e\x1d\x0f\x0e\x17\x06\x15\x1a4\x1c =\
\x1b'B\x19\xb0\x19\x18\xfe\xf4\xbe\x03L\x16%\x0d\x0a\
\x0b\x05\x03\x94\x11\x07\x12\x13\x1ceL\xfd\xe1ee\x02\
\xfe\x00\x03\x00E\xfeQ\x04\xba\x05\xc4\x00\x19\x003\x00\
O\x00\x00A\x114&'&&#\x22\x06\x07\x06\x06\
\x15\x11\x14\x16\x17\x16\x16326766\x03\x11\x14\
\x06\x07\x06\x06#\x22&'&&5\x114676\
632\x16\x17\x16\x16\x13\x16\x16326766\
7\x13#\x03\x07'\x03#\x13\x07\x06\x06\x07\x06\x06#\
\x22&'\x02\x8a'&'pIEi#$##\
$#iEIq&&'\xb9\x0c\x0d\x0e,! \
+\x0d\x0d\x0c\x0c\x0d\x0d+  -\x0e\x0d\x0c\xb1\x10\
8\x149P\x1c\x1b\x22\x09\xf1\xa4b\x07\x04I\xa4\x9f\
\x18\x05\x11\x0d\x0e)\x1d\x0c.\x0c\x01\xe7\x01\xe1s\xbc\
CBHHBC\xbcs\xfe\x1fs\xbbBCHH\
CB\xbb\x02{\xfd\xd3Ht(),,)(t\
H\x02-Hs)(++()s\xfa*\x05\x0b\
5('\x5c'\x04\xe2\xfd\xc5//\x02;\xfb\xc5^\
\x15>\x1d\x1d)\x04\x02\x00\x03\x007\xfeQ\x04\xbb\x04\
N\x00\x19\x003\x00O\x00\x00S\x15\x14\x16\x17\x16\x16\
326766554&'&&#\x22\x06\
\x07\x06\x06\x1754676632\x16\x17\x16\x16\
\x15\x15\x14\x06\x07\x06\x06#\x22&'&&\x01\x16\x16\
3267667\x13#\x03\x07'\x03#\x13\x07\
\x06\x06\x07\x06\x06#\x22&'7$&&yVU\
y'&$$&'zVUx&'#\xb9\x08\
\x0e\x0d5,-6\x0e\x0e\x08\x08\x0d\x0e5--5\
\x0e\x0e\x08\x01\x93\x0e:\x149P\x1c\x1b#\x08\xf1\xa4\
N\x1e\x0d=\xa4\x9f\x18\x05\x11\x0d\x0e)\x1d\x0c.\x0c\
\x02(\x17u\xc9IJTTJI\xc9u\x17u\xc9\
JJTTJJ\xc9\x8c\x17N\x9077BB7\
7\x90N\x17P\x9077AA77\x90\xfc\xa0\x04\
\x0c5('\x5c'\x04\xe2\xfe7\xb1\xb3\x01\xc7\xfb\xc5\
^\x15>\x1d\x1d)\x04\x02\x00\x00\x04\x00j\xffs\x04\
a\x065\x00\x03\x00\x07\x00-\x00S\x00\x00A\x11#\
\x11\x13\x11#\x11\x015&&'&&'&&#\
\x22\x06\x07\x06\x06\x07\x06\x06\x07\x15\x16\x16\x17\x16\x16\x17\
\x16\x16326766766'\x15\x06\x06\x07\
\x06\x06\x07\x06\x06#\x22&'&&'&&'5\
6676676632\x16\x17\x16\x16\x17\x16\
\x16\x02\xc2\xb9\xb9\xb9\x02X\x01\x19\x1a\x1bQ88\x92\
ZZ\x9188Q\x1a\x1b\x19\x01\x01\x1a\x1b\x1aR8\
8\x91ZZ\x9188Q\x1a\x1a\x19\xb6\x01\x0b\x0e\x0f\
/#$cAAb$$0\x0f\x0f\x0d\x01\x01\x0d\
\x0f\x0e0$$b@Ab$$0\x0f\x0e\x0c\x04\
\xb3\x01\x82\xfe~\xfa\xc0\x01\x8b\xfeu\x03\x11\xa6N\xa0\
JJ\x81007701\x81JJ\x9fN\xa6N\
\x9eJJ\x81007700\x80JJ\x9f\xf6\xa8\
4r78e&'..'&f87r3\
\xa83q87e'&.-&'e78q\
\x00\x00\x04\x00z\xffa\x04R\x04\xcb\x00\x03\x00\x07\x00\
!\x00;\x00\x00A\x11#\x11\x13\x11#\x11\x01\x15\x14\
\x16\x17\x16\x16326766554&'&\
&#\x22\x06\x07\x06\x06\x1754676632\
\x16\x17\x16\x16\x15\x15\x14\x06\x07\x06\x06#\x22&'&\
&\x02\xc4\xba\xba\xba\xfepD@?\xb7sr\xb6@\
?DD?@\xb7sr\xb6?@D\xb9&'&\
rMMs'&'&&'sLMt&'\
&\x03F\x01\x85\xfe{\xfc\x1b\x01\x97\xfei\x02\xc6\x16\
u\xc8JJTTJJ\xc8u\x16u\xc9JJU\
UJJ\xc9\x8b\x16O\x9177AA77\x91O\
\x16P\x9177@@77\x91\x00\x00\x03\x00M\xff\
\xeb\x04\x83\x07Q\x00b\x00\x86\x00\x93\x00\x00A\x152\
\x16\x17\x16\x16\x17\x16\x16\x17\x11\x06\x06\x07\x06\x06#\x22\
&'&&'&&5\x11#\x11\x14\x06\x07\x06\x06\
\x07\x06\x06#\x22&'&&5\x1146766\
76675\x22\x06\x07\x06\x06\x07\x06\x06\x15\x11\x14\
\x16\x17\x16\x163267667\x16\x16\x17\x16\x16\
3267665\x114&'&&'&&\
\x13#\x22&'&&'&&#\x22\x06\x07\x06\x06\
\x15\x15376676632\x16\x17\x16\x16\x17\
\x16\x1633\x05\x176676655#\x15\x14\
\x06\x03\x22\x1f3\x15\x0e\x18\x08\x09\x09\x01\x01\x17\x15\x11\
+\x1a\x1b-\x11\x0c\x12\x05\x03\x03\xba\x03\x04\x06\x15\x0f\
\x10)\x18\x1d.\x11\x12\x14\x05\x06\x07\x1a\x12\x146\x1f\
O\x82.\x15!\x0c\x10\x10.*)tG/R \
\x12 \x0c\x0b\x1e\x12 S1Fu*).\x0f\x0e\
\x0c#\x16/\x82m(-M\x22\x22>\x1e\x1f?\x22\
9Z\x1e\x1a\x1c\x7f\x01\x01\x0b\x09\x0d+\x1e\x14(\x15\
\x14+\x170tI*\xfe L\x19/\x12\x12\x16\x8b\
\x22\x05\xaf\x97\x15\x14\x0e'\x18\x1a?$\xfd+7T\
\x1a\x14\x15\x15\x14\x0f*\x1a\x0f \x11\x01\xfc\xfe\x04\x13\
#\x0f\x1c,\x0f\x0f\x11\x19\x18\x1aP3\x02\xd5\x1c2\
\x16 3\x12\x14\x15\x01\x9732\x166\x1f']6\
\xfd+W\x85--/\x1d\x1c\x11*\x1a\x19*\x10\x1d\
\x1e/--\x85W\x02\xd53Y%\x22:\x1823\
\x01$\x13\x0e\x0e!\x0e\x0d\x13\x1e\x1e\x1bO4$\x12\
\x18%\x0d\x13\x10\x0b\x09\x09\x16\x0b\x18(\xf18\x0d-\
\x1b\x1a;\x1df`&G\x00\x00\x03\x00g\xff\xeb\x04\
|\x05\xde\x00V\x00z\x00\x87\x00\x00A\x152\x16\x17\
\x16\x16\x15\x11\x14\x06\x07\x06\x06#\x22&'&&'\
&&5\x11#\x11\x14\x06\x07\x06\x06\x07\x06\x06#\x22\
&'&&5\x114676635\x22\x06\x07\
\x06\x06\x15\x11\x14\x16\x17\x16\x163267667\
\x16\x16\x17\x16\x163267665\x114&'\
&&%376676632\x16\x17\x16\x16\
\x17\x16\x16335#\x22&'&&'&&#\
\x22\x06\x07\x06\x06\x15\x13\x176676655#\
\x15\x14\x06\x03-\x1b/\x12\x1c\x1e\x12\x10\x0f(\x19\x18\
)\x10\x0f\x15\x06\x03\x04\xba\x04\x03\x06\x19\x12\x0f&\x16\
\x18'\x0e\x11\x13\x1d\x1b\x13.\x1cK{,,1+\
('nC*J\x1f\x17'\x0f\x0b\x1a\x0f!V4\
Cn('+1,-{\xfd\xca\x7f\x01\x01\x0e\x0c\
\x0e(\x1b'Q1\x15-\x19 I*+('E\
\x1f\x16*\x140[4:[\x1e\x1a\x1b\xc9L\x19/\
\x12\x12\x16\x8b\x22\x04M\x97\x14\x13\x1deG\xfe\x864\
O\x1a\x16\x17\x10\x10\x0e(\x1a\x10$\x14\x01\x0d\xfe\xf3\
\x12!\x0f\x1f.\x0f\x0d\x0d\x15\x14\x1aQ6\x01zG\
d\x1d\x14\x14\x97212\x92`\xfe\x86W\x84,-\
-\x16\x15\x120\x1f\x16&\x10  --,\x84W\
\x01z`\x92212\x93\x12\x1a'\x0d\x10\x0f'\x17\
\x0a\x15\x08\x0b\x0e\x7f\x0e\x0c\x08\x14\x0a\x17'\x1e\x1f\x1b\
N3\xfe\xea8\x0d-\x1b\x1a;\x1df`&G\x00\
\x02\x00q\xff\xec\x04\x85\x07\x04\x00\x07\x00F\x00\x00A\
\x15!\x1535!'\x13#\x03\x14\x06\x07\x06\x06#\
\x22&'&&'&&5\x11#\x03\x14\x06\x07\x06\
\x06\x07\x06\x06#\x22&'&&5\x03#\x03\x14\x16\
\x17\x16\x163267667\x16\x16\x17\x16\x163\
267665\x01\x1b\x01\x0c\xa8\x01\x1d\x01\x99\xb8\
\x01\x11\x10\x0e'\x18\x1d.\x11\x0b\x11\x04\x03\x03\xbf\x01\
\x03\x04\x05\x14\x0e\x10*\x19\x1c+\x0f\x0c\x0d\x01\xb8\x01\
+''mC.P\x1f\x15\x22\x0d\x0c\x1e\x13 S\
2Bm''+\x07\x04l}}l\xfe\xac\xfb\x8e\
/J\x18\x15\x16\x17\x16\x0f(\x18\x0f \x11\x04r\xfb\
\x8e\x13#\x0f\x1b*\x0f\x11\x12\x1d\x1c\x18B)\x04r\
\xfb\x8eR~++,\x1b\x1b\x11/\x1d\x1b,\x11\x1d\
\x1e,++~R\x00\x00\x02\x00_\xff\xeb\x04z\x05\
\xb0\x00\x07\x00@\x00\x00A\x15!\x1535!'\x13\
#\x11\x14\x06\x07\x06\x06#\x22&'&&5\x03#\
\x11\x14\x06\x07\x06\x06#\x22&'&&5\x11#\x03\
\x14\x16\x17\x16\x163267667\x16\x16\x17\x16\
\x163267665\x01\x04\x01\x0f\xa8\x01 \x01\
\xa0\xb9\x17\x16\x0d#\x14/@\x0c\x04\x04\x01\xbf\x04\x04\
\x0d@.\x1a*\x0e\x0f\x10\xb9\x01,''nC6\
Z!\x0f\x18\x0a\x0b\x1c\x10!X4Bn('+\
\x05\xb0l\x7f\x7fl\xfe\x8b\xfd\x016O\x17\x0f\x0f;\
6\x10%\x14\x02\xff\xfd\x01\x15%\x115:\x18\x18\x17\
F-\x02\xff\xfd\x01R~*+,$$\x0f&\x16\
\x18)\x10!!,+*~R\x00\x00\x01\x00\x97\xfe\
\x82\x04e\x05\xc5\x00*\x00\x00A\x11#\x22&'&\
&554676632\x16\x17\x16\x16\x173\
4&'&&#\x22\x06\x07\x06\x06\x15\x15\x14\x16\x17\
\x16\x16\x17\x11\x03*mX\x88./0)((u\
KGl%$&\x01\xb9C=>\xb0nr\xb8A\
AFB>=\xafn\xfe\x82\x02\x00MBA\xac_\
\xf9^\xabA@M0+,|Kn\xb3@@E\
aTU\xe4\x83\xf7y\xd5RSk\x0e\xfe\x91\x00\x00\
\x01\x00\xbf\xfe\x82\x04;\x04N\x00-\x00\x00A\x11#\
\x22&'&&554676632\x16\x17\
\x16\x16\x1534&'&&#\x22\x06\x07\x06\x06\x07\
\x06\x06\x15\x15\x14\x16\x17\x16\x16\x17\x11\x02\xfdfMl\
## !##lL4Z! &\xaf?8\
8\x9a[Fz26S\x1c !311\x91_\
\xfe\x82\x02\x00E87\x8bG*E\x8b87E&\
!!X1S\x8f55=#\x1f!_9?\x94\
N*b\xb3HHa\x10\xfe\x90\x00\x00\x01\x00v\x00\
\x00\x04\x92\x05>\x00\x13\x00\x00A\x13\x057%\x13#\
\x03%\x07\x05\x03%\x07\x05\x033\x13\x057\x02Z\xd0\
\x01 H\xfe\xdb\xe7\xa5\xbc\xfe\xddF\x01\x22\xcd\xfe\xdb\
D\x01!\xe1\xa8\xb6\x01#D\x01\xbe\x01m\xaaz\xab\
\x01\x98\xfe\xb5\xab}\xab\xfe\x93\xab{\xab\xfer\x01A\
\xaa{\x00\x00\x01\x00\xd1\x04\xa6\x03\x91\x05\xfc\x00\x07\x00\
\x00A!5'\x17!\x07\x17\x01w\x02\x1a\xa5\x01\xfd\
\xe5\x01\xa6\x05#\xd8\x01l\xe9\x01\x00\x00\x01\x00\xfc\x05\
\x17\x03\xf0\x06\x15\x00#\x00\x00A#\x153267\
6676632\x16\x17\x16\x16\x15\x15354\
&'&&#\x22\x06\x07\x06\x06\x07\x06\x06\x01&*\
,=h-$C\x1e\x22>\x1f\x1b-\x0f\x0d\x0e\x80\
\x1c\x1b\x1f];(H#$H'(Z\x05\x96~\
\x15\x10\x0d\x1d\x0d\x0e\x13\x0f\x0f\x0d'\x1a\x12$3N\
\x1b\x1f\x1f\x13\x0e\x0e!\x0e\x0e\x13\x00\x00\x01\x01\xc3\x05\
\x16\x02\xb2\x06W\x00\x05\x00\x00A\x177'7#\x01\
\xc3\xa1N<\x01\xb4\x05\xdc\xc6At\x8c\x00\x00\x01\x02\
<\x05\x16\x03*\x06W\x00\x05\x00\x00A75#\x15\
\x07\x02\x88\xa2\xb4:\x05\x16\xc6{\x8ct\x00\x00\x08\xfe\
\xab\xfe\xc4\x06G\x05\xaf\x00\x13\x00'\x00;\x00O\x00\
c\x00w\x00\x8b\x00\x9f\x00\x00A34632\x16\
\x1534&'&&#\x22\x06\x07\x06\x06\x0134\
632\x16\x1534&'&&#\x22\x06\x07\x06\
\x06\x1334632\x16\x1534&'&&#\
\x22\x06\x07\x06\x06\x0334632\x16\x1534&\
'&&#\x22\x06\x07\x06\x06\x0134632\x16\
\x1534&'&&#\x22\x06\x07\x06\x06\x0134\
632\x16\x1534&'&&#\x22\x06\x07\x06\
\x06\x0334632\x16\x1534&'&&#\
\x22\x06\x07\x06\x06\x1334632\x16\x1534&\
'&&#\x22\x06\x07\x06\x06\x01\x98q*76-\
p\x1e\x1b\x1cN00N\x1b\x1c\x1d\x02Or+5\
6-q\x1e\x1c\x1cN00N\x1b\x1b\x1e\xbbq,\
56-p\x1e\x1b\x1cN00N\x1b\x1b\x1e\xc5q\
,56-p\x1e\x1b\x1cN00N\x1b\x1b\x1e\xfd\
\xc0q,56-p\x1e\x1b\x1cN00N\x1b\x1c\
\x1d\xfd\xber*76-p\x1e\x1b\x1cN00N\
\x1b\x1c\x1e\xb0q-46-p\x1e\x1b\x1cN00\
M\x1b\x1c\x1e\xa6r,46-q\x1e\x1c\x1cN0\
0M\x1b\x1c\x1e\x04\xf3'>=()E\x19\x19\x1c\
\x1c\x19\x19E\xfe\xc2'>=()E\x19\x19\x1c\x1c\
\x19\x19E\xfd\xe0'>=()E\x19\x19\x1c\x1c\x19\
\x19E\xfd\xd0'>=()E\x19\x19\x1c\x1c\x19\x19\
E\xfe\xbb'>=(*E\x19\x18\x1c\x1c\x18\x19E\
\x04\xf0'>=()E\x19\x19\x1c\x1c\x19\x19E\xfd\
\xe0(==()E\x19\x19\x1c\x1c\x19\x19E\xfd\xd0\
(==()E\x19\x19\x1c\x1c\x19\x19E\x00\x08\xfe\
\xb4\xfec\x05\xf4\x05\xc6\x00\x04\x00\x09\x00\x0e\x00\x13\x00\
\x18\x00\x1d\x00\x22\x00'\x00\x00E#\x033\x13\x033\
\x13#\x03\x01\x15\x055%\x055%\x15\x05\x01\x17%\
'\x05\x01'\x05\x17%\x037\x03\x07\x13\x01\x07\x137\
\x03\x02\xb7\x89F`z\xce\x88F`z\x02\xb2\x01Z\
\xfe\xb3\xfbg\xfe\xa6\x01M\x03\xa9a\x01&D\xfe\xbf\
\xfdRa\xfe\xdaE\x01@\x8ab\xc6A\x94\x03\xd3a\
\xc5B\x95<\xfe\x9f\x01S\x04\xb0\x01`\xfe\xae\xfe\x03\
\x8bGb|\xd2\x8bGb|\x02Ec\xc8D\x99\xfc\
\x1bc\xc8E\x99\x03Xb\x01+E\xfe\xba\xfdCc\
\xfe\xd5G\x01E\x00\x03\x00\xbf\x00\x00\x04y\x05\xb0\x00\
\x03\x00\x14\x00#\x00\x00A\x01\x07\x01%!667\
6654&'&&'!\x113\x11\x11!\x16\
\x16\x17\x16\x16\x15\x14\x06\x07\x06\x06\x07\x041\xfe\x94\x83\
\x01k\xfd\xcb\x01\x1fb\xafBBMMBB\xafb\
\xfe(\xb9\x01\x1f@m('--((l@\x01\
\xd3\x01\xecF\xfe\x14\xbb\x01:77\xa1ii\xa27\
7:\x02\xfaP\x02\xe0\x028\x01(%%jBB\
g$$'\x01\x00\x03\x00\xad\xfe`\x04?\x04N\x00\
\x03\x00!\x00;\x00\x00e\x01\x07\x01\x1354&'\
&&#\x22\x06\x07\x06\x06\x07'#\x113\x11\x16\x16\
\x17\x16\x16326766'\x15\x14\x06\x07\x06\x06\
#\x22&'&&'\x116676632\x16\
\x17\x16\x16\x046\xfe\x96q\x01ky866\xa0h\
<h*\x1d3\x16\x09\xa9\xb9\x14/\x1a,i>f\
\x9f668\xb9\x1d\x1e%tT,H\x1e 3\x13\
\x132\x1f\x1eI+Np%$#\x02\x01v^\xfe\
\x8b\x02l\x15y\xcbIIR\x19\x19\x11,\x1bv\xfa\
&\x02\x08\x17%\x0f\x18\x19TJJ\xc9\x89\x15H\x86\
4?M\x13\x11\x138\x22\x02\x09\x228\x13\x12\x15@\
67\x8f\x00\x01\x00\xb6\x00\x00\x04G\x06\xff\x00\x07\x00\
\x00A\x11#\x11!\x113\x11\x04G\xb9\xfd(\xba\x05\
\x18\x01\xe7\xfe\xb1\xfaP\x05\x18\x00\x01\x00\xb6\x00\x00\x04\
1\x05w\x00\x07\x00\x00A\x11#\x11!\x113\x11\x04\
1\xba\xfd?\xba\x03\xa1\x01\xd6\xfe\xc3\xfb\xc6\x03\xa1\x00\
\x01\x00\xb9\xfe\xe0\x04\x7f\x05\xb0\x00!\x00\x00A5!\
\x113\x1132\x16\x17\x16\x16\x17\x14\x06\x07\x06\x06#\
\x172676654&'&&##\x11\x04\
4\xfc\x85\xba\xb8`\x932:;\x01\x1e\x22\x22oQ\
\x02s\xb1<<=PLM\xdd\x8e\xb8\x05\x18\x98\xfa\
P\x02\xa00-5\xa3jZ\x93449\x93IE\
E\xcb\x83\x86\xd6KJP\x01\xd6\x00\x00\x01\x00\xb8\xfe\
\xe4\x04R\x04:\x00!\x00\x00A5!\x113\x113\
2\x16\x17\x16\x16\x15\x14\x06\x07\x06\x06\x07\x17667\
6654&'&&##\x11\x04+\xfc\x8d\xba\
\xdaGy--3\x1c\x1e\x1e`D0g\x94//\
,OEF\xbdo\xda\x03\xa1\x99\xfb\xc6\x01\xe4)'\
(vL8`'(;\x12\x92\x13gBB\x8e:\
q\xb1=<A\x01\x1b\x00\x01\x00\xae\x00\x00\x04\xc4\x05\
\xb0\x00\x14\x00\x00A#\x01#\x11#\x11#\x11#\x11\
3\x113\x15353\x013\x01\x04\x98\xd8\xfe\xd76\
\x95e\xb9\xb9e\x956\x01F\xe7\xfe\x85\x05\xb0\xfd{\
\x01\x01\xfe\xff\x02\x85\xfaP\x02\x94\xf5\xf5\xfdl\x03\x01\
\x00\x00\x01\x00\xa3\x00\x00\x04~\x04:\x00\x14\x00\x00A\
#\x01#5#\x15#\x11#\x113\x113\x1535\
3\x013\x01\x04Y\xdf\xfe\xfd,\x94Z\xba\xbaZ\x94\
3\x01\x16\xea\xfe\x89\x04:\xfe6\xd5\xd5\x01\xca\xfb\xc6\
\x01\xcd\xc2\xc2\xfe3\x028\x00\x00\x01\x00-\x00\x00\x04\
\xa6\x05\xb0\x00\x0e\x00\x00A\x013\x01\x01#\x01#\x11\
!\x15!\x113\x11\x02\x95\x01/\xe2\xfe\x93\x01E\xd3\
\xfe\xe2b\xfe\x02\x01F\xb8\x02\x93\xfdm\x02\xef\x02\xc1\
\xfdz\x02\x86\x98\xfa\xe8\x02\x93\x00\x01\x008\x00\x00\x04\
\xb1\x04:\x00\x0e\x00\x00A\x013\x01\x01#\x03#\x11\
!\x15!\x113\x11\x02\xbc\x01\x0b\xea\xfe\x94\x01I\xe0\
\xf9\x7f\xfe\x02\x01E\xb9\x01\xcd\xfe3\x028\x02\x02\xfe\
6\x01\xca\x99\xfc_\x01\xcd\x00\x00\x01\x00r\x00\x00\x04\
\x9a\x05\xb0\x00\x0d\x00\x00A\x11#\x113\x11!\x113\
\x11!5!\x11\x01+\xb9\xb9\x01s\xb8\x01D\xfe\x04\
\x03\x1f\x02\x91\xfaP\x02\x87\xfdy\x05\x18\x98\xfdo\x00\
\x01\x00n\x00\x00\x04\x9c\x04:\x00\x0d\x00\x00A\x11#\
\x113\x11!\x113\x11!5!\x11\x01'\xb9\xb9\x01\
|\xb9\x01@\xfe\x07\x02e\x01\xd5\xfb\xc6\x01\xce\xfe2\
\x03\xa1\x99\xfe+\x00\x01\x00m\xfe\xdf\x04\x9a\x05\xb0\x00\
/\x00\x00A\x11!\x113\x11!\x113\x113\x16\x16\
\x17\x16\x16\x17\x16\x16\x17\x14\x06\x07\x06\x06\x07\x06\x06#\
\x172676676654&'&&'\
&&'\x02\xe1\xfd\x8c\xb8\x01\x03\xb9\x03&F\x1b!\
0\x0e\x0b\x0b\x01\x08\x09\x0c&\x1e\x145 \x026^\
'=T\x16\x10\x0f\x18\x18\x19J21|E\x03A\
\x02o\xfaP\x05\x18\xfa\xe8\x02\x9e\x01\x18\x16\x1aU7\
+e99i+6O\x18\x12\x12\x93\x17\x18%y\
T6\x81IT\x95>Ah$%'\x01\x00\x01\x00\
t\xfe\xe5\x04|\x04:\x00#\x00\x00s3\x113\x11\
3\x1132\x16\x17\x16\x16\x17\x14\x06\x07\x06\x06\x07\x17\
6676674&'&&##\x11!t\
\xb9\xe7\xb9\x086W\x1f\x1f\x22\x01\x14\x17\x18M90\
U{*-)\x02>88\x9c]\x08\xfd\xa7\x03\xa1\
\xfc_\x01\xe3+((uI6`'(<\x12\x92\
\x12^<E\x97=m\xb0>>B\x01\xb5\x00\x02\x00\
h\xff\xe2\x04P\x05\xc5\x00M\x00g\x00\x00E5\x22\
&'667667\x114&'&&#\x22\
\x06\x07\x06\x06\x15\x11\x14\x16\x17\x16\x16\x17\x06\x06#\x22\
&'&&'&&5\x114676676\
63'\x22\x06\x07\x06\x06\x07\x06\x06\x15\x11\x14\x16\x17\
\x16\x16\x17\x16\x163267\x16\x16\x01\x11467\
6632\x16\x17\x16\x16\x15\x11\x14\x06\x07\x06\x06\x07\
&&'&&\x04P,N#\x1a,\x11\x1c\x1e\x01\
+((sHHs((+\x1b\x1a\x18D+\x10\
 \x11.O!&;\x13\x10\x11\x07\x08\x0b!\x17\x0f\
#\x14\x012V$.D\x14\x0f\x0f\x18\x17\x1ebA\
5\x7fH<m0?\x92\xfe\x94\x0f\x10\x10. \x1f\
/\x10\x0f\x0f\x13\x13\x0d#\x15\x1f2\x12\x15\x16\x1e\x9d\
\x0d\x0c!L)F\xa1X\x01hh\xb4CBLN\
CC\xb4e\xfe\xadQ\x94@;g+\x04\x04\x1e\x1c\
!a<4xA\x01\x197e,:]\x1d\x11\x14\
\x9e&\x22*\x84P8\x7fD\xfe\xe9N\x92AT\x8d\
/&+\x1d\x1b\x1f!\x02\x9d\x01XCx.-6\
3--zE\xfe\x95E\x807$A\x1b\x1fL,\
5}\x00\x00\x02\x00\x5c\xff\xeb\x04\x8b\x04O\x00M\x00\
m\x00\x00E5\x22&'66766554\
&'&&'&&#\x22\x06\x07\x06\x06\x07\x06\x06\
\x15\x15\x14\x16\x17\x16\x16\x17\x06\x06#\x22&'&&\
554676635\x22\x06\x07\x06\x06\x07\x06\
\x06\x15\x15\x14\x16\x17\x16\x16\x17\x16\x163267\x16\
\x16\x0154676676632\x16\x17\x16\
\x16\x17\x16\x16\x15\x15\x06\x06\x07\x06\x06\x07&&'&\
&\x04\x8b0X(\x16%\x0f\x1a\x1c\x11\x11\x137&\
#W22]\x1d%1\x12\x14\x15&$\x17=%\
\x16-\x18Hr''*\x16\x15\x15>(?m*\
\x1f2\x11\x14\x14!\x1e\x1dU37\x85LJ\x839\
E\x9e\xfei\x08\x08\x08\x1b\x14\x0c\x1e\x12\x14!\x0d\x13\
\x1c\x08\x06\x06\x01\x12\x11\x0d#\x16&;\x13\x15\x15\x0c\
\x9d\x0b\x0a\x1b; ;\x86Ii:m06X\x1d\
\x1e \x1f\x1a!C+0t?hN\x8e=(H\
\x1f\x06\x06C;:\x9e[<Bs+*1\x9e/\
*\x1fP-3t?:T\x9aA?h%(+\
# \x1c\x1d\x02El(I\x1f!5\x10\x0b\x0b\x10\
\x0f\x13C'\x1eC#l6c+ 9\x18\x1cE\
))a\x00\x01\x009\xfe\xa1\x04\xb6\x05\xb0\x00\x0f\x00\
\x00A\x11!\x113\x13#\x11#\x11!\x1135!\
\x15\x01F\x02\xb9\xa5\x12\x91\xb9\xfe\x93\xee\xfdL\x05\x18\
\xfa\xe8\xfe\xa1\x01\xfb\x05\x14\xfa\xe7\x04\x81\x97\x97\x00\x00\
\x01\x004\xfe\xbf\x04\x8b\x04:\x00\x0f\x00\x00A\x11!\
\x113\x13#\x11#\x11!\x1135!\x15\x01\x1c\x02\
\xb7\xa6\x12\x80\xb9\xfe\x83\xe4\xfd{\x03\xa3\xfc]\xfe\xbf\
\x01\xd8\x03\xa3\xfc]\x03\x0c\x97\x97\x00\x00\x02\x00\xab\x00\
\x00\x04'\x05\xb0\x00\x03\x00#\x00\x00A\x11#\x11\x01\
#\x11\x06\x06\x07\x06\x06#\x22&'&&5\x11#\
\x11\x14\x16\x17\x16\x163267667\x113\x02\
\xa6\x95\x02\x16\xb9 A!'T.9T\x1b\x1c\x1b\
\xb9744\x98a0Q$#B!\xb9\x015\x02\
\xbc\xfdD\x04{\xfdE\x0b\x12\x07\x08\x09\x1d#\x22q\
U\x01\xc8\xfe8y\xaa661\x07\x07\x07\x12\x0c\xfd\
\xa5\x00\x02\x00\x92\x00\x00\x04,\x04:\x00\x03\x00 \x00\
\x00e\x11#\x11\x05\x11#\x11\x06\x06\x07\x06\x06#\x22\
&'&&5\x11#\x11\x14\x16\x17\x16\x16326\
7\x11\x02\xaf\x96\x02\x13\xb9\x1a5\x1b-`3@a\
 \x1e\x1f\xb9>:9\xa2dU\x91D\xd3\x026\xfd\
\xca\xd3\x04:\xfd\xe9\x06\x0b\x04\x07\x07 \x22\x1f^@\
\x01;\xfe\xc5g\x99232\x12\x11\xfeu\x00\x01\x00\
\xe3\x00\x00\x04_\x05\xb0\x00\x19\x00\x00s3\x1166\
32\x16\x17\x16\x16\x15\x113\x134&'&&#\
\x22\x06\x07\x11#\xe3\xb9G\x90S9T\x1c\x1b\x1b\xb9\
\x01745\x98aa\x88A\xb9\x02\xba\x18\x1d\x1d\x22\
#qU\xfe9\x01\xc7y\xaa661\x1c\x18\x02]\
\x00\x00\x02\x00&\xff\xea\x04\x89\x05\xc3\x009\x00N\x00\
\x00S\x14\x16\x17\x16\x16\x17\x15\x14\x16\x17\x16\x1632\
67'\x06\x06\x07\x06\x06#\x22&'&&55\
!54&'&&'&&#\x22\x06\x07\x06\x06\
\x07\x06\x06\x15\x15&&'&&'\x055467\
6676632\x16\x17\x16\x16\x17\x16\x16\x15\x15\
&!! aACAA\xbf|o\xa4$/\x16\
5 !M/X|'($\x02\xa6\x10\x10\x15E\
1.yI?t12P\x1d\x1f\x22\x17%\x0d\x13\
\x12\x01\x01(\x17\x15\x10+\x1b\x1dD()@\x18\x1e\
'\x0c\x08\x08\x049K~/0?\x0c\x90\x80\xd7N\
OXB\x22\x88\x0e\x1e\x0d\x0d\x10F<;\x9fZ\x88\
\xbcS\x90<Kr&#$'$$iAE\xa9\
c\x05\x0a \x15\x1fU2\xf7\x10[\x979)@\x16\
\x17\x18\x17\x15\x1aP2'Z0p\x00\x02\x00&\xff\
\xec\x04\x85\x04N\x00,\x00:\x00\x00E267'\
\x06\x06#\x22&'&&'5!54&'&\
&#\x22\x06\x07\x06\x06\x07&&'#\x14\x16\x17\x16\
\x16\x17\x15\x14\x16\x17\x16\x16\x132\x16\x17\x16\x16\x15\x15\
!66766\x02\xfe\x89\xb00J0\x8bdE\
i$$&\x03\x02\xa6344\x9fkP\x91::\
P\x0f;6\x01\x94\x1b\x1b dEB==\xafP\
=Y\x1d\x1d\x1c\xfe\x19\x09,  T\x14U2|\
.?:22\x86I\x02xi\xb2A@I@:\
;\xa3a\x15kMBn+1@\x0c\x01u\xc6H\
IQ\x03\xca.&'d6\x18@n)(.\x00\
\x01\x00\xc8\xfe\xda\x04\x8c\x05\xb0\x00&\x00\x00A\x01#\
\x01#\x11#\x113\x1132\x16\x17\x16\x16\x17\x14\x06\
\x07\x06\x06\x07\x06\x06#\x172676654&\
'&&'\x02\xc9\x01\xb8\xd7\xfee\x8e\xb9\xb9\xe0]\
\x8b.-.\x01\x0c\x0d\x0e1#\x1fQ3\x02s\xaf\
;;=<99\xa8j\x035\x02{\xfd\x8c\x02t\
\xfaP\x02\x9a855\x9ac:g+1J\x1a\x16\
\x18\x92IFE\xca\x83w\xc5II]\x0f\x00\x01\x00\
\xb4\xfe\xfe\x04<\x04:\x00\x22\x00\x00A\x01#\x01#\
\x11#\x113\x1132\x16\x17\x16\x16\x15\x14\x06\x07\x06\
\x06\x07\x176676654&'&&\x02\xaf\
\x01\x8d\xe0\xfe\x88w\xb9\xb9\xc7Gw,+2\x19\x1c\
\x1cW?1a\x8b,,*933\x8f\x02d\x01\
\xd6\xfe6\x01\xca\xfb\xc6\x01\xcd \x22#mL3[\
$%8\x10\x92\x12b?>\x888`\x9676D\
\x00\x00\x01\x00\xb6\xfeK\x04\x19\x05\xb0\x00\x1d\x00\x00A\
#\x113\x11!\x11\x14\x06#\x22&'&&'\x07\
\x16\x163267665\x11#\x11!\x01o\xb9\
\xb9\x01\xf1CA\x06\x1a\x0e\x0f\x1b\x08\x0e\x1d4\x1dL\
v)(*\xb9\xfe\x0f\x05\xb0\xfaP\x02\x85\xfd\x22W\
m\x02\x02\x01\x05\x03\x93\x0a\x08/--\x81R\x06\x09\
\xfdl\x00\x00\x01\x00\xb3\xfeK\x04\x16\x04:\x00\x1d\x00\
\x00A#\x113\x11!\x11\x14\x06#\x22&'&&\
'\x07\x16\x163267665\x11#\x11!\x01\
l\xb9\xb9\x01\xf1GB\x07\x1a\x0e\x0f\x1c\x08\x0e\x1d5\
\x1eLx)),\xb9\xfe\x0f\x04:\xfb\xc6\x01\xce\xfd\
\xd9Zj\x02\x02\x01\x05\x03\x93\x0a\x08/-,\x81S\
\x04\x93\xfe+\x00\x00\x02\x00Z\xff\xeb\x04W\x05\xc4\x00\
4\x00H\x00\x00A\x22\x06\x07\x06\x06\x07\x17667\
6632\x16\x17\x16\x16\x17\x16\x16\x15\x15!\x15\x14\
\x16\x17\x16\x16\x17\x16\x163\x166766766\
554&'&&'&&\x03\x22&'&&\
'&&55!\x06\x06\x07\x06\x06\x07\x06\x06\x02>\
Hr+,;\x11/\x19=%%Y56[$\
-@\x14\x16\x14\xfc\xbc\x11\x12\x1abC7\x8bSF\
\x817Fm#\x18\x1a\x1e\x1e!b@:\x8e?<\
^$(:\x0d\x09\x08\x02\x8b\x01\x12\x12\x15B-\x22\
R\x05\xc4\x16\x10\x10#\x0c\x88\x0e\x1f\x0d\x0c\x10\x1a\x18\
\x1cZ38\x85G]\xa6I\x839Y\x8c+$&\
\x01(%.\x91[@\x93O\xdaZ\xa2EKv)\
$'\xfa\xbe\x1d\x1b!`:$P*Z?y4\
@g\x22\x1a\x1c\x00\x01\x00\x94\xff\xeb\x04R\x05\xb0\x00\
-\x00\x00A\x01\x1532\x16\x17\x16\x16\x15\x14\x06\x07\
\x06\x06#\x22&'&&5#\x14\x16\x17\x16\x163\
2676654&'&&##\x01'!\
\x15\x03J\xfez\x8fS~)%'*''qG\
?i%%*\xb9QBB\xa9Wj\xb3BAI\
;=N\xc0B\x01\x01\x9b\x01\xfc\x9b\x05\x18\xfe;\x97\
&'$nK;d$$)+&%c9o\
\xa0442977\x9efd\xa16E8\x01\xec\
v\x98\x00\x00\x01\x00\x89\xfeu\x04H\x04:\x00-\x00\
\x00A\x01\x1532\x16\x17\x16\x16\x15\x14\x06\x07\x06\x06\
#\x22&'&&5#\x14\x16\x17\x16\x16326\
76654&'&&##\x01'!\x15\x03\
,\xfe\x8c\x8dV\x82)$%*''qH?h\
%&)\xbaRBB\xa8Wj\xb4BAI;:\
C\xc3@\x01\x01\x8e\x01\xfc\x9b\x03\xa1\xfe;\x97(*\
$lH;c$$(+%%c8n\xa04\
42977\x9eeb\x9b9A?\x01\xefv\x99\
\x00\xff\xff\x00B\xfeK\x04{\x05\xb0\x04&\x01{K\
\x00\x00'\x02j\xff\x0d\x00?\x00\x07\x02o\xffO\x00\
\x00\xff\xff\x00t\xfeK\x04|\x04:\x04&\x01\xb5R\
\x00\x00'\x02j\xff?\xffd\x00\x07\x02o\xffD\x00\
\x00\x00\x02\x00a\x00\x00\x040\x05\xb0\x00\x10\x00\x1f\x00\
\x00A!\x22\x06\x07\x06\x06\x15\x14\x16\x17\x16\x163!\
\x11#\x11!\x22&'&&5467663\
!\x03w\xfe\xd1u\xb5>>AA>>\xb5u\x01\
\xe8\xb9\xfe\xd1Nr%%##%%rN\x01/\
\x03m?99\xa0a`\xa3;;B\x05\xb0\xfa\xe7\
1))j98f'&.\x00\x00\x02\x00M\x00\
\x00\x04\x8d\x05\xb0\x00$\x003\x00\x00a!267\
6676&'#\x16\x16\x07\x06\x06\x07\x06\x06\x07\
\x07\x11#\x11#\x22\x06\x07\x06\x06\x15\x14\x16\x17\x16\x16\
7#\x22&'&&54676633\x01\
\xcf\x01\x5cG\x7f0/9\x02\x02(\x1b\xb3\x1d \x02\
\x01\x16\x15\x15=)1\xb9r^\x9011221\
1\x90\xd0r6M\x18\x18\x16\x16\x18\x18M6r<\
<<\xb2v`\xc0[[\xc5[Hw++/\x01\
\x01\x05\x1a\xfd\xbd@9:\xa0__\xa2;<C\x97\
2))j87f''.\x00\x00\x02\x00e\xff\
\xea\x04\x93\x06\x18\x00O\x00r\x00\x00S\x15\x14\x16\x17\
\x16\x16\x17\x16\x163267667\x16\x16\x17\x16\
\x1672676676676&'&&\
'\x07\x16\x16\x17\x16\x16\x07\x06\x06\x07\x06\x06\x07\x06\x06\
\x07\x22&'&&'&&7\x11#\x11&&'\
&&#\x22\x06\x07\x06\x06\x07\x06\x06%\x11\x16\x16\x17\
\x06\x06\x07\x06\x06'\x22&'&&'&&55\
4676676632\x16\x17\x16\x16e\x0a\
\x09\x11?* P//M \x10\x1c\x0d\x0d!\x14\
 U44[((/\x12\x0f\x11\x01\x01\x0f\x0e\x08\
\x13\x0b\xb2\x0b\x13\x07\x0b\x0b\x01\x01\x07\x07\x09\x18\x11\x0e\
#\x15\x0e\x18\x0a\x0d\x13\x06\x03\x04\x01\xb9\x0b\x19\x0e\x19\
<\x228]#\x1f-\x0f\x0d\x0e\x01\xd7\x01\x04\x03\x09\
\x15\x0d\x12,\x1c\x1a*\x10\x1b!\x08\x05\x04\x06\x07\x07\
\x1b\x11\x131\x1f\x1c-\x12\x09\x10\x02@\x832]*\
Gv#\x1b\x1e\x1e\x1c\x0f%\x15\x19*\x0f\x19\x19\x01\
)+,a@7\x83K@\x7f=&L%\x01'\
O(<{=9f,0M\x1a\x15\x17\x01\x0b\x0a\
\x0d)\x19\x12'\x15\x04\xe4\xfd\xed\x0c\x15\x08\x0f\x11.\
*%d:6{\xe6\xfd\xcc\x17*\x14\x10\x1c\x0a\x10\
\x12\x01\x11\x0f\x17S1\x1c> \x83.X'*I\
\x1a\x1a\x1d\x13\x10\x08\x13\x00\x01\x007\xff\xea\x04\x8a\x05\
\xb0\x00S\x00\x00A\x15\x16\x16\x17\x16\x167267\
6676676&'#\x16\x16\x17\x16\x16\x15\
\x06\x06\x07\x06\x06\x07\x06\x06\x07\x22&'&&55\
4&'&&'6676654&'&\
&##\x1532\x16\x17\x16\x16\x15\x14\x06\x07\x06\x06\
##\x1532\x16\x17\x16\x16\x01\xf7\x03\x1f\x1d%u\
NJ\x831\x1b*\x0e\x0b\x0d\x01\x02*\x1a\xb3\x10\x19\
\x07\x06\x06\x01\x07\x06\x06\x10\x0b\x16A+\x1b)\x0e\x0e\
\x0e\x13\x16\x16E1\x1d3\x15+/966\x9bb\
\xe1\xe1;W\x1d\x1d\x1d\x1e\x1f\x1e]@R\x85*E\
\x19\x18\x1b\x01rgAd#.+\x01GF&b\
;.l<g\xcab8q8,Z,-S%\
\x22=\x1a5;\x01\x16\x13\x122\x1ci;j,,\
C\x15\x0f'\x171\x81Md\x9a436\x98$!\
\x22_;@c!\x1f!\x98'##b\x00\x01\x00\
P\xff\xe4\x04|\x04:\x00P\x00\x00A4&'&\
&##\x1732\x16\x17\x16\x16\x15\x14\x06\x07\x06\x06\
##\x173\x16\x16\x17\x16\x16\x15\x15\x14\x16\x17\x16\x16\
72676676676&'&&'\
#\x16\x16\x07\x06\x06\x07\x06\x06#\x22&'&&5\
54&'&&'66766\x02\xdd96\
7\x9ed\xe5\x06\xdfB^\x1d\x19\x18\x13\x13\x1bbG\
\x95\x02\xad7R\x1a\x15\x17\x1e\x1d\x22nI2\x5c'\
\x1a1\x12\x16\x1c\x01\x01\x09\x08\x0a\x1b\x0e\xb4\x1e!\x02\
\x01\x12\x11\x123\x22\x18\x22\x0a\x0b\x0c\x1d \x16>)\
'?\x17\x1f \x02\xf8Lx)),\x96\x1e\x1b\x17\
>$\x1f4\x14\x1c\x1f\x96\x01\x18\x18\x125!C;\
Y\x1f$#\x02! \x16@(2\x7fM%J%\
+V*N\xa3NBl&'+\x0a\x0a\x0b#\x16\
M3W!\x16#\x0b\x0f&\x17\x1eM\x00\x00\x01\x00\
\xb3\xfe\xa5\x04R\x05\xb0\x00E\x00\x00A32\x16\x17\
\x16\x16\x15\x15\x14\x16\x17\x16\x16\x173\x15\x14\x06\x07\x06\
\x06\x07\x176676655#&4554\
&'&&'6676654&'&&\
#!\x15!2\x16\x17\x16\x16\x15\x14\x06\x07\x06\x06#\
#\x01\x10\xdb<a#\x22&\x03\x06\x06\x19\x17V\x0a\
\x0b\x0a\x22\x16s*@\x17\x16\x17\xa5\x01\x19\x1b\x1bV\
>(D\x1b/1B>?\xb6t\xfe\xec\x01\x14N\
s&%$ !'\x81[\xa3\x02y%\x22#b\
<\x84\x13?\x22#A\x15\x01\x22H$$H!?\
$\x5c32g/\xb0\x07\x0d\x07\x88=l,,B\
\x14\x12,\x1a.xJf\x9b445\x98$!\x22\
a<<\x5c %&\x00\x01\x00\xd0\xfe\x92\x040\x04\
:\x00I\x00\x00A3\x16\x16\x17\x16\x16\x15\x15\x14\x16\
\x17\x16\x16\x173\x15\x14\x06\x07\x06\x06\x07\x17667\
6655\x22\x22#4454454&'\
&&'6676654&'&&#!\
\x07!2\x16\x17\x16\x16\x15\x14\x06\x07\x06\x06##\x01\
\x19\xf14P\x1b\x19\x1b\x02\x05\x05\x16\x14T\x0b\x0c\x0b\
 \x16s*@\x17\x16\x173L\x1a\x15\x17\x17I4\
(@\x18\x1f!:77\x9ed\xfe\xe4\x01\x01\x1dA\
_\x1d\x1a\x19\x1b\x1d\x1d\x5c?\xd4\x01\xb9\x01\x18\x17\x16\
?(_\x0d/\x19\x1a0\x0e\x02'T)$E \
?$\x5c32g/\xb0\x15\x13\x11\x04\x0c\x07.Q\
!!2\x0f\x0f&\x17\x1fO0Mw))+\x96\
\x1c\x1a\x17>&&=\x15\x15\x17\x00\x00\x01\x00\x14\xff\
\xea\x04\xa4\x05\xb0\x00N\x00\x00A\x03\x16\x16\x17\x16\x16\
\x17\x16\x1672676676676&'\
&&'\x07\x16\x16\x07\x14\x06\x07\x06\x06\x07\x06\x06\x07\
\x22&'&&'&&5\x03!\x03\x14\x06\x07\x06\
\x06\x07\x06\x06\x07\x06\x06##\x15326766\
7667665\x03\x02c\x01\x02\x12\x11\x10.\
\x1d\x1bA&Bs+\x1c)\x0b\x07\x07\x01\x01\x06\x06\
\x06\x13\x0b\xb3\x14\x15\x01\x04\x03\x04\x0d\x09\x111\x22\x0c\
\x13\x08\x09\x0c\x05\x04\x03\x01\xfd\xc7\x01\x02\x01\x04\x11\x0f\
\x0b\x1e\x14\x11)\x18\x17\x22:^%\x1b.\x12\x1d\x22\
\x07\x03\x03\x01\x05\x18\xfb\xf75W! .\x0f\x0e\x0d\
\x01HF-uG(W00_.6k5\x01\
d\xcad%F *J\x1e5<\x01\x09\x08\x0b\x1c\
\x10\x10#\x12\x04\xa1\xfdP.V'[\x916*=\
\x13\x11\x11\x97!!\x19C*E\xb8p/f6\x02\
\x18\x00\x01\x00/\xff\xea\x04\x85\x04:\x00K\x00\x00A\
!\x11\x14\x06\x07\x06\x06\x07\x06\x06#\x07\x07326\
7667667665\x113\x11\x14\x16\x17\
\x16\x16\x17\x16\x1672676676676\
&'#\x16\x16\x17\x16\x16\x07\x06\x06\x07\x06\x06\x07\x06\
\x06\x07\x22&'&&'&&5\x02\xfa\xfd\xc9\x03\
\x04\x03\x08\x06\x0e0$\x17\x03&2Q\x1f!0\x11\
\x0b\x0f\x04\x02\x03\xc5\x12\x0e\x0f-\x1d\x1cE(0W\
%%<\x13\x0e\x11\x01\x02(\x1b\xb3\x0e\x17\x07\x08\x08\
\x01\x01\x06\x07\x08\x1b\x12\x0e\x22\x14\x0b\x12\x07\x0b\x0f\x04\
\x04\x03\x04:\xfe4@p.\x22;\x18:;\x01\xa5\
\x1e\x1d\x1f]@,h;'T-\x013\xfd\x804\
V\x22$6\x11\x10\x10\x01#!\x22eA2wD\
a\xbf].]/0b1/V%/M\x15\x13\
\x13\x01\x09\x08\x0b\x22\x18\x10%\x14\x00\x00\x01\x00o\xff\
\xea\x04\x94\x05\xb0\x008\x00\x00A#\x11!\x11#\x11\
3\x11!\x11\x16\x16\x17\x16\x16\x17\x16\x167267\
6676676&'&&'\x07\x16\x16\x07\
\x14\x06\x07\x06\x06\x07\x06\x06\x07\x22&'&&'&\
&5\x03\x0c\xb9\xfe\xd5\xb9\xb9\x01+\x01\x10\x0d\x12'\
\x1c\x1cH*Cs+\x18&\x0c\x09\x0a\x01\x01\x09\x09\
\x09\x1a\x0e\xb2\x1c \x02\x04\x04\x04\x0d\x09\x101\x22\x0a\
\x10\x07\x0c\x0f\x05\x04\x03\x05\xb0\xfdl\x02\x94\xfaP\x02\
\x85\xfe\xaf6_\x1e+3\x13\x13\x13\x01HF(f\
=.f90`/5k4\x01d\xcad&I\
 )G\x1d6<\x01\x08\x07\x0c&\x19\x14,\x18\x00\
\x01\x00u\xff\xea\x04~\x04:\x005\x00\x00A\x15\x16\
\x16\x17\x16\x16\x17\x16\x16726766766\
76&'#\x16\x16\x07\x14\x06\x07\x06\x06\x07\x06\x06\
\x07\x22&'&&'&&5\x11#\x11!\x11#\
\x113\x11\x02;\x02\x0e\x0d\x12=*\x1b>$?m\
)\x16\x22\x0c\x09\x0b\x01\x02\x1e\x14\xb2\x14\x16\x01\x04\x04\
\x04\x0b\x07\x0e,\x1d\x0e\x18\x09\x0b\x10\x05\x06\x05\xb9\xfe\
\xf3\xb9\xb9\x01\xcd\xac/P 0A\x11\x0b\x0b\x01A\
@#X5,d8a\xbf]^\xc0_%E\x1f\
!;\x19/4\x01\x0a\x09\x0a\x1a\x10\x12,\x1a\x03\x19\
\xfe*\x01\xd6\xfb\xc6\x01\xcd\x00\x00\x01\x00\x8e\xff\xeb\x04\
v\x05\xc5\x00<\x00\x00E2676676&\
'#\x16\x16\x07\x06\x06\x07\x06\x06\x07\x22&'&&\
5\x114676676632\x16\x177&\
&#\x22\x06\x07\x06\x06\x07\x06\x06\x15\x11\x14\x16\x17\x16\
\x16\x17\x16\x16\x02\x94`\xadBAN\x02\x02&\x14\xb3\
\x17\x1d\x02\x01&$%oHO|*+-\x11\x11\
\x14C,#T1V\x8fA;C\xaepD{4\
Ko#\x1a\x1c \x1d\x1f^;9\x8a\x15787\
\xa8pY\xb7YZ\xb5ZBk&(+\x01J@\
@\xaa_\x01\x08:n1<d \x1a\x1d#!\x84\
,,!\x1f+\x89S@\x93P\xfe\xfaU\x9cCG\
u'(+\x00\x00\x01\x00\xa0\xff\xeb\x04P\x04N\x00\
6\x00\x00e\x22&'&&5546766\
32\x16\x177&&'&&#\x22\x06\x07\x06\x06\
\x15\x15\x14\x16\x17\x16\x1632676674&\
'#\x16\x16\x15\x06\x06\x07\x06\x06\x02\xb4[\x83**\
(%((zVQ\x8c6,\x1cH*&Y2\
{\xbeAADGDC\xc6\x80W\x9577@\x02\
\x10\x0b\xb2\x0e\x06\x01\x18\x19\x1bX\x82E87\x8bG\
*F\x8a87E\x1e\x1c\x90\x11\x1a\x08\x07\x08YJ\
J\xc3l*l\xc4JJY)**\x80W6n\
66o5,D\x18\x1a\x1a\x00\x01\x00L\xff\xea\x04\
\x95\x05\xb0\x001\x00\x00A\x11\x16\x16\x17\x16\x16\x17\x16\
\x1672676676676&'\x07\x16\
\x16\x07\x06\x06\x07\x06\x06\x07\x06\x06\x07\x22&'&&\
'&&5\x11!5!\x15\x01\xb5\x02\x0e\x0b\x14?\
,%Z5R\x906\x1d-\x0f\x0e\x0f\x01\x03*\x1b\
\xb3\x1d!\x02\x01\x09\x08\x07\x12\x0c\x1bO5\x16%\x10\
\x15 \x0a\x05\x06\x01\x86\xfcX\x05\x18\xfcA0R#\
7S\x17\x15\x14\x01GF%\x5c71q?g\xca\
b\x01d\xcad0W& 9\x185;\x01\x0c\x0c\
\x0f4!\x15.\x18\x03\xbf\x98\x98\x00\x00\x01\x00I\xff\
\xea\x04j\x04:\x00(\x00\x00A\x11\x16\x16\x17\x16\x16\
72676676&'&&'#\x16\x16\
\x07\x06\x06\x07\x06\x06\x07\x22&'&&5\x11!5\
!\x15\x01\x9a\x04/**|NN\x8944=\x02\
\x01\x0b\x09\x0a\x19\x0d\xb2\x1d!\x02\x02\x19\x19\x19H0\
%8\x13\x14\x13\x01z\xfc{\x03\xa4\xfd\xb5^\x8b-\
.+\x01998\xa7n)R))Q'N\xa8\
OBl''+\x01!\x1d\x1dN.\x02K\x96\x96\
\x00\x00\x01\x00l\xff\xec\x04o\x05\xc5\x00L\x00\x00S\
\x14\x16\x17\x16\x163267665#\x06\x06\x07\
\x06\x06#\x22&'&&54676633\
5#\x22&'&&54676632\x16\
\x17\x16\x16\x1734&'&&#\x22\x06\x07\x06\x06\
\x15\x14\x16\x17\x16\x16\x17\x06\x06\x07\x06\x06mQHG\
\xc3s[\xb0FEV\xb9\x01-()pDQ\x81\
--1-++}O\xb6\xb6Pv&'&)\
)({R<h'&-\x01\xb9L@A\xac_\
s\xbdCDJ!\x1f\x1eX74U\x1f,/\x01\
\x96g\x9f668144\xa0o9d%%+\
($$d<Ec! \x1f\x98$! [8\
7^##(&!!\x5c6]\x954485\
45\x9bf3^()B\x17\x113 -y\xff\
\xff\x00\xa6\xfej\x04;\x00\x00\x04'\x00f\x00\x0b\xff\
\x01\x00\x06\x00f\x0b\x00\x00\x01\x01\xcf\x04\x07\x02\xe2\x06\
\x16\x00\x0c\x00\x00A53\x15\x14\x16\x17\x07&&'\
&&\x01\xcf\xb5//e*@\x16\x17\x17\x05\x83\x93\
\x96V\x94GH$\x5c32h\x00\xff\xff\x01\x5c\xff\
\xed\x04:\x01\x07\x04'\x00`\xffl\x00\x00\x00\x07\x00\
`\x01&\x00\x00\x00\x02\x01\x0f\x028\x04\x18\x05\xc3\x00\
\x0a\x00\x0e\x00\x00A\x11#\x01\x17!\x153535\
!\x017\x11\x03\x81\xa9\xfe7\x03\x01\xcc\xa3\x97\xfd\xac\
\x01\x04\x16\x03o\x02T\xfd\x8c^\xb9\xb9~\x01\x5c,\
\xfex\x00\x00\x01\x01K\x02\x8b\x03\xc9\x05\xba\x00\x1f\x00\
\x00A#\x113\x116676632\x16\x17\x16\
\x16\x15\x113\x114&'&&#\x06\x06\x07\x06\x06\
\x07\x01\xcc\x81\xaa\x09\x1a\x11\x143\x1f!4\x13\x13\x15\
\xaa$\x22\x22_<*I\x1e\x17&\x0f\x05\xab\xfc\xe0\
\x022\x17&\x0e\x10\x12\x14\x16\x17L6\xfe$\x01\xfc\
Pt&%$\x01\x19\x16\x11.\x1b\x00\x01\x00\x7f\xff\
\xeb\x049\x05\xc4\x007\x00\x00A5!5!5!\
54676632\x16\x177&&#\x22\x06\
\x07\x06\x06\x15\x15#\x153\x15#\x153\x15\x14\x16\x17\
\x16\x163267'\x06\x06#\x22&'&&5\
5\x03n\xfe~\x01\x82\xfe~6--~N<o\
4\x12=u?t\xc0FEW\xb3\xb3\xb3\xb3VD\
F\xc3u?x8\x124n;O\x80-+7\x02\
\x1fz\x8a{\x01V\xa4112\x13\x10\x9b\x0e\x11F\
ED\xdew\x02{\x8az\x05\x80\xdcDGH\x10\x0f\
\x9a\x11\x11441\xa2]\x05\x00\x04\x00I\xff\xeb\x04\
\x94\x05\xc5\x003\x00M\x00g\x00k\x00\x00A#\x14\
\x06\x07\x06\x06#\x22&'&&554676\
632\x16\x17\x16\x16\x1534&'&&#\x22\
\x06\x07\x06\x06\x15\x15\x14\x16\x17\x16\x1632676\
6\x13\x15\x14\x16\x17\x16\x1632676655\
4&'&&#\x22\x06\x07\x06\x06\x175467\
6632\x16\x17\x16\x16\x15\x15\x14\x06\x07\x06\x06#\
\x22&'&&\x05\x01'\x01\x02L\x8a\x0f\x0e\x0f+\
\x1e\x1f-\x0f\x0f\x0f\x0f\x0f\x0e-\x1e\x1e,\x0f\x0f\x0f\
\x8a$!!_<=`!!##\x22!a=\
;_!!#B#\x22!a==`!!#\
#!\x22`==`!\x22#\x8b\x0e\x0f\x0f-\x1f\
\x1f-\x0f\x0f\x0e\x0e\x0f\x0f-\x1e\x1f.\x0f\x0f\x0e\xfe\
\x9c\x02\x02r\xfd\xff\x04\x1e\x180\x13\x13\x18\x1f\x19\x19\
@\x22M\x22B\x19\x19\x1f\x16\x13\x132\x1b5]#\
#)0)*m=M<m))0(#\x22\
]\xfd{N=m))00))m=N=\
m))00))m\x8bN\x22A\x1a\x19\x1e\x1e\
\x19\x1aA\x22N#@\x19\x1a\x1e\x1e\x1a\x19@\x1f\x03\
\xbaB\xfcF\x00\x00\x02\x00\xdd\xff\xeb\x03\xf3\x05\xc9\x00\
,\x00@\x00\x00E5\x22&'&&5566\
766554&'&&#\x22\x06\x07\x06\x06\
\x07\x06\x06\x15\x11\x06\x06#\x15267\x15\x14\x16\x17\
\x16\x16\x03\x114676632\x16\x17\x16\x16\x15\
\x15\x14\x06\x07\x06\x06\x03TDZ\x1c\x1c\x17`\x933\
24'$$d<?g&\x1a'\x0e\x0d\x0e/\
h:8h1354\x9e\x81\x14\x15\x0f*\x1b\x15\
\x22\x0a\x0a\x0b\x1a\x1a\x1aO\x15\x9d)'&mDW\
4\x91RQ\xa9M)Ht*)-'$\x19@\
&&Y2\xfe!\x0d\x0e\xb0\x0d\x0c\x0ee\xa6;<\
B\x02\xdc\x01\x87>\x5c\x1c\x13\x14\x16\x15\x14:%+\
8q56`\x00\x04\x00y\x00\x00\x04v\x05\xc0\x00\
\x09\x00#\x00=\x00A\x00\x00a\x11#\x13\x01#\x11\
3\x03\x01\x01\x15\x14\x16\x17\x16\x16326766\
554&'&&#\x22\x06\x07\x06\x06\x1754\
676632\x16\x17\x16\x16\x15\x15\x14\x06\x07\x06\
\x06#\x22&'&&\x135!\x15\x02\xe3\xb0\x01\xfe\
\xf4\xaf\xb0\x01\x01\x0b\x01\x03\x15\x15\x14;''<\x14\
\x14\x15\x15\x14\x14='&<\x14\x14\x15e\x05\x06\x06\
\x17\x12\x13\x17\x07\x06\x05\x04\x06\x07\x17\x13\x13\x17\x06\x07\
\x04\xd9\xfe\xcd\x05\xb0\xfcq\x03\x8f\xfaP\x03\x93\xfcm\
\x04\xfb\xce(G\x1a\x1b\x1f\x1f\x1b\x1aG(\xce(H\
\x1b\x1b\x1f\x1f\x1b\x1bH\xed\xbc\x16(\x0f\x0e\x11\x11\x0e\
\x0f(\x16\xbc\x17'\x0e\x0f\x11\x11\x0f\x0e'\xfe\xa8_\
_\x00\x02\x00\x99\xff\xec\x04\x94\x04N\x00!\x00*\x00\
\x00e'\x06\x06'\x22&'\x11!54&'&\
&#\x22\x06\x07\x06\x06\x07\x06\x06\x15\x14\x16\x17\x16\x16\
326\x012\x16\x17\x11!\x1166\x04\x17\x02Y\
\xb9^N\x8c7\x03\x00NBC\xb5gB\x81:;\
c$$)RGF\xbfnc\xba\xfe\xe3M\x886\
\xfd\xe49\x8c^h?<\x01;3\x01H/s\xc6\
IIR)%%g>>\x8fLs\xccLMY\
=\x03\xc7>3\xfe\xe2\x01\x158B\x00\x05\x00P\xff\
\xf6\x04\xb9\x05\xae\x00\x06\x006\x00N\x00f\x00j\x00\
\x00A\x11#\x05\x157\x11\x054&'&&#\x22\
\x06\x07\x06\x06\x15\x14\x16\x17\x16\x16\x17\x06\x06\x07\x06\x06\
\x15\x14\x16\x17\x16\x1632676654&'\
&&'66766\x03\x14\x06\x07\x06\x06#\x22\
&'&&54676632\x16\x17\x16\x16\
\x03\x14\x06\x07\x06\x06#\x22&'&&5467\
6632\x16\x17\x16\x16\x01\x01'\x01\x01\x9f\x10\xfe\
\xc1\xc2\x03\x96&!!\x5c56[\x22!%\x15\x14\
\x0c#\x13\x17)\x0f\x15\x19*$$b87b$\
#)\x1d\x1a\x0e$\x14\x13 \x0d\x15\x16z\x13\x11\x11\
-\x1b\x1f2\x11\x0d\x0f\x12\x10\x10/\x1c\x1b.\x11\x10\
\x14\x13\x0f\x0d\x0f'\x18\x1b)\x0e\x0d\x0d\x0e\x0d\x0e(\
\x1a\x17'\x0d\x10\x10\xfdz\x02\x02r\xfd\xff\x02\xe8\x02\
\xc6is3\xfd\xe3\xdf1J\x19\x19\x1a\x1a\x19\x19J\
1\x1f6\x16\x0e\x19\x0a\x09\x1b\x10\x17<$3L\x1a\
\x1a\x19\x19\x1a\x1aL3'A\x18\x0d\x16\x08\x09\x17\x0d\
\x168\xfe\xe5\x18%\x0d\x0c\x0e\x10\x0f\x0d#\x15\x18%\
\x0c\x0d\x0d\x0d\x0d\x0c%\x01\x1c\x15\x22\x0c\x0b\x0e\x0f\x0d\
\x0c \x14\x15!\x0c\x0c\x0d\x0c\x0b\x0b#\xfe\xbe\x03\xba\
B\xfcF\x00\x05\x003\xff\xf6\x04\xc1\x05\xba\x00L\x00\
|\x00\x94\x00\xac\x00\xb0\x00\x00S\x1532\x16\x17\x16\
\x16\x15\x14\x06\x07\x06\x06#\x22&'&&5#\x14\
\x16\x17\x16\x1632676654&'&&\
'6676654&'&&#\x22\x06\x07\
\x06\x06\x1534676632\x16\x17\x16\x16\x15\
\x14\x06\x07\x06\x06#\x014&'&&#\x22\x06\x07\
\x06\x06\x15\x14\x16\x17\x16\x16\x17\x06\x06\x07\x06\x06\x15\x14\
\x16\x17\x16\x1632676654&'&&\
'66766\x03\x14\x06\x07\x06\x06#\x22&'\
&&54676632\x16\x17\x16\x16\x03\x14\
\x06\x07\x06\x06#\x22&'&&546766\
32\x16\x17\x16\x16\x01\x01'\x01\xeaK\x227\x13\x11\
\x12\x0f\x0e\x121 \x224\x11\x0e\x0e\x8e.&$a\
3:d&%*\x15\x16\x10.\x1e\x19'\x10\x14\x17\
'##a:6]##(\x8d\x0e\x0c\x100\x1d\
\x1f/\x0f\x0d\x0e\x13\x12\x11/\x1f\x03{&!!\x5c\
56[\x22!%\x15\x14\x0c#\x13\x17)\x0f\x15\x19\
*$$b87b$#)\x1d\x1a\x0e$\x14\x13\
 \x0d\x15\x16z\x13\x11\x11-\x1b\x1f2\x11\x0d\x0f\x12\
\x10\x10/\x1c\x1b.\x11\x10\x14\x13\x0f\x0d\x0f'\x18\x1b\
)\x0e\x0d\x0d\x0e\x0d\x0e(\x1a\x17'\x0d\x10\x10\xfd\x99\
\x02\x02r\xfd\xff\x04\x87h\x0d\x0d\x0c'\x1b\x15$\x0d\
\x0e\x10\x12\x10\x0b \x127O\x19\x1b\x18\x1c\x1a\x1aN\
2$;\x15\x10\x1a\x08\x09\x19\x0f\x165\x1e1L\x1a\
\x19\x1a\x1c\x19\x1aJ.\x11\x1c\x0b\x0d\x0e\x0f\x0e\x0c!\
\x13\x17&\x0d\x0b\x0d\xfd\x821J\x19\x19\x1a\x1a\x19\x19\
J1\x1f6\x16\x0e\x19\x0a\x09\x1b\x10\x17<$3L\
\x1a\x1a\x19\x19\x1a\x1aL3'A\x18\x0d\x16\x08\x09\x17\
\x0d\x168\xfe\xe5\x18%\x0d\x0c\x0e\x10\x0f\x0d#\x15\x18\
%\x0c\x0d\x0d\x0d\x0d\x0c%\x01\x1c\x15\x22\x0c\x0b\x0e\x0f\
\x0d\x0c \x14\x15!\x0c\x0c\x0d\x0c\x0b\x0b#\xfe\xb5\x03\
\xbaB\xfcF\x00\x00\x05\x00$\xff\xfa\x04\xad\x05\xb1\x00\
-\x00]\x00u\x00\x8d\x00\x91\x00\x00S\x17667\
6632\x16\x15\x14\x06\x07\x06\x06#\x22&'#\
\x16\x16\x17\x16\x1632676654&'&\
&#\x22\x06\x077!5!\x014&'&&#\
\x22\x06\x07\x06\x06\x15\x14\x16\x17\x16\x16\x17\x06\x06\x07\x06\
\x06\x15\x14\x16\x17\x16\x1632676654&\
'&&'66766\x03\x14\x06\x07\x06\x06#\
\x22&'&&54676632\x16\x17\x16\
\x16\x03\x14\x06\x07\x06\x06#\x22&'&&546\
76632\x16\x17\x16\x16\x01\x01'\x017p\x0b\
\x16\x0e\x0e$\x17AH\x0e\x10\x0f. 5C\x05\x8c\
\x03-$%]3Bd!! ! \x1f[9\
(C\x12\x14\x01:\xfeR\x048&!!\x5c56\
[\x22!%\x15\x14\x0c#\x13\x17)\x0f\x15\x19*$\
$b87b$#)\x1d\x1a\x0e$\x14\x13 \x0d\
\x15\x16z\x13\x11\x11-\x1b\x1f2\x11\x0d\x0f\x12\x10\x10\
/\x1c\x1b.\x11\x10\x14\x13\x0f\x0d\x0f'\x18\x1b)\x0e\
\x0d\x0d\x0e\x0d\x0e(\x1a\x17'\x0d\x10\x10\xfd\x96\x02\x02\
r\xfd\xff\x04G\x1c\x08\x0d\x06\x05\x07D9\x1c/\x11\
\x12\x13,-0L\x1a\x1b\x1b'!!Y06W\
\x1e\x1e\x1f\x12\x08\x99w\xfc\x5c1J\x19\x19\x1a\x1a\x19\
\x19J1\x1f6\x16\x0e\x19\x0a\x09\x1b\x10\x17<$3\
L\x1a\x1a\x19\x19\x1a\x1aL3'A\x18\x0d\x16\x08\x09\
\x17\x0d\x168\xfe\xe5\x18%\x0d\x0c\x0e\x10\x0f\x0d#\x15\
\x18%\x0c\x0d\x0d\x0d\x0d\x0c%\x01\x1c\x15\x22\x0c\x0b\x0e\
\x0f\x0d\x0c \x14\x15!\x0c\x0c\x0d\x0c\x0b\x0b#\xfe\xba\
\x03\xbaB\xfcF\x00\x05\x00A\xff\xf6\x04\xa7\x05\xb1\x00\
\x06\x006\x00N\x00f\x00j\x00\x00A5!\x15!\
\x013\x054&'&&#\x22\x06\x07\x06\x06\x15\x14\
\x16\x17\x16\x16\x17\x06\x06\x07\x06\x06\x15\x14\x16\x17\x16\x16\
32676654&'&&'667\
66\x03\x14\x06\x07\x06\x06#\x22&'&&54\
676632\x16\x17\x16\x16\x03\x14\x06\x07\x06\x06\
#\x22&'&&54676632\x16\x17\
\x16\x16\x01\x01'\x01\x02n\xfd\xd3\x01\x97\xfe\xc5\x96\x03\
c&!!\x5c56[\x22!%\x15\x14\x0c#\x13\
\x17)\x0f\x15\x19*$$b87b$#)\x1d\
\x1a\x0e$\x14\x13 \x0d\x15\x16z\x13\x11\x11-\x1b\x1f\
2\x11\x0d\x0f\x12\x10\x10/\x1c\x1b.\x11\x10\x14\x13\x0f\
\x0d\x0f'\x18\x1b)\x0e\x0d\x0d\x0e\x0d\x0e(\x1a\x17'\
\x0d\x10\x10\xfdg\x02\x02r\xfd\xff\x05`Qu\xfd\xaf\
\xe21J\x19\x19\x1a\x1a\x19\x19J1\x1f6\x16\x0e\x19\
\x0a\x09\x1b\x10\x17<$3L\x1a\x1a\x19\x19\x1a\x1aL\
3'A\x18\x0d\x16\x08\x09\x17\x0d\x168\xfe\xe5\x18%\
\x0d\x0c\x0e\x10\x0f\x0d#\x15\x18%\x0c\x0d\x0d\x0d\x0d\x0c\
%\x01\x1c\x15\x22\x0c\x0b\x0e\x0f\x0d\x0c \x14\x15!\x0c\
\x0c\x0d\x0c\x0b\x0b#\xfe\xbe\x03\xbaB\xfcF\x00\x02\x00\
~\xff\xeb\x04F\x05\xec\x00,\x00I\x00\x00A\x22\x06\
\x07\x06\x06\x15\x15\x14\x16\x17\x16\x16326766\
766554\x02'&&#\x22\x06\x07\x176\
632\x16\x17\x16\x16\x17&&\x072\x16\x17\x16\x16\
\x17\x15\x14\x06\x07\x06\x06\x07\x06\x06#\x22&'&&\
5546766\x02Pn\xad<<?A>\
>\xb3rM\x836?`\x1a\x13\x14ACD\xcf\x8f\
u\x8e9\x10G\x87NJ\x8222B\x0b<\xa6I\
Jk$$(\x06\x0c\x0c\x12;) O0Lp\
$%$$%%p\x03\xfeKBB\xb4i\x17q\
\xc1FGQ-)1\x94[>\x8dJ;\xb4\x01/\
nn|,\x19\x97\x1b G??\xb0iEL\x98\
- !I\x1cB9i/Ah \x19\x1c=4\
3\x89L\x17D{//7\x00\x01\x00\xa7\xff+\x04\
%\x05\xb0\x00\x07\x00\x00E\x11!\x113\x11!\x11\x04\
%\xfc\x82\xb9\x02\x0c\xd5\x06\x85\xf9{\x05\xed\xfa\x13\x00\
\x01\x003\xfe\xf3\x04\x98\x05\xb0\x00\x0c\x00\x00A5\x01\
!5!\x15\x01\x01\x15!5!\x03X\xfd\xbb\x039\
\xfb\xe7\x02`\xfd\xa0\x04e\xfc|\x02A\x19\x02\xbe\x98\
\x90\xfd.\xfd4\x8f\x98\x00\x01\x009\x00\x00\x04\x92\x05\
\xb0\x00\x0a\x00\x00A\x03!\x153\x133\x01#\x01\x07\
\x02\x18\xa4\xfe\xc5\xb9\xf5\x8d\x02\x1e\xbd\xfer\x19\x01Q\
\x01\xbd\x9a\xfd\x8c\x05\xb0\xfb\xa1i\x00\x00\x03\x005\x00\
\xe0\x04\x9a\x03\xdd\x00@\x00f\x00\x8c\x00\x00A54\
&'&&'&&#\x22\x06\x07\x06\x06\x07\x06\x06\
\x07&&'&&#\x22\x06\x07\x06\x06\x07\x06\x06\x15\
\x15\x14\x16\x17\x16\x16\x17\x16\x163267667\
\x16\x16\x17\x16\x16326766766'\x15\
\x14\x06\x07\x06\x06\x07\x06\x06#\x22&'&&'&\
&'56676676632\x16\x17\x16\
\x16\x17\x16\x16\x0554676676632\
\x16\x17\x16\x16\x17\x16\x16\x17\x15\x06\x06\x07\x06\x06\x07\x06\
\x06#\x22&'&&'&&\x04\x9a\x11\x11\x0d#\
\x14\x22[8\x22;\x1a\x228\x15\x0f\x19\x0a\x134\x22\
#W41Q &5\x0e\x08\x08\x0c\x0c\x105\x22\
\x1fO/4V#\x224\x13\x135#\x22V40\
L#)3\x0f\x09\x09|\x05\x05\x07\x1c\x16\x11.\x1e\
\x1e5\x17\x17$\x0e\x0e\x11\x03\x03\x11\x0e\x0e%\x17\x16\
6\x1e\x1f1\x12\x11\x16\x06\x09\x07\xfc\x93\x05\x06\x07\x1a\
\x13\x12/\x1f\x1e6\x17\x16%\x0e\x0d\x11\x03\x03\x11\x0d\
\x0e%\x16\x175\x1e\x1e.\x12\x13\x1b\x08\x06\x06\x02J\
*0^)\x1e7\x14\x22'\x13\x10\x15=\x22\x16.\
\x17*V##,\x1d\x1a [6\x1eB!*)\
P$/P\x1b\x18\x1b,##V**V##\
,\x1b\x1a\x1fX4 FN*\x1b4\x18!9\x12\
\x0f\x11\x1d\x17\x168\x1c\x1b1\x0f\x1d\x0f1\x1c\x1b8\
\x17\x17\x1c\x14\x12\x0f+\x17\x1b?K*\x1c5\x18\x1e\
4\x13\x11\x13\x1c\x17\x178\x1b\x1c1\x0f\x1d\x100\x1b\
\x1c8\x16\x17\x1d\x11\x0f\x114 \x198\x00\x00\x01\x00\
\xf8\xfeK\x03\xd3\x06+\x00(\x00\x00E1\x1146\
76632\x16\x177&&#\x22\x06\x07\x06\x06\
\x15\x11\x14\x06\x07\x06\x06#\x22&'\x07\x16\x1632\
6766\x02\xaa\x1a\x19\x16B+\x1d-\x11\x18%\
F%O~+,.\x1a\x19\x10,\x1a\x0eD\x10\x0e\
\x1d5\x1eIt)-/Y\x05\x1b3P\x1b\x19\x1a\
\x06\x05\x8e\x09\x0c1..\x86V\xfa\xe56S\x19\x10\
\x12\x07\x06\x93\x0a\x08)(,\x87\x00\x00\x02\x00\x8e\x00\
\x00\x04?\x05\xb0\x00\x05\x00\x0d\x00\x00I\x023\x01\x01\
\x07\x17\x01\x01\x07'\x01\x01\x02\x1e\xfep\x01\x93\x8d\x01\
\x91\xfelH\x11\x01\x0c\xfe\xfa\x12\x10\xfe\xf4\x01\x06\x05\
\xb0\xfd'\xfd)\x02\xd7\x02\xd9\x9c3\xfd\xf6\xfd\xf73\
3\x02\x09\x02\x0a\x00\x16\x00\x5c\x00\x0a\x04\x87\x04\x06\x00\
\x0d\x00\x1c\x00*\x00:\x00@\x00F\x00L\x00R\x00\
[\x00_\x00c\x00g\x00k\x00o\x00s\x00|\x00\
\x80\x00\x84\x00\x88\x00\x8c\x00\x90\x00\x94\x00\x00A\x15\x14\
\x06#\x22&554632\x16\x17#\x1132\
\x16\x15\x14\x06\x07\x16\x16\x15\x14\x06%54&#\x22\
\x06\x15\x15\x14\x16326%53\x15\x14\x06#\x22\
&53\x14\x16326\x0135#5#\x053\
5#\x15#\x013535#\x053\x1535#\
\x01#\x1532654&\x0335#\x1735\
#\x0535#\x1335#\x1735#\x0535\
#\x13\x1532654&#\x055#\x15\x175\
#\x15\x135#\x15\x055#\x15\x175#\x15\x135\
#\x15\x01\xf0E99GF99F\x9fzg7\
>\x17\x17\x1c\x1c9\xfe\xfb)##))$#(\
\x02\x0e2:-0<3\x1f\x1a\x17\x1e\xfc\x91\xaal\
>\x03\x81\xaa=m\xfc\x7f>l\xaa\x03\x81m=\xaa\
\xfe\xb2FF\x1d\x1b\x1b\x87\x99\x99\xdc\x99\x99\xfeI\x98\
\x98\xdb\x99\x99\xdc\x99\x99\xfeI\x98\x98\xff3!  \
!\xfe\x1e>>>>>\x04+=====\x02\
%>6BB6>6BB\xeb\x01/(+\x15\
\x22\x09\x08'\x17++w>&++&>&+\
+\x0f\xd0\xd0-2-.\x1a\x18\x1e\xfeR?o\xae\
\xaeo\x03 ]@@]\x9d\xfd\xf1]\x18\x15\x16\x1a\
\x01\xcf@@@@@\xfc\x04?????\x02'\
S\x16\x16\x17\x10\xa5\x8a\x8a\xcf\x89\x89\x01\x9f\x89\x89\xd0\
\x8a\x8a\xcf\x89\x89\x01\x9f\x89\x89\x00\x05\x00\x0f\xfd\xd5\x04\
\xaf\x08b\x00\x03\x00/\x003\x007\x00;\x00\x00I\
\x03\x05#4676676676654\
&#\x22\x06\x07#6676632\x16\x17\x16\
\x16\x15\x14\x06\x07\x06\x06\x07\x06\x06\x07\x06\x06\x15\x15#\
5\x13\x1535\x03\x1535\x02b\xfd\xad\x02S\x02\
M\xfe\x1a\xca\x08\x0b\x0a#\x1d\x0a\x1b\x0c\x0c\x11 %\
\x18)\x02\xcb\x01+%$a8@f#\x22%\x17\
\x12\x12-\x16\x0b\x11\x06\x06\x06\xca^\x04\x06\x04\x06R\
\xfc1\xfc1\x03\xcf\xfb02\x13\x13($\x0d'\x18\
\x173\x1a4@07Fe! \x1e'$%g\
@)@\x1c\x1d7\x1f\x10\x1d\x0f\x10't\xaa\xaa\xfc\
\xac\x04\x04\x0a\x89\x04\x04\x00\x02\x01\x11\x04\xe4\x03\xef\x06\
\xf9\x00\x06\x00,\x00\x00A\x01#\x0137\x17\x13'\
\x14\x06\x07\x06\x06#\x22&'&&#\x22\x06\x07\x06\
\x06\x15\x174676632\x16\x17\x16\x1632\
6766\x03\xef\xfe\xdb\x95\xfe\xdc\xaa\xc4\xc5@M\
\x0e\x0b\x0c\x1e\x10\x1d0\x17\x172\x1f\x22:\x15\x16\x19\
M\x0f\x0c\x0b\x1d\x10\x1e,\x16\x152%\x22:\x16\x15\
\x19\x04\xe4\x01\x06\xfe\xfa\xb0\xb0\x01\xfe\x17\x11!\x0d\x0d\
\x10\x16\x0d\x0d\x16\x1f\x19\x19A!\x13\x11!\x0e\x0d\x11\
\x17\x0d\x0e\x16\x1e\x19\x18?\x00\x00\x02\x00\xfc\x04\xe4\x04\
\xba\x06\xcf\x00\x06\x00\x22\x00\x00A\x01#\x0137\x17\
7376676654&'&&#\x07\
2\x16\x17\x16\x16\x15\x14\x06\x07\x06\x06\x07\x03\xdd\xfe\xed\
\xbc\xfe\xee\xaa\xc6\xc6\x8er\x01\x191\x13\x13\x170,\
!V4\x06\x1c4\x14\x13\x18\x13\x12\x0f-\x1c\x04\xe4\
\x01\x06\xfe\xfa\xba\xba\x8a<\x03\x12\x10\x0f/!+C\
\x14\x0f\x10\x5c\x07\x08\x08\x19\x13\x13\x17\x07\x05\x07\x02\x00\
\x02\x00\x10\x04\xe4\x03\xf9\x06\x95\x00\x06\x00\x0a\x00\x00A\
\x01#\x0137\x17%\x03#\x13\x03\xf9\xfe\xdd\x98\xfe\
\xde\xc4\xaa\xaa\xfe1\x8d\xc8\xc9\x04\xe4\x01\x06\xfe\xfa\x9e\
\x9e\xae\x01\x03\xfe\xfd\x00\x00\x02\x01\x0b\x04\xe4\x04\xf4\x06\
\x95\x00\x06\x00\x0a\x00\x00A\x0137\x173\x01%\x03\
3\x13\x02/\xfe\xdc\xc6\xaa\xa9\xc5\xfe\xdd\x01g\x8e\x8d\
\xc8\x05\xea\xfe\xfa\x9e\x9e\x01\x06\xab\xfe\xfd\x01\x03\x00\x00\
\x02\x01>\x04\xdf\x03\x9c\x06\x8a\x00\x03\x00\x1d\x00\x00A\
'#\x17\x05#\x06\x06\x07\x06\x06#\x22&'&&\
5#\x14\x16\x17\x16\x16326766\x02\xa6q\
\x99\xa4\x01\x5c\x99\x01\x13\x14\x126%(9\x12\x13\x12\
\x98,('pEDo(',\x05\xc4\xc6\xc6\x14\
\x19,\x10\x0e\x11\x12\x10\x0f+\x18/M\x1b\x1c\x1e\x1e\
\x1c\x1bM\x00\x01\x01\xf9\x04\x8e\x02\xf0\x06;\x00\x09\x00\
\x00A\x1535467'\x06\x06\x01\xf9\xb9\x1b#\
k0\x5c\x05\x0f\x81x=j;S*\xab\x00\x02\x00\
6\x00\x00\x04\x8e\x04\x8d\x00\x07\x00\x0c\x00\x00A\x133\
\x01#\x013\x137\x137\x17\x13\x03fm\xbb\xfe*\
\xa5\xfe#\xbcn<\xaa\x1e\x1f\xa8\x01\x17\xfe\xe9\x04\x8d\
\xfbs\x01\x17\x97\x01\xaeMO\xfeT\x00\x03\x00\xd0\x00\
\x00\x04F\x04\x8d\x00\x1a\x00)\x008\x00\x00s!2\
676654&'&&'66766\
54&'&&#!\x13!\x16\x16\x17\x16\x16\x15\
\x14\x06\x07\x06\x06\x07!\x11\x113\x16\x16\x17\x16\x16\x15\
\x14\x06\x07\x06\x06\x07\xd0\x01\xc7W\xa9=5=$\x1e\
\x1fT1(G\x1b\x1a QA<\x9eK\xfec\xbb\
\x01\x15/V! &+##X,\xfe\xf4\xe3+\
Z%%.+!!R(-.*uS7[\
#\x22.\x0c\x0e+\x1e\x1dM0]y&#\x1f\xfd\
\x85\x01\x17\x17\x18I43E\x15\x16\x13\x01\x02\x08\x01\
U\x01\x0f\x13\x13C4/@\x13\x14\x11\x01\x00\x01\x00\
n\xff\xf0\x046\x04\x9d\x003\x00\x00A#\x06\x06\x07\
\x06\x06'\x22&'&&'5667663\
2\x16\x17\x16\x16\x173&&'&&#\x22\x06\x07\
\x06\x06\x07\x15\x16\x16\x17\x16\x16326766\x04\
6\xb9\x0a'\x1e$jGTu$$ \x01\x01#\
&&xU@a#!*\x0a\xb9\x0cN<=\xa1\
^w\xb9@AD\x01\x01B?>\xb6u^\xa3?\
?R\x01y7U\x1e$%\x01E88\x8eIf\
K\x8f87C\x22!\x1fZ:^\x94336W\
KK\xc7qeo\xc6KKX322\x92\x00\x00\
\x02\x00\xb7\x00\x00\x04S\x04\x8d\x00\x0f\x00\x1f\x00\x00s\
!6676675&&'&&'!\x17\
3\x16\x16\x17\x16\x16\x17\x15\x06\x06\x07\x06\x06\x07#\xb7\
\x01_{\xd0MLX\x01\x01UJK\xcdy\xfe\x95\
\xba\xb1[\x8c0/1\x01\x01512\x8f\x5c\xa5\x01\
NHG\xca~?{\xcaIHP\x02\x99\x01:4\
5\x91XAZ\x93449\x01\x00\x00\x01\x00\xc8\x00\
\x00\x04#\x04\x8d\x00\x0b\x00\x00A5!\x11!5!\
\x11!5!\x11\x03\xc5\xfd\xc0\x02\x98\xfc\xab\x03[\xfd\
b\x02\x0e\x98\x01N\x99\xfbs\x97\x01w\x00\x00\x01\x00\
\xe7\x00\x00\x04=\x04\x8d\x00\x09\x00\x00A5!\x11!\
5!\x113\x11\x03\xe4\xfd\xc3\x02\x96\xfc\xaa\xc0\x01\xf3\
\x99\x01h\x99\xfbs\x01\xf3\x00\x00\x01\x00|\xff\xf0\x04\
A\x04\x9d\x007\x00\x00e\x11!\x15!\x07\x06\x06\x07\
\x06\x06#\x22&'&&'5667663\
2\x16\x17\x16\x16\x173&&'&&#\x22\x06\x07\
\x06\x06\x07\x15\x16\x16\x17\x16\x16326766\x04\
A\xfe4\x01\x15\x01\x19>!\x22F!W~)*\
(\x01\x01!&%yW>b$\x1e)\x0b\xb7\x0e\
Q==\x9dYz\xbb??B\x01\x01ICC\xc0\
y<|::g\x96\x01\xb9\x90\xee\x18\x1d\x08\x08\x05\
E88\x92NVL\x9199D!!\x1bL0\
[\x8b../WKL\xcbtTt\xcaKLW\
\x0f\x13\x13@\x00\x00\x01\x00\x9b\x00\x00\x03\xf9\x04\x8d\x00\
\x0b\x00\x00a\x11#\x11!\x11#\x113\x11!\x11\x03\
\xf9\xb2\xfe\x06\xb2\xb2\x01\xfa\x04\x8d\xfd\xfd\x02\x03\xfbs\
\x01\xf2\xfe\x0e\x00\x00\x01\x00\xd9\x00\x00\x04\x10\x04\x8c\x00\
\x0b\x00\x00S\x15!\x11!\x15!5!\x11!5\xd9\
\x01;\xfe\xc5\x037\xfe\xbd\x01C\x04\x8c\xa1\xfc\xb5\xa0\
\xa0\x03K\xa1\x00\x00\x01\x00\x96\xff\xf0\x03\xe6\x04\x8d\x00\
\x1b\x00\x00A\x13\x06\x06\x07\x06\x06#\x22&'&&\
5#\x16\x16\x17\x16\x163267667\x13\x03\
(\x01\x02#\x1e\x1eP/1X\x22\x22(\xbe\x08I\
:9\x98WP\x9498D\x02\x02\x04\x8d\xfc\xea9\
Y\x1e\x1f!\x19\x1c\x1cY>e\x91./,32\
1\x92_\x03\x16\x00\x01\x00\xb4\x00\x00\x04\x80\x04\x8d\x00\
\x0c\x00\x00A\x013\x01\x01#\x01\x07\x11#\x113\x11\
\x02\x00\x01\x9f\xe1\xfe\x00\x01\xde\xe3\xfet\x82\xb9\xb9\x02\
\x07\xfd\xf9\x02\x86\x02\x07\xfee\x8f\x02*\xfbs\x01y\
\x00\x00\x01\x00\xd1\x00\x00\x04R\x04\x8d\x00\x05\x00\x00e\
\x11#\x11!5\x01\x95\xc4\x03\x81\x97\x03\xf6\xfbs\x97\
\x00\x00\x01\x00\x9b\x00\x00\x04:\x04\x8d\x00\x0c\x00\x00A\
\x03#\x113\x11\x133\x13\x113\x11#\x02m\xda\xf8\
\xb0\xe2\x83\xda\xb0\xf1\x02X\x025\xfbs\x03\xb1\xfd\x8d\
\x02\x81\xfcA\x04\x8d\x00\x00\x01\x00\xc2\x00\x00\x04\x0f\x04\
\x8d\x00\x09\x00\x00a\x11#\x13\x01#\x113\x03\x01\x04\
\x0f\xb0\x06\xfe\x0b\xae\xb1\x05\x01\xf5\x04\x8d\xfc\x93\x03m\
\xfbs\x03l\xfc\x94\x00\x00\x02\x00\x82\xff\xf0\x04J\x04\
\x9d\x00\x19\x003\x00\x00A5&&'&&#\x22\
\x06\x07\x06\x06\x07\x15\x16\x16\x17\x16\x1632676\
6'\x15\x06\x06\x07\x06\x06#\x22&'&&'5\
6676632\x16\x17\x16\x16\x04J\x01=<\
=\xb5xw\xb4==>\x01\x01?==\xb4wx\
\xb4=<=\xb6\x01\x1e\x22#sUTr#$ \
\x01\x01\x1f$#rTTs##\x1f\x02$Cn\
\xcdON^_OO\xccmCm\xccNO^^\
NN\xcc\xb3EG\x92;;KK<;\x91GE\
F\x91;;KJ:;\x92\x00\x02\x00^\xff6\x04\
g\x04\x9d\x00\x1f\x009\x00\x00A5&&'&&\
#\x22\x06\x07\x06\x06\x07\x15\x16\x16\x17\x16\x16326\
7\x057'66766'\x15\x06\x06\x07\x06\x06\
#\x22&'&&'56676632\x16\
\x17\x16\x16\x04e\x01FBB\xbfzz\xbeBBF\
\x01\x01GBB\xbfz ?\x1e\x01\x0a}\xdf5R\
\x1c\x1c\x1d\xb7\x01%((|XW}()'\x01\
\x01'((|WX}((&\x02$Ct\xce\
MMZ[MN\xcdsCs\xcdMMZ\x07\x07\
\xc8o\xa3&f>=\x8b\x8fEN\x9499FF\
::\x93MEL\x93:9FE99\x93\x00\x00\
\x02\x00\x90\x00\x00\x04,\x04\x8d\x00\x14\x00#\x00\x00A\
\x0135\x016676654&'&&'\
!\x113\x115\x113\x16\x16\x17\x16\x16\x15\x14\x06\x07\
\x06\x06\x07\x02a\x01\x04\xc7\xfe\xde2W  $K\
>?\xa1T\xfeV\xb9\xf12^$$+-#$\
[/\x01\xc1\xfe?\x0a\x01\xe6\x169&%`?_\
\x86++(\x01\xfbs\x01\xc1\x97\x01\x9c\x01\x18\x19\x19\
O85K\x18\x19\x18\x01\x00\x00\x01\x00\x8a\xff\xf0\x04\
9\x04\x9d\x00L\x00\x00A\x06\x06\x07\x06\x06#\x22&\
'&&'#\x16\x16\x17\x16\x16\x17\x16\x16326\
76654&'&&'&&'&&5\
4676632\x16\x17\x16\x16\x173&&'\
&&#\x22\x06\x07\x06\x06\x15\x14\x16\x17\x16\x16\x17\x16\
\x16\x17\x16\x16\x03\x7f\x015'(](6j++\
7\x02\xbc\x03\x1f\x19\x156\x1fE\xabVL\xa5F;\
RL<<\x92F0\x8a1\x1e'2&&Z(\
2`&&/\x02\xbb\x06Q??\x9fTE\x97<\
H[SA@\x99E1\x83(!\x1d\x01*2@\
\x12\x13\x0e\x15\x1a\x19S=4Y%\x1e2\x14-*\
%'$wUUy+*7\x12\x0b)\x1e\x129\
(1A\x14\x13\x10\x16\x19\x19N7Z\x86-,+\
\x22!'~YVx))3\x11\x0d& \x1b7\
\x00\x00\x01\x00]\x00\x00\x04i\x04\x8d\x00\x07\x00\x00A\
5!\x15!\x113\x11\x04i\xfb\xf4\x01\xa7\xbc\x03\xf4\
\x99\x99\xfc\x0c\x03\xf4\x00\x00\x01\x00\xb5\xff\xf0\x04+\x04\
\x8d\x00\x1d\x00\x00A#\x03\x06\x06\x07\x06\x06#\x22&\
'&&'\x03#\x03\x16\x16\x17\x16\x163267\
667\x04*\xb7\x01\x01%!\x22_;;_!\
\x22%\x01\x01\xb5\x01\x01F<;\xa0\x5c[\xa0<<\
G\x02\x04\x8d\xfc\xf4;]  \x22\x22  ];\
\x03\x0c\xfc\xf4`\x95336644\x94_\x00\x00\
\x01\x00V\x00\x00\x04\x83\x04\x8d\x00\x08\x00\x00A\x01#\
\x013\x01#\x01\x07\x02P\xfe\xce\xc8\x01\xbf\xae\x01\xc0\
\xc9\xfe\xcf\x1d\x016\x03W\xfbs\x04\x8d\xfc\xa8j\x00\
\x01\x00/\x00\x00\x04\xbb\x04\x8d\x00\x12\x00\x00a3\x13\
7\x17\x133\x13#\x03\x07'\x03#\x03\x07'\x03#\
\x01\x17\x9f\xb3\x0e\x0d\xaf\x9f\xe9\xac\x8c\x0b\x0d\xa7\x9a\xab\
\x0d\x0b\x8d\xab\x03\x03;;\xfc\xfd\x04\x8d\xfd\x03==\
\x02\xfd\xfd\x02<=\x02\xfd\x00\x00\x01\x00`\x00\x00\x04\
f\x04\x8d\x00\x0b\x00\x00A\x01#\x01\x013\x01\x013\
\x01\x01#\x02_\xfe\xe5\xdb\x01\x8b\xfel\xdc\x01&\x01\
(\xdc\xfei\x01\x88\xdb\x02\xda\x01\xb3\xfd\xbe\xfd\xb5\x01\
\xbb\xfeE\x02K\x02B\x00\x01\x00M\x00\x00\x04\x81\x04\
\x8d\x00\x0a\x00\x00a3\x11\x01#\x01\x07'\x01#\x01\
\x02\x06\xbb\x01\xc0\xd4\xfe\xbe\x05\x05\xfe\xc0\xd4\x01\xb9\x01\
\x95\x02\xf8\xfd\xc0\x09\x09\x02@\xfd\x14\x00\x01\x00\xb9\x00\
\x00\x04B\x04\x8d\x00\x09\x00\x00e\x01'!\x15!\x01\
\x15!5\x01\x9f\x02\x8b\x01\xfc\x99\x02\x82\xfdu\x03\x89\
\x97\x03}y\x99\xfc\x88|\x97\x00\x02\x01R\x04\xe0\x03\
\x9a\x07\x03\x00\x19\x005\x00\x00A#\x14\x06\x07\x06\x06\
#\x22&'&&'#\x14\x16\x17\x16\x16326\
766%3'6676654&'&\
&#\x072\x16\x17\x16\x16\x15\x14\x06\x07\x06\x06\x07\x03\
\x9a\x92\x11\x10\x128&&7\x12\x12\x12\x01\x91*'\
&lBBl&%*\xfe\x9c\x7f\x03\x1b6\x15\x15\
\x1a1/%c=\x07 :\x16\x16\x1b\x12\x12\x124\
\x22\x05\xb0\x17)\x0f\x11\x13\x12\x0f\x0f+\x18/L\x1b\
\x1c\x1e\x1e\x1c\x1bL@>\x03\x10\x0e\x0d)\x1d&;\
\x12\x0e\x0fR\x06\x06\x07\x17\x11\x10\x14\x06\x06\x07\x02\x00\
\x02\x01B\x04\xdf\x03\xa0\x06\x8a\x00\x19\x00\x1d\x00\x00A\
#\x06\x06\x07\x06\x06#\x22&'&&5#\x14\x16\
\x17\x16\x16326766\x03\x0737\x03\xa0\x99\
\x01\x13\x14\x126%(9\x12\x13\x12\x98,('p\
EDo(',\xf8qf\xa4\x05\xb0\x19,\x10\x0e\
\x11\x12\x10\x0f+\x18/M\x1b\x1c\x1e\x1e\x1c\x1bM\x01\
\x09\xc6\xc6\x00\x01\x015\x02\x8b\x03\xb2\x03\x22\x00\x03\x00\
\x00A5!\x15\x03\xb2\xfd\x83\x02\x8b\x97\x97\x00\x03\x01\
\xd1\x04@\x03\xa8\x06r\x00\x03\x00\x1b\x00'\x00\x00A\
\x0737\x01\x14\x16\x17\x16\x163267665\
4&'&&#\x22\x06\x07\x06\x06\x176632\
\x16\x15\x06\x06#\x22&\x02\xe2\x92|\xdc\xfe)\x1c\x18\
\x17>#\x22>\x17\x16\x1b\x1b\x16\x17>\x22#>\x17\
\x18\x1cU\x012$#1\x010#$2\x06r\xb8\
\xb8\xfeq$<\x15\x16\x18\x18\x16\x15<$$>\x16\
\x16\x19\x19\x16\x16>$&22&#22\x00\x00\
\x02\x01\xf5\x04\x82\x03\xb7\x05\xc4\x00\x05\x00\x15\x00\x00A\
\x153\x135#\x05\x1535667667'\
\x06\x06\x07\x06\x06\x02\xafP\xb8\xa8\xfe\xe6{\x01\x07\x06\
\x06\x15\x0dH\x18%\x0d\x0b\x10\x04\x9e\x1a\x01+\x15\xb6\
\x8c\x86\x18-\x16\x19/\x16\x03\x10*\x19\x162\x00\x00\
\x02\x01t\x04\xd9\x03\xc2\x06\xd0\x00\x19\x003\x00\x00A\
#\x14\x06\x07\x06\x06#\x22&'&&5#\x14\x16\
\x17\x16\x16326766\x03'\x14\x06#\x22&\
'&&#\x22\x06\x15\x176632\x16\x17\x16\x16\
326\x03\xc2\x95\x11\x12\x127&'7\x12\x11\x11\
\x95*'&mCCm'&*\x09S0\x22 \
4\x19\x1a5!H^T\x01.#!/\x18\x176\
(G^\x05\xae\x18+\x10\x10\x13\x13\x10\x10+\x18/\
O\x1c\x1c\x1f\x1f\x1c\x1cO\x019\x18&3\x17\x0f\x0e\
\x17oG\x15&3\x17\x0e\x0f\x17j\x00\x01\x02\x06\xfe\
\x99\x02\xbf\x00\x9a\x00\x03\x00\x00A\x11#\x11\x02\xbf\xb9\
\xfe\x99\x02\x01\xfd\xff\x00\x00\x01\x01`\xfeK\x03\x12\x00\
\x97\x00\x15\x00\x00e#\x15\x14\x06\x07\x06\x06#\x22&\
'\x07\x16\x163267665\x03\x12\xb9\x11\x10\
\x124\x22\x0eB\x12\x0e\x1d5\x1eU\x81(!#\x97\
\xf0,D\x18\x18\x1a\x07\x06\x9d\x0a\x0885+yK\
\x00\x00\x02\x00\xcc\x00\x00\x04K\x04\x8d\x00\x10\x00\x1f\x00\
\x00A!6676654&'&&'!\
\x113\x11\x11!\x16\x16\x17\x16\x16\x15\x14\x06\x07\x06\x06\
\x07\x01\x84\x01\x12T\x9e=<JJ==\x9dT\xfe\
6\xb8\x01\x121\x5c#\x22**\x22#\x5c1\x01\xb6\
\x01*,+\x87_\x5c\x89.-.\x01\xfbs\x02N\
\x01\xa6\x01\x1c\x1a\x1bP67M\x19\x19\x17\x01\x00\x00\
\x01\x00\xa9\x00\x00\x04\xb6\x05\xb0\x00\x0c\x00\x00A\x013\
\x01\x01#\x01#\x11#\x113\x11\x02\x0d\x01\xc6\xe3\xfd\
\xe8\x01\xef\xd4\xfeE\x9c\xb9\xb9\x02\x93\xfdm\x02\xef\x02\
\xc1\xfdz\x02\x86\xfaP\x02\x93\x00\x01\x00\xd2\xff\xec\x04\
A\x04\x9d\x00>\x00\x00e\x07\x16\x1632676\
654&'&&'#\x01&&'&&#\
\x22\x06\x07\x06\x06\x15\x113\x114676632\
\x16\x17\x16\x16\x17\x03\x1532\x16\x17\x16\x16\x15\x14\x06\
\x07\x06\x06#\x22&\x02\x0b57o9W\x9154\
;1-.\x81Q\x01\x01\x12'W12pAc\
\x95143\xb8\x15\x19\x18S?$9\x17\x12\x1d\x0d\
\xedTLm\x22\x1a\x1a\x1d\x1b\x1bN26T\xb5\x98\
\x1a\x17200\x8cZFm('/\x07\x01J&\
C\x19\x18\x1d325\xa4n\xfd\x0f\x02\xf18e&\
%,\x0e\x0a\x08\x14\x0a\xfe\xd9\x89\x1a\x1c\x15A+1\
Q\x1d\x1e!\x1f\xff\xff\x00\x00\x00\x00\x00\x00\x00\x00\x06\
\x06\x00\x01\x00\x00\xff\xff\x00\xda\x021\x03\xd7\x02\xc9\x06\
\x06\x00g\x00\x00\xff\xff\x00k\xff\xec\x04]\x07.\x06\
&\x00\x04\x00\x00\x00\x07\x01`\x004\x01p\xff\xff\x00\
\x8f\xff\xec\x043\x05\xd7\x06&\x00\x1e\x00\x00\x00\x06\x01\
`\x1d\x19\xff\xff\x00d\xff\xeb\x04\x5c\x07.\x06&\x00\
\x08\x00\x00\x00\x07\x01`\x00\x19\x01p\xff\xff\x00\x8c\xfe\
V\x04\x1d\x05\xd7\x06&\x00\x22\x00\x00\x00\x06\x01`\xf6\
\x19\xff\xff\xff\xba\x00\x00\x04)\x06\x16\x06&\x00)\x00\
\x00\x00\x07\x00m\xfd\xed\x00\x00\xff\xff\x00v\xfe$\x04\
i\x05\xc4\x06&\x00\x14\x00\x00\x00\x07\x01h\x00\xb5\xfe\
\xce\xff\xff\x00\xaf\xfe%\x046\x04N\x06&\x00.\x00\
\x00\x00\x07\x01h\x00\xa8\xfe\xcf\xff\xff\x00L\xfe.\x04\
\x84\x05\xb0\x06&\x00\x15\x00\x00\x00\x07\x01h\x00\xa3\xfe\
\xd8\xff\xff\x00\x8e\xfe.\x04)\x05@\x06&\x00/\x00\
\x00\x00\x07\x01h\x01\x05\xfe\xd8\xff\xff\x00L\xfeM\x04\
\x84\x05\xb0\x06&\x00\x15\x00\x00\x00\x06\x01f?\x00\xff\
\xff\x00]\xfeO\x04i\x04\x8d\x06&\x02a\x00\x00\x00\
\x06\x01f0\x02\xff\xff\x00\x8e\xfeM\x04)\x05@\x06\
&\x00/\x00\x00\x00\x07\x01f\x00\xa1\x00\x00\xff\xff\xff\
\xe7\x00\x00\x04S\x04\x8d\x06&\x02R\x00\x00\x00\x07\x02\
j\xfe\xb2\xffx\xff\xff\xff\xe7\x00\x00\x04S\x04\x8d\x06\
&\x02R\x00\x00\x00\x07\x02j\xfe\xb2\xffx\xff\xff\x00\
]\x00\x00\x04i\x04\x8d\x06&\x02a\x00\x00\x00\x06\x02\
j\xf3\xe0\xff\xff\x006\x00\x00\x04\x8e\x05\xff\x06&\x02\
O\x00\x00\x00\x06\x01Z\x8b6\xff\xff\x006\x00\x00\x04\
\x8e\x05\xfc\x06&\x02O\x00\x00\x00\x06\x01[w3\xff\
\xff\x006\x00\x00\x04\x8e\x06$\x06&\x02O\x00\x00\x00\
\x06\x01\x5cy7\xff\xff\x006\x00\x00\x04\x8e\x06.\x06\
&\x02O\x00\x00\x00\x07\x01]\x00\x85\x00=\xff\xff\x00\
6\x00\x00\x04\x8e\x05\xfc\x06&\x02O\x00\x00\x00\x06\x01\
a\x017\xff\xff\x006\x00\x00\x04\x8e\x06g\x06&\x02\
O\x00\x00\x00\x07\x01b\x00\x00\x00\x80\xff\xff\x006\x00\
\x00\x04\x8e\x06\xf4\x06&\x02O\x00\x00\x00\x07\x02k\xff\
\xee\x00\x82\xff\xff\x00n\xfeJ\x046\x04\x9d\x06&\x02\
Q\x00\x00\x00\x06\x01f*\xfd\xff\xff\x00\xc8\x00\x00\x04\
#\x05\xff\x06&\x02S\x00\x00\x00\x07\x01Z\xffm\x00\
6\xff\xff\x00\xc8\x00\x00\x04#\x05\xfc\x06&\x02S\x00\
\x00\x00\x06\x01[Y3\xff\xff\x00\xc8\x00\x00\x04#\x06\
$\x06&\x02S\x00\x00\x00\x06\x01\x5c[7\xff\xff\x00\
\xc8\x00\x00\x04#\x05\xfc\x06&\x02S\x00\x00\x00\x06\x01\
a\xe47\xff\xff\x00\xd9\x00\x00\x04\x10\x05\xe3\x06&\x02\
W\x00\x00\x00\x06\x01Z\xa6\x1a\xff\xff\x00\xd9\x00\x00\x04\
\x10\x05\xe0\x06&\x02W\x00\x00\x00\x07\x01[\x00\x92\x00\
\x17\xff\xff\x00\xd9\x00\x00\x04\x10\x06\x08\x06&\x02W\x00\
\x00\x00\x07\x01\x5c\x00\x94\x00\x1b\xff\xff\x00\xd9\x00\x00\x04\
\x10\x05\xe0\x06&\x02W\x00\x00\x00\x06\x01a\x1c\x1b\xff\
\xff\x00\xc2\x00\x00\x04\x16\x06.\x06&\x02\x5c\x00\x00\x00\
\x07\x01]\x00\xdc\x00=\xff\xff\x00\x82\xff\xf0\x04J\x05\
\xff\x06&\x02]\x00\x00\x00\x06\x01Z\xad6\xff\xff\x00\
\x82\xff\xf0\x04J\x05\xfc\x06&\x02]\x00\x00\x00\x07\x01\
[\x00\x99\x003\xff\xff\x00\x82\xff\xf0\x04J\x06$\x06\
&\x02]\x00\x00\x00\x07\x01\x5c\x00\x9b\x007\xff\xff\x00\
\x82\xff\xf0\x04J\x06.\x06&\x02]\x00\x00\x00\x07\x01\
]\x00\xa7\x00=\xff\xff\x00\x82\xff\xf0\x04J\x05\xfc\x06\
&\x02]\x00\x00\x00\x06\x01a#7\xff\xff\x00\xb5\xff\
\xf0\x04+\x05\xff\x06&\x02b\x00\x00\x00\x06\x01Z\xa9\
6\xff\xff\x00\xb5\xff\xf0\x04+\x05\xfc\x06&\x02b\x00\
\x00\x00\x07\x01[\x00\x95\x003\xff\xff\x00\xb5\xff\xf0\x04\
+\x06$\x06&\x02b\x00\x00\x00\x07\x01\x5c\x00\x97\x00\
7\xff\xff\x00\xb5\xff\xf0\x04+\x05\xfc\x06&\x02b\x00\
\x00\x00\x06\x01a\x1f7\xff\xff\x00M\x00\x00\x04\x81\x05\
\xfc\x06&\x02f\x00\x00\x00\x06\x01[b3\xff\xff\x00\
6\x00\x00\x04\x8e\x05\xd6\x06&\x02O\x00\x00\x00\x06\x01\
^\x05&\xff\xff\x006\x00\x00\x04\x8e\x06&\x06&\x02\
O\x00\x00\x00\x06\x01_\x01t\x00\x02\x006\xfeO\x04\
\x91\x04\x8d\x00#\x00(\x00\x00A#\x013\x13!\x13\
\x06\x06\x07\x06\x06\x15\x14\x16\x17\x16\x163267'\
\x06\x06'\x22&54676673\x01\x137\
\x17\x13\x02\xb8\xa5\xfe#\xbcn\x02\x06g\x1e3\x15#\
&\x1e\x1a\x1aF)AU\x1c\x1f\x105 *$\x1c\
\x1a\x16<$#\xfd\x0e\xb0\x18\x18\xaf\x04\x8d\xfbs\x01\
\x17\xfe\xf8\x14,\x17(W,/G\x18\x18\x18\x1c\x10\
y\x08\x13\x01)\x22$A\x1d\x19-\x13\x01\xae\x01\xbf\
<=\xfeB\x00\xff\xff\x00n\xff\xf0\x046\x05\xfc\x06\
&\x02Q\x00\x00\x00\x06\x01[h3\xff\xff\x00n\xff\
\xf0\x046\x06$\x06&\x02Q\x00\x00\x00\x06\x01\x5cj\
7\xff\xff\x00n\xff\xf0\x046\x06%\x06&\x02Q\x00\
\x00\x00\x06\x01d\xf48\xff\xff\x00\xb7\x00\x00\x04S\x06\
%\x06&\x02R\x00\x00\x00\x06\x01d\xbb8\xff\xff\x00\
\xc8\x00\x00\x04#\x05\xd6\x06&\x02S\x00\x00\x00\x06\x01\
^\xe8&\xff\xff\x00\xc8\x00\x00\x04#\x06&\x06&\x02\
S\x00\x00\x00\x06\x01_\xe4t\xff\xff\x00\xc8\x00\x00\x04\
#\x05\xf5\x06&\x02S\x00\x00\x00\x06\x01`\xe47\x00\
\x01\x00\xc8\xfeO\x04#\x04\x8d\x00(\x00\x00A5!\
\x11!5!\x11!\x06\x06\x07\x06\x06\x15\x14\x16\x17\x16\
\x163267'\x06\x06'\x22&54676\
6735!\x11\x03\xc5\xfd\xc0\x02\x98\xfc\xab\x02\x1f\
\x18(\x11\x22%\x1e\x1a\x1aF)AU\x1c\x1f\x105\
 *$\x1d\x1a\x16;$\x87\xfdb\x02\x0e\x98\x01N\
\x99\xfbs\x11&\x13(W*/G\x18\x18\x18\x1c\x10\
y\x08\x13\x01)\x22$B\x1d\x19,\x13\x97\x01w\xff\
\xff\x00\xc8\x00\x00\x04#\x06%\x06&\x02S\x00\x00\x00\
\x06\x01d\xe58\xff\xff\x00|\xff\xf0\x04A\x06$\x06\
&\x02U\x00\x00\x00\x06\x01\x5ct7\xff\xff\x00|\xff\
\xf0\x04A\x06&\x06&\x02U\x00\x00\x00\x06\x01_\xfd\
t\xff\xff\x00|\xfe+\x04A\x04\x9d\x06&\x02U\x00\
\x00\x00\x07\x01h\x00\x9d\xfe\xd5\xff\xff\x00\x9b\x00\x00\x03\
\xf9\x06$\x06&\x02V\x00\x00\x00\x07\x01\x5c\x00\x9e\x00\
7\xff\xff\x00\xd9\x00\x00\x04\x10\x06\x12\x06&\x02W\x00\
\x00\x00\x07\x01]\x00\xa0\x00!\xff\xff\x00\xd9\x00\x00\x04\
\x10\x05\xba\x06&\x02W\x00\x00\x00\x06\x01^ \x0a\xff\
\xff\x00\xd9\x00\x00\x04\x10\x06\x0a\x06&\x02W\x00\x00\x00\
\x06\x01_\x1cX\x00\x01\x00\xd9\xfeO\x04\x10\x04\x8c\x00\
(\x00\x00S\x15!\x11!\x15!\x06\x06\x07\x06\x06\x15\
\x14\x16\x17\x16\x163267'\x06\x06'\x22&5\
467667!5!\x11!5\xd9\x01;\xfe\
\xc5\x01l\x1d0\x13\x1b\x1d\x1e\x1a\x1aF)AU\x1c\
\x1f\x105 *$\x1f\x1c\x15:\x22\x01\x16\xfe\xbd\x01\
C\x04\x8c\xa1\xfc\xb5\xa0\x15/\x19$L&/G\x18\
\x18\x18\x1c\x10y\x08\x13\x01)\x22%D\x1e\x17+\x12\
\xa0\x03K\xa1\x00\xff\xff\x00\xd9\x00\x00\x04\x10\x05\xd9\x06\
&\x02W\x00\x00\x00\x06\x01`\x1c\x1b\xff\xff\x00\x96\xff\
\xf0\x04w\x06$\x06&\x02X\x00\x00\x00\x07\x01\x5c\x01\
Y\x007\xff\xff\x00\xb4\xfe4\x04\x80\x04\x8d\x06&\x02\
Y\x00\x00\x00\x07\x01h\x00k\xfe\xde\xff\xff\x00\xb6\x00\
\x00\x04R\x05\xfc\x06&\x02Z\x00\x00\x00\x07\x01[\xff\
\x1c\x003\xff\xff\x00\xd1\xfe6\x04R\x04\x8d\x06&\x02\
Z\x00\x00\x00\x07\x01h\x00h\xfe\xe0\xff\xff\x00\xd1\x00\
\x00\x04R\x04\x8d\x06&\x02Z\x00\x00\x00\x07\x00m\x00\
\x94\xfew\xff\xff\x00\xd1\x00\x00\x04R\x04\x8d\x06&\x02\
Z\x00\x00\x00\x07\x01`\x00\x19\xfd7\xff\xff\x00\xc2\x00\
\x00\x04\x0f\x05\xfc\x06&\x02\x5c\x00\x00\x00\x07\x01[\x00\
\xce\x003\xff\xff\x00\xc2\xfe2\x04\x0f\x04\x8d\x06&\x02\
\x5c\x00\x00\x00\x07\x01h\x00\xef\xfe\xdc\xff\xff\x00\xc2\x00\
\x00\x04\x0f\x06%\x06&\x02\x5c\x00\x00\x00\x06\x01dY\
8\xff\xff\x00\x82\xff\xf0\x04J\x05\xd6\x06&\x02]\x00\
\x00\x00\x06\x01^'&\xff\xff\x00\x82\xff\xf0\x04J\x06\
&\x06&\x02]\x00\x00\x00\x06\x01_#t\xff\xff\x00\
\x82\xff\xf0\x04\x7f\x06&\x06&\x02]\x00\x00\x00\x07\x01\
c\x00\xa9\x007\xff\xff\x00\x90\x00\x00\x04,\x05\xfc\x06\
&\x02_\x00\x00\x00\x06\x01[\x1e3\xff\xff\x00\x90\xfe\
6\x04,\x04\x8d\x06&\x02_\x00\x00\x00\x07\x01h\x00\
E\xfe\xe0\xff\xff\x00\x90\x00\x00\x04,\x06%\x06&\x02\
_\x00\x00\x00\x06\x01d\xaa8\xff\xff\x00\x8a\xff\xf0\x04\
9\x05\xfc\x06&\x02`\x00\x00\x00\x06\x01[q3\xff\
\xff\x00\x8a\xff\xf0\x049\x06$\x06&\x02`\x00\x00\x00\
\x06\x01\x5cs7\xff\xff\x00\x8a\xfeM\x049\x04\x9d\x06\
&\x02`\x00\x00\x00\x06\x01f=\x00\xff\xff\x00\x8a\xff\
\xf0\x049\x06%\x06&\x02`\x00\x00\x00\x06\x01d\xfd\
8\xff\xff\x00]\x00\x00\x04i\x06%\x06&\x02a\x00\
\x00\x00\x06\x01d\xf98\xff\xff\x00\xb5\xff\xf0\x04+\x06\
.\x06&\x02b\x00\x00\x00\x07\x01]\x00\xa3\x00=\xff\
\xff\x00\xb5\xff\xf0\x04+\x05\xd6\x06&\x02b\x00\x00\x00\
\x06\x01^#&\xff\xff\x00\xb5\xff\xf0\x04+\x06&\x06\
&\x02b\x00\x00\x00\x06\x01_\x1ft\xff\xff\x00\xb5\xff\
\xf0\x04+\x06g\x06&\x02b\x00\x00\x00\x07\x01b\x00\
\x1e\x00\x80\xff\xff\x00\xb5\xff\xf0\x04{\x06&\x06&\x02\
b\x00\x00\x00\x07\x01c\x00\xa5\x007\x00\x01\x00\xb5\xfe\
\x8c\x04+\x04\x8d\x009\x00\x00A#\x03\x06\x06\x07\x06\
\x06#\x22&'&&'\x03#\x03\x16\x16\x17\x16\x16\
3223\x06\x06\x07\x06\x06\x15\x14\x16\x17\x16\x163\
267'\x06\x06'\x22&5467667\
665\x04*\xb7\x01\x01%!\x22_;;_!\
\x22%\x01\x01\xb5\x01\x01F<;\xa0\x5c\x01\x02\x01\x0b\
\x13\x08\x0f\x10\x1e\x1a\x1aF)AU\x1c\x1f\x105 \
*$\x0c\x0c\x0f0 f\x7f\x04\x8d\xfc\xf4;] \
 \x22\x22  ];\x03\x0c\xfc\xf4`\x95336\
\x0e\x1b\x0e\x1b8\x1c/G\x18\x18\x18\x1c\x10y\x08\x13\
\x01)\x22\x18,\x15\x1b1\x15+\xc1y\x00\xff\xff\x00\
/\x00\x00\x04\xbb\x06$\x06&\x02d\x00\x00\x00\x07\x01\
\x5c\x00\x8a\x007\xff\xff\x00M\x00\x00\x04\x81\x06$\x06\
&\x02f\x00\x00\x00\x06\x01\x5cd7\xff\xff\x00M\x00\
\x00\x04\x81\x05\xfc\x06&\x02f\x00\x00\x00\x06\x01a\xed\
7\xff\xff\x00\xb9\x00\x00\x04B\x05\xfc\x06&\x02g\x00\
\x00\x00\x07\x01[\x00\xa0\x003\xff\xff\x00\xb9\x00\x00\x04\
B\x05\xf5\x06&\x02g\x00\x00\x00\x06\x01`*7\xff\
\xff\x00\xb9\x00\x00\x04B\x06%\x06&\x02g\x00\x00\x00\
\x06\x01d+8\xff\xff\x00Q\x00\x00\x04\x90\x06z\x06\
&\x00\x02\x00\x00\x00\x07\x01x\xfe\xc0\x00\x00\xff\xff\xff\
\xdd\x00\x00\x04f\x06z\x04&\x00\x062\x00\x00\x07\x01\
x\xfd\xb4\x00\x00\xff\xff\xff\xcb\x00\x00\x04q\x06|\x04\
&\x00\x092\x00\x00\x07\x01x\xfd\xa2\x00\x02\xff\xff\xff\
\xba\x00\x00\x04P\x06{\x04&\x00\x0a2\x00\x00\x07\x01\
x\xfd\x91\x00\x01\xff\xff\xff\xff\xff\xec\x04k\x06z\x04\
&\x00\x10\x0a\x00\x00\x07\x01x\xfd\xd6\x00\x00\xff\xff\xff\
\x80\x00\x00\x04\xab\x06z\x04&\x00\x1a2\x00\x00\x07\x01\
x\xfdW\x00\x00\xff\xff\xff\xfb\x00\x00\x04v\x06z\x04\
&\x01\x84\x0a\x00\x00\x07\x01x\xfd\xd2\x00\x00\xff\xff\x00\
\xb8\xff\xec\x04:\x06z\x06&\x01\x8d\x00\x00\x00\x06\x01\
y\xe4\xbb\xff\xff\x00Q\x00\x00\x04\x90\x05\xb0\x06\x06\x00\
\x02\x00\x00\xff\xff\x00\xac\x00\x00\x04`\x05\xb0\x06\x06\x00\
\x03\x00\x00\xff\xff\x00\xb6\x00\x00\x044\x05\xb0\x06\x06\x00\
\x06\x00\x00\xff\xff\x00r\x00\x00\x047\x05\xb0\x06\x06\x00\
\x1b\x00\x00\xff\xff\x00\x8d\x00\x00\x04?\x05\xb0\x06\x06\x00\
\x09\x00\x00\xff\xff\x00\xae\x00\x00\x04\x1e\x05\xb0\x06\x06\x00\
\x0a\x00\x00\xff\xff\x00\xac\x00\x00\x04\xa4\x05\xb0\x06\x06\x00\
\x0c\x00\x00\xff\xff\x00\x94\x00\x00\x04L\x05\xb0\x06\x06\x00\
\x0e\x00\x00\xff\xff\x00\x8f\x00\x00\x04>\x05\xb0\x06\x06\x00\
\x0f\x00\x00\xff\xff\x00j\xff\xec\x04a\x05\xc4\x06\x06\x00\
\x10\x00\x00\xff\xff\x00\xbf\x00\x00\x04y\x05\xb0\x06\x06\x00\
\x11\x00\x00\xff\xff\x00L\x00\x00\x04\x84\x05\xb0\x06\x06\x00\
\x15\x00\x00\xff\xff\x00=\x00\x00\x04y\x05\xb0\x06\x06\x00\
\x1a\x00\x00\xff\xff\x00W\x00\x00\x04\x8f\x05\xb0\x06\x06\x00\
\x19\x00\x00\xff\xff\x00\xae\x00\x00\x04\x1e\x07 \x06&\x00\
\x0a\x00\x00\x00\x07\x01a\xff\xd2\x01[\xff\xff\x00=\x00\
\x00\x04y\x07\x1f\x06&\x00\x1a\x00\x00\x00\x07\x01a\xff\
\xfc\x01Z\xff\xff\x00\x81\xff\xeb\x04\x8a\x06~\x06&\x01\
\x85\x00\x00\x00\x06\x01x\x0f\x04\xff\xff\x00\x8b\xff\xec\x04\
`\x06}\x06&\x01\x89\x00\x00\x00\x06\x01x\x14\x03\xff\
\xff\x00\xa4\xfea\x04+\x06~\x06&\x01\x8b\x00\x00\x00\
\x06\x01x\x1c\x04\xff\xff\x00\xb8\xff\xec\x04:\x06j\x06\
&\x01\x8d\x00\x00\x00\x06\x01x\x0e\xf0\xff\xff\x00\x9e\xff\
\xec\x04?\x06z\x06&\x01\x95\x00\x00\x00\x06\x01y\xc0\
\xbb\xff\xff\x00\xba\x00\x00\x04r\x04:\x06\x06\x00O\x00\
\x00\xff\xff\x00z\xff\xec\x04R\x04N\x06\x06\x00*\x00\
\x00\xff\xff\x00\xbc\xfe`\x04\x10\x04:\x06\x06\x01k\x00\
\x00\xff\xff\x00b\x00\x00\x04e\x04:\x06\x06\x001\x00\
\x00\xff\xff\x00n\x00\x00\x04r\x04:\x06\x06\x003\x00\
\x00\xff\xff\x00\xb8\xff\xec\x04:\x05\xc9\x06&\x01\x8d\x00\
\x00\x00\x06\x01a\x05\x04\xff\xff\x00\x9e\xff\xec\x04?\x05\
\xc9\x06&\x01\x95\x00\x00\x00\x06\x01a\xe2\x04\xff\xff\x00\
z\xff\xec\x04R\x06~\x06&\x00*\x00\x00\x00\x06\x01\
x\x09\x04\xff\xff\x00\x9e\xff\xec\x04?\x06j\x06&\x01\
\x95\x00\x00\x00\x06\x01x\xeb\xf0\xff\xff\x00O\xff\xec\x04\
\x89\x06j\x06&\x01\x98\x00\x00\x00\x06\x01x\x15\xf0\xff\
\xff\x00\xb6\x00\x00\x044\x07 \x06&\x00\x06\x00\x00\x00\
\x07\x01a\x00\x05\x01[\xff\xff\x00\xb5\x00\x00\x040\x07\
 \x06&\x01{\x00\x00\x00\x07\x01[\x00\x80\x01W\x00\
\x01\x00v\xff\xec\x04i\x05\xc4\x00O\x00\x00A\x14\x06\
\x07\x06\x06#\x22&'&&'#\x16\x16\x17\x16\x16\
32676654&'&&'&&'\
&&'&&'4676632\x16\x17\x16\
\x16\x173&&'&&#\x22\x06\x07\x06\x06\x15\x14\
\x16\x17\x16\x16\x17\x16\x16\x17\x16\x16\x17\x16\x16\x03\xa84\
))i6Ds,,8\x09\xbd\x03\x5cJI\xba\
aW\xaeEEW%!!X33n61o\
/0>\x01/('e5Bi&&.\x08\xbe\
\x02RDD\xb0_V\xaaCCSSBA\x9fM\
5s0\x1c.\x0e\x0a\x0b\x01p<W\x1c\x1d\x1b%\
%$iDh\xa389<110\x92bAk\
-,F\x1c\x1c+\x11\x0f(\x1e\x1eW?:X\x1e\
\x1e\x1e)%%g?d\xa299?533\x94\
^^\x8b33F\x19\x11*\x1f\x13/\x1e\x140\xff\
\xff\x00\xae\x00\x00\x04\x1e\x05\xb0\x06\x06\x00\x0a\x00\x00\xff\
\xff\x00\xae\x00\x00\x04\x1e\x07 \x06&\x00\x0a\x00\x00\x00\
\x07\x01a\xff\xd2\x01[\xff\xff\x00b\xff\xec\x04\x16\x05\
\xb0\x06\x06\x00\x0b\x00\x00\xff\xff\x00\xa9\x00\x00\x04\xb6\x05\
\xb0\x06\x06\x02q\x00\x00\xff\xff\x00\xac\x00\x00\x04\xa4\x07\
\x0e\x06&\x00\x0c\x00\x00\x00\x07\x01[\x00~\x01E\xff\
\xff\x00+\xff\xeb\x04\xb5\x07J\x06&\x01\xa8\x00\x00\x00\
\x07\x01_\x00!\x01\x98\xff\xff\x00Q\x00\x00\x04\x90\x05\
\xb0\x06\x06\x00\x02\x00\x00\xff\xff\x00\xac\x00\x00\x04`\x05\
\xb0\x06\x06\x00\x03\x00\x00\xff\xff\x00\xb5\x00\x00\x040\x05\
\xb0\x06\x06\x01{\x00\x00\xff\xff\x00\xb6\x00\x00\x044\x05\
\xb0\x06\x06\x00\x06\x00\x00\xff\xff\x00\xa2\x00\x00\x04*\x07\
>\x06&\x01\xa6\x00\x00\x00\x07\x01_\xff\xf9\x01\x8c\xff\
\xff\x00\x94\x00\x00\x04L\x05\xb0\x06\x06\x00\x0e\x00\x00\xff\
\xff\x00\x8d\x00\x00\x04?\x05\xb0\x06\x06\x00\x09\x00\x00\xff\
\xff\x00j\xff\xec\x04a\x05\xc4\x06\x06\x00\x10\x00\x00\xff\
\xff\x00\xa2\x00\x00\x04*\x05\xb0\x06\x06\x01\x80\x00\x00\xff\
\xff\x00\xbf\x00\x00\x04y\x05\xb0\x06\x06\x00\x11\x00\x00\xff\
\xff\x00k\xff\xec\x04]\x05\xc4\x06\x06\x00\x04\x00\x00\xff\
\xff\x00L\x00\x00\x04\x84\x05\xb0\x06\x06\x00\x15\x00\x00\xff\
\xff\x00E\x00\x00\x04\x87\x05\xb0\x06\x06\x01\x82\x00\x00\xff\
\xff\x00W\x00\x00\x04\x8f\x05\xb0\x06\x06\x00\x19\x00\x00\xff\
\xff\x00\x9c\xff\xec\x046\x04N\x06\x06\x00\x1c\x00\x00\xff\
\xff\x00\x87\xff\xec\x04E\x04N\x06\x06\x00 \x00\x00\xff\
\xff\x00\xa5\x00\x00\x04'\x05\xf3\x06&\x01\xb9\x00\x00\x00\
\x06\x01_\xf4A\xff\xff\x00z\xff\xec\x04R\x04N\x06\
\x06\x00*\x00\x00\xff\xff\x00\xad\xfe`\x04?\x04N\x06\
\x06\x00+\x00\x00\x00\x01\x00\x8f\xff\xec\x043\x04N\x00\
3\x00\x00e\x22&'&&5546766\
32\x16\x17\x16\x16\x1734&'&&#\x22\x06\
\x07\x06\x06\x15\x15\x14\x16\x17\x16\x16326766\
7#\x06\x06\x07\x06\x06\x02{Wu#$\x1f\x1f$\
$uV8a##)\x01\xafB:;\xa1`{\
\xb8=>>>>=\xb8{V\x9e==I\x01\xaf\
\x01-%%_\x82E87\x8bG*F\x8a87\
E&!!W1R\x9054=XJK\xc4k\
*l\xc3JKX;21\x83H-M\x1c\x1d \
\x00\xff\xff\x00D\xfeK\x04\x85\x04:\x06\x06\x004\x00\
\x00\xff\xff\x00n\x00\x00\x04r\x04:\x06\x06\x003\x00\
\x00\xff\xff\x00\x87\xff\xec\x04E\x05\xdf\x06&\x00 \x00\
\x00\x00\x06\x01a\x06\x1a\xff\xff\x00\xb7\x00\x00\x04*\x05\
\xc9\x06&\x01\xb5\x00\x00\x00\x06\x01[s\x00\xff\xff\x00\
\xaf\xff\xec\x046\x04N\x06\x06\x00.\x00\x00\xff\xff\x00\
\xcb\x00\x00\x04U\x05\xc3\x06\x06\x00$\x00\x00\xff\xff\x00\
\xcb\x00\x00\x04U\x05\xc9\x06&\x01m\x00\x00\x00\x06\x01\
a4\x04\xff\xff\x00\xd3\xfeK\x03X\x05\xc3\x06\x06\x00\
%\x00\x00\xff\xff\x00\xa4\x00\x00\x04\x95\x05\xc9\x06&\x01\
\xba\x00\x00\x00\x06\x01['\x00\xff\xff\x00D\xfeK\x04\
\x85\x05\xf4\x06&\x004\x00\x00\x00\x06\x01_\x13B\xff\
\xff\x00h\xff\xf5\x04f\x05\xb0\x04'\x00[\xfe\x82\x00\
\x00\x00\x07\x00[\x01\x9a\x00\x00\xff\xff\x00\xb0\xfeK\x03\
\xfb\x05\xe9\x06&\x01q\x00\x00\x00\x06\x01d`\xfc\xff\
\xff\x01\xcd\x04\x07\x02\xe0\x06\x16\x06\x06\x00m\x00\x00\xff\
\xff\x00\x94\x00\x00\x04L\x07 \x06&\x00\x0e\x00\x00\x00\
\x07\x01[\x00u\x01W\xff\xff\x00]\x00\x00\x04r\x05\
\xde\x06&\x00(\x00\x00\x00\x07\x01[\x00\x9c\x00\x15\xff\
\xff\x00Q\xfe\x86\x04\x90\x05\xb0\x06&\x00\x02\x00\x00\x00\
\x06\x01r%\x00\xff\xff\x00\x9c\xfe\x86\x046\x04N\x06\
&\x00\x1c\x00\x00\x00\x06\x01r\xed\x00\xff\xff\xff\x89\xff\
\xec\x04a\x06V\x06&\x00\x10\x00\x00\x00\x07\x02l\xfd\
\x94\x00\x92\xff\xff\x00\xb6\x00\x00\x044\x07#\x06&\x00\
\x06\x00\x00\x00\x07\x01Z\xff\x8f\x01Z\xff\xff\x00\xa2\x00\
\x00\x04*\x07\x17\x06&\x01\xa6\x00\x00\x00\x07\x01Z\xff\
\x82\x01N\xff\xff\x00\x87\xff\xec\x04E\x05\xe2\x06&\x00\
 \x00\x00\x00\x06\x01Z\x90\x19\xff\xff\x00\xa5\x00\x00\x04\
'\x05\xcc\x06&\x01\xb9\x00\x00\x00\x07\x01Z\xff}\x00\
\x03\xff\xff\x00e\x00\x00\x04r\x05\xb0\x06\x06\x01\x83\x00\
\x00\xff\xff\x00a\xfe(\x04\x80\x04:\x06\x06\x01\x97\x00\
\x00\xff\xff\x00\x1a\x00\x00\x04\xe1\x07B\x06&\x01\xe2\x00\
\x00\x00\x07\x01w\x04Y\x01T\xff\xff\x00@\x00\x00\x04\
`\x06\x19\x06&\x01\xe3\x00\x00\x00\x07\x01w\x04;\x00\
+\xff\xff\x00Y\xfe/\x04p\x05\xc4\x06&\x01\xa5\x00\
\x00\x00\x06\x02n\xf1\x96\xff\xff\x00\x87\xfe9\x04J\x04\
M\x06&\x01\xb8\x00\x00\x00\x06\x02n\x08\xa0\xff\xff\x00\
k\xfe9\x04]\x05\xc4\x06&\x00\x04\x00\x00\x00\x06\x02\
n\xff\xa0\xff\xff\x00\x8f\xfe9\x043\x04N\x06&\x00\
\x1e\x00\x00\x00\x06\x02n\x13\xa0\xff\xff\x00=\x00\x00\x04\
y\x05\xb0\x06\x06\x00\x1a\x00\x00\xff\xff\x00G\xfe`\x04\
\x96\x04:\x06\x06\x01\x87\x00\x00\xff\xff\x00\xae\x00\x00\x04\
\x1e\x05\xb0\x06\x06\x00\x0a\x00\x00\xff\xff\x00\x1d\x00\x00\x04\
\xae\x07J\x06&\x01\xa4\x00\x00\x00\x07\x01_\x00\x0d\x01\
\x98\xff\xff\x00\x11\x00\x00\x04\xac\x05\xf3\x06&\x01\xb7\x00\
\x00\x00\x06\x01_\xf4A\xff\xff\x00\xae\x00\x00\x04\x1e\x05\
\xb0\x06\x06\x00\x0a\x00\x00\xff\xff\x00Q\x00\x00\x04\x90\x07\
J\x06&\x00\x02\x00\x00\x00\x07\x01_\x00\x0f\x01\x98\xff\
\xff\x00\x9c\xff\xec\x046\x06\x08\x06&\x00\x1c\x00\x00\x00\
\x06\x01_\x0bV\xff\xff\x00Q\x00\x00\x04\x90\x07 \x06\
&\x00\x02\x00\x00\x00\x07\x01a\x00\x0f\x01[\xff\xff\x00\
\x9c\xff\xec\x046\x05\xde\x06&\x00\x1c\x00\x00\x00\x06\x01\
a\x0b\x19\xff\xff\x00 \x00\x00\x04\xab\x05\xb0\x06\x06\x00\
H\x00\x00\xff\xff\x00+\xff\xec\x04\xa9\x04N\x06\x06\x00\
I\x00\x00\xff\xff\x00\xb6\x00\x00\x044\x07J\x06&\x00\
\x06\x00\x00\x00\x07\x01_\x00\x05\x01\x98\xff\xff\x00\x87\xff\
\xec\x04E\x06\x09\x06&\x00 \x00\x00\x00\x06\x01_\x06\
W\xff\xff\x00Z\xff\xeb\x04W\x06\xf2\x06&\x02\x10\x00\
\x00\x00\x07\x01a\xff\xfb\x01-\xff\xff\x00\xb1\xff\xec\x04\
_\x04O\x06\x06\x00Q\x00\x00\xff\xff\x00\xb1\xff\xec\x04\
_\x05\xdf\x06&\x00Q\x00\x00\x00\x06\x01a(\x1a\xff\
\xff\x00\x1d\x00\x00\x04\xae\x07 \x06&\x01\xa4\x00\x00\x00\
\x07\x01a\x00\x0d\x01[\xff\xff\x00\x11\x00\x00\x04\xac\x05\
\xc9\x06&\x01\xb7\x00\x00\x00\x06\x01a\xf4\x04\xff\xff\x00\
Y\xff\xeb\x04p\x075\x06&\x01\xa5\x00\x00\x00\x07\x01\
a\xff\xfc\x01p\xff\xff\x00\x87\xff\xed\x04J\x05\xdd\x06\
&\x01\xb8\x00\x00\x00\x06\x01a\x0a\x18\xff\xff\x00\xa2\x00\
\x00\x04*\x06\xee\x06&\x01\xa6\x00\x00\x00\x07\x01^\xff\
\xfd\x01>\xff\xff\x00\xa5\x00\x00\x04'\x05\xa4\x06&\x01\
\xb9\x00\x00\x00\x06\x01^\xf8\xf4\xff\xff\x00\xa2\x00\x00\x04\
*\x07\x14\x06&\x01\xa6\x00\x00\x00\x07\x01a\xff\xf9\x01\
O\xff\xff\x00\xa5\x00\x00\x04'\x05\xc9\x06&\x01\xb9\x00\
\x00\x00\x06\x01a\xf4\x04\xff\xff\x00j\xff\xec\x04a\x07\
5\x06&\x00\x10\x00\x00\x00\x07\x01a\x00\x13\x01p\xff\
\xff\x00z\xff\xec\x04R\x05\xde\x06&\x00*\x00\x00\x00\
\x06\x01a\x00\x19\xff\xff\x00c\xff\xec\x04Z\x05\xc4\x06\
\x06\x01\xe0\x00\x00\xff\xff\x00]\xff\xec\x045\x04N\x06\
\x06\x01\xe1\x00\x00\xff\xff\x00c\xff\xec\x04Z\x07\x1b\x06\
&\x01\xe0\x00\x00\x00\x07\x01a\x00\x14\x01V\xff\xff\x00\
]\xff\xec\x045\x05\xfa\x06&\x01\xe1\x00\x00\x00\x06\x01\
a\xd05\xff\xff\x00r\xff\xec\x04S\x076\x06&\x01\
\xb0\x00\x00\x00\x07\x01a\xff\xf1\x01q\xff\xff\x00\x81\xff\
\xec\x04:\x05\xde\x06&\x01\xc8\x00\x00\x00\x06\x01a\xed\
\x19\xff\xff\x00+\xff\xeb\x04\xb5\x06\xfa\x06&\x01\xa8\x00\
\x00\x00\x07\x01^\x00%\x01J\xff\xff\x00D\xfeK\x04\
\x85\x05\xa5\x06&\x004\x00\x00\x00\x06\x01^\x17\xf5\xff\
\xff\x00+\xff\xeb\x04\xb5\x07 \x06&\x01\xa8\x00\x00\x00\
\x07\x01a\x00!\x01[\xff\xff\x00D\xfeK\x04\x85\x05\
\xca\x06&\x004\x00\x00\x00\x06\x01a\x13\x05\xff\xff\x00\
+\xff\xeb\x04\xb5\x07J\x06&\x01\xa8\x00\x00\x00\x07\x01\
c\x00\xa7\x01[\xff\xff\x00D\xfeK\x04\x85\x05\xf4\x06\
&\x004\x00\x00\x00\x07\x01c\x00\x99\x00\x05\xff\xff\x00\
\xab\x00\x00\x04'\x07 \x06&\x01\xaa\x00\x00\x00\x07\x01\
a\xff\xb3\x01[\xff\xff\x00\x8d\x00\x00\x04'\x05\xc9\x06\
&\x01\xc2\x00\x00\x00\x06\x01a\x1b\x04\xff\xff\x00\x90\x00\
\x00\x04K\x07 \x06&\x01\xae\x00\x00\x00\x07\x01a\xff\
\xe1\x01[\xff\xff\x00\x90\x00\x00\x04?\x05\xc9\x06&\x01\
\xc6\x00\x00\x00\x06\x01aC\x04\xff\xff\x00W\xfeK\x05\
\x16\x05\xb0\x06&\x00\x19\x00\x00\x00\x07\x02o\x02\x04\x00\
\x00\xff\xff\x00n\xfeK\x04\xa5\x04:\x06&\x003\x00\
\x00\x00\x07\x02o\x01\x93\x00\x00\xff\xff\x00\x8b\xff\xec\x04\
\x1c\x06\x00\x06\x06\x00\x1f\x00\x00\xff\xff\x00/\xfeK\x04\
\xe3\x05\xb0\x06&\x01\xa7\x00\x00\x00\x07\x02o\x01\xd1\x00\
\x00\xff\xff\x007\xfeK\x04\xde\x04:\x06&\x01\xbb\x00\
\x00\x00\x07\x02o\x01\xcc\x00\x00\xff\xff\x00Q\xfe\xa8\x04\
\x90\x05\xb0\x06&\x00\x02\x00\x00\x00\x07\x01e\x04\xdf\x00\
\x00\xff\xff\x00\x9c\xfe\xa8\x046\x04N\x06&\x00\x1c\x00\
\x00\x00\x07\x01e\x04\xa3\x00\x00\xff\xff\x00Q\x00\x00\x04\
\x90\x07\xc6\x06&\x00\x02\x00\x00\x00\x07\x01v\x04\xc8\x01\
R\xff\xff\x00\x9c\xff\xec\x046\x06\x84\x06&\x00\x1c\x00\
\x00\x00\x07\x01v\x04\xc4\x00\x10\xff\xff\x00Q\x00\x00\x04\
\xe9\x07\xee\x06&\x00\x02\x00\x00\x00\x07\x02L\xff\xf5\x01\
Y\xff\xff\x00\x9c\xff\xec\x04\xe5\x06\xac\x06&\x00\x1c\x00\
\x00\x00\x06\x02L\xf1\x17\xff\xff\xff\xfc\x00\x00\x04\x90\x07\
\xdd\x06&\x00\x02\x00\x00\x00\x07\x02K\xff\xec\x01H\xff\
\xff\xff\xf8\xff\xec\x046\x06\x9b\x06&\x00\x1c\x00\x00\x00\
\x06\x02K\xe8\x06\xff\xff\x00Q\x00\x00\x04\xbb\x08\x04\x06\
&\x00\x02\x00\x00\x00\x07\x02J\x00\x01\x015\xff\xff\x00\
\x9c\xff\xec\x04\xb8\x06\xc3\x06&\x00\x1c\x00\x00\x00\x06\x02\
J\xfe\xf4\xff\xff\x00Q\x00\x00\x04\x90\x08/\x06&\x00\
\x02\x00\x00\x00\x07\x02I\xff\xf3\x016\xff\xff\x00\x9c\xff\
\xec\x046\x06\xee\x06&\x00\x1c\x00\x00\x00\x06\x02I\xef\
\xf5\xff\xff\x00Q\xfe\xa8\x04\x90\x07H\x06&\x00\x02\x00\
\x00\x00'\x01\x5c\x00\x87\x01[\x00\x07\x01e\x04\xdf\x00\
\x00\xff\xff\x00\x9c\xfe\xa8\x046\x06\x06\x06&\x00\x1c\x00\
\x00\x00'\x01\x5c\x00\x83\x00\x19\x00\x07\x01e\x04\xa3\x00\
\x00\xff\xff\x00Q\x00\x00\x04\x90\x07\xde\x06&\x00\x02\x00\
\x00\x00\x07\x02i\x00\x00\x01T\xff\xff\x00\x9c\xff\xec\x04\
6\x06\x9c\x06&\x00\x1c\x00\x00\x00\x06\x02i\xfc\x12\xff\
\xff\x00Q\x00\x00\x04\x90\x08\x04\x06&\x00\x02\x00\x00\x00\
\x07\x02M\x00\x03\x01z\xff\xff\x00\x9c\xff\xec\x046\x06\
\xc2\x06&\x00\x1c\x00\x00\x00\x06\x02M\x008\xff\xff\x00\
Q\x00\x00\x04\x90\x08L\x06&\x00\x02\x00\x00\x00\x07\x02\
h\xff\xf4\x01I\xff\xff\x00\x9c\xff\xec\x046\x07\x0a\x06\
&\x00\x1c\x00\x00\x00\x06\x02h\xf0\x07\xff\xff\x00Q\x00\
\x00\x04\x90\x08!\x06&\x00\x02\x00\x00\x00\x07\x02m\xff\
\xd4\x01Q\xff\xff\x00\x9c\xff\xec\x046\x06\xdf\x06&\x00\
\x1c\x00\x00\x00\x06\x02m\xd0\x0f\xff\xff\x00Q\xfe\xa8\x04\
\x90\x07J\x06&\x00\x02\x00\x00\x00'\x01_\x00\x0f\x01\
\x98\x00\x07\x01e\x04\xdf\x00\x00\xff\xff\x00\x9c\xfe\xa8\x04\
6\x06\x08\x06&\x00\x1c\x00\x00\x00&\x01_\x0bV\x00\
\x07\x01e\x04\xa3\x00\x00\xff\xff\x00\xb6\xfe\xb2\x044\x05\
\xb0\x06&\x00\x06\x00\x00\x00\x07\x01e\x04\xd2\x00\x0a\xff\
\xff\x00\x87\xfe\xa8\x04E\x04N\x06&\x00 \x00\x00\x00\
\x07\x01e\x04\xe3\x00\x00\xff\xff\x00\xb6\x00\x00\x044\x07\
\xc6\x06&\x00\x06\x00\x00\x00\x07\x01v\x04\xbe\x01R\xff\
\xff\x00\x87\xff\xec\x04E\x06\x85\x06&\x00 \x00\x00\x00\
\x07\x01v\x04\xbf\x00\x11\xff\xff\x00\xb6\x00\x00\x044\x07\
R\x06&\x00\x06\x00\x00\x00\x07\x01]\x00\x89\x01a\xff\
\xff\x00\x87\xff\xec\x04E\x06\x11\x06&\x00 \x00\x00\x00\
\x07\x01]\x00\x8a\x00 \xff\xff\x00\xb6\x00\x00\x04\xdf\x07\
\xee\x06&\x00\x06\x00\x00\x00\x07\x02L\xff\xeb\x01Y\xff\
\xff\x00\x87\xff\xec\x04\xe0\x06\xad\x06&\x00 \x00\x00\x00\
\x06\x02L\xec\x18\xff\xff\xff\xf2\x00\x00\x044\x07\xdd\x06\
&\x00\x06\x00\x00\x00\x07\x02K\xff\xe2\x01H\xff\xff\xff\
\xf3\xff\xec\x04E\x06\x9c\x06&\x00 \x00\x00\x00\x06\x02\
K\xe3\x07\xff\xff\x00\xb6\x00\x00\x04\xb2\x08\x04\x06&\x00\
\x06\x00\x00\x00\x07\x02J\xff\xf8\x015\xff\xff\x00\x87\xff\
\xec\x04\xb3\x06\xc4\x06&\x00 \x00\x00\x00\x06\x02J\xf9\
\xf5\xff\xff\x00\xb6\x00\x00\x044\x08/\x06&\x00\x06\x00\
\x00\x00\x07\x02I\xff\xe9\x016\xff\xff\x00\x87\xff\xec\x04\
E\x06\xef\x06&\x00 \x00\x00\x00\x06\x02I\xea\xf6\xff\
\xff\x00\xb6\xfe\xb2\x044\x07H\x06&\x00\x06\x00\x00\x00\
'\x01\x5c\x00}\x01[\x00\x07\x01e\x04\xd2\x00\x0a\xff\
\xff\x00\x87\xfe\xa8\x04E\x06\x07\x06&\x00 \x00\x00\x00\
&\x01\x5c~\x1a\x00\x07\x01e\x04\xe3\x00\x00\xff\xff\x00\
\xae\x00\x00\x04\x1e\x07\xc6\x06&\x00\x0a\x00\x00\x00\x07\x01\
v\x04\x8a\x01R\xff\xff\x00\xcb\x00\x00\x04U\x06p\x06\
&\x01m\x00\x00\x00\x07\x01v\x04\xed\xff\xfc\xff\xff\x00\
\xae\xfe\xb2\x04\x1e\x05\xb0\x06&\x00\x0a\x00\x00\x00\x07\x01\
e\x04\x9e\x00\x0a\xff\xff\x00\xcb\xfe\xb2\x04U\x05\xc3\x06\
&\x00$\x00\x00\x00\x07\x01e\x05\x06\x00\x0a\xff\xff\x00\
j\xfe\xa0\x04a\x05\xc4\x06&\x00\x10\x00\x00\x00\x07\x01\
e\x04\xdf\xff\xf8\xff\xff\x00z\xfe\x9f\x04R\x04N\x06\
&\x00*\x00\x00\x00\x07\x01e\x04\xcd\xff\xf7\xff\xff\x00\
j\xff\xec\x04a\x07\xdb\x06&\x00\x10\x00\x00\x00\x07\x01\
v\x04\xcc\x01g\xff\xff\x00z\xff\xec\x04R\x06\x84\x06\
&\x00*\x00\x00\x00\x07\x01v\x04\xb9\x00\x10\xff\xff\x00\
j\xff\xec\x04\xed\x08\x03\x06&\x00\x10\x00\x00\x00\x07\x02\
L\xff\xf9\x01n\xff\xff\x00z\xff\xec\x04\xda\x06\xac\x06\
&\x00*\x00\x00\x00\x06\x02L\xe6\x17\xff\xff\x00\x00\xff\
\xec\x04a\x07\xf2\x06&\x00\x10\x00\x00\x00\x07\x02K\xff\
\xf0\x01]\xff\xff\xff\xed\xff\xec\x04R\x06\x9b\x06&\x00\
*\x00\x00\x00\x06\x02K\xdd\x06\xff\xff\x00j\xff\xec\x04\
\xbf\x08\x19\x06&\x00\x10\x00\x00\x00\x07\x02J\x00\x05\x01\
J\xff\xff\x00z\xff\xec\x04\xad\x06\xc3\x06&\x00*\x00\
\x00\x00\x06\x02J\xf3\xf4\xff\xff\x00j\xff\xec\x04a\x08\
D\x06&\x00\x10\x00\x00\x00\x07\x02I\xff\xf7\x01K\xff\
\xff\x00z\xff\xec\x04R\x06\xee\x06&\x00*\x00\x00\x00\
\x06\x02I\xe4\xf5\xff\xff\x00j\xfe\xa0\x04a\x07]\x06\
&\x00\x10\x00\x00\x00'\x01\x5c\x00\x8b\x01p\x00\x07\x01\
e\x04\xdf\xff\xf8\xff\xff\x00z\xfe\x9f\x04R\x06\x06\x06\
&\x00*\x00\x00\x00&\x01\x5cx\x19\x00\x07\x01e\x04\
\xcd\xff\xf7\xff\xff\x00c\xff\xec\x04\xc6\x07 \x06&\x00\
\xd8\x00\x00\x00\x07\x01[\x00\x84\x01W\xff\xff\x00w\xff\
\xec\x04\xae\x05\xde\x06&\x015\x00\x00\x00\x06\x01[|\
\x15\xff\xff\x00c\xff\xec\x04\xc6\x07#\x06&\x00\xd8\x00\
\x00\x00\x07\x01Z\xff\x98\x01Z\xff\xff\x00w\xff\xec\x04\
\xae\x05\xe1\x06&\x015\x00\x00\x00\x06\x01Z\x90\x18\xff\
\xff\x00c\xff\xec\x04\xc6\x07\xc6\x06&\x00\xd8\x00\x00\x00\
\x07\x01v\x04\xc7\x01R\xff\xff\x00w\xff\xec\x04\xae\x06\
\x84\x06&\x015\x00\x00\x00\x07\x01v\x04\xbf\x00\x10\xff\
\xff\x00c\xff\xec\x04\xc6\x07R\x06&\x00\xd8\x00\x00\x00\
\x07\x01]\x00\x92\x01a\xff\xff\x00w\xff\xec\x04\xae\x06\
\x10\x06&\x015\x00\x00\x00\x07\x01]\x00\x8a\x00\x1f\xff\
\xff\x00c\xfe\xa8\x04\xc6\x05\xfa\x06&\x00\xd8\x00\x00\x00\
\x07\x01e\x04\xd3\x00\x00\xff\xff\x00w\xfe\x9f\x04\xae\x04\
\xaa\x06&\x015\x00\x00\x00\x07\x01e\x04\xcb\xff\xf7\xff\
\xff\x00\x8b\xfe\xa8\x04B\x05\xb0\x06&\x00\x16\x00\x00\x00\
\x07\x01e\x04\xc8\x00\x00\xff\xff\x00\xb4\xfe\xa8\x04\x1f\x04\
:\x06&\x000\x00\x00\x00\x07\x01e\x04\x9e\x00\x00\xff\
\xff\x00\x8b\xff\xec\x04B\x07\xba\x06&\x00\x16\x00\x00\x00\
\x07\x01v\x04\xe6\x01F\xff\xff\x00\xb4\xff\xec\x04\x1f\x06\
q\x06&\x000\x00\x00\x00\x07\x01v\x04\xb8\xff\xfd\xff\
\xff\x00\x8b\xff\xec\x05\x83\x07 \x06&\x00\xec\x00\x00\x00\
\x07\x01[\x00t\x01W\xff\xff\x00\xb4\xff\xec\x05?\x05\
\xc9\x06&\x01I\x00\x00\x00\x06\x01[v\x00\xff\xff\x00\
\x8b\xff\xec\x05\x83\x07#\x06&\x00\xec\x00\x00\x00\x07\x01\
Z\xff\x88\x01Z\xff\xff\x00\xb4\xff\xec\x05?\x05\xcc\x06\
&\x01I\x00\x00\x00\x06\x01Z\x8a\x03\xff\xff\x00\x8b\xff\
\xec\x05\x83\x07\xc6\x06&\x00\xec\x00\x00\x00\x07\x01v\x04\
\xb7\x01R\xff\xff\x00\xb4\xff\xec\x05?\x06p\x06&\x01\
I\x00\x00\x00\x07\x01v\x04\xb9\xff\xfc\xff\xff\x00\x8b\xff\
\xec\x05\x83\x07R\x06&\x00\xec\x00\x00\x00\x07\x01]\x00\
\x82\x01a\xff\xff\x00\xb4\xff\xec\x05?\x05\xfb\x06&\x01\
I\x00\x00\x00\x07\x01]\x00\x84\x00\x0a\xff\xff\x00\x8b\xfe\
\xa0\x05\x83\x05\xe8\x06&\x00\xec\x00\x00\x00\x07\x01e\x04\
\xcd\xff\xf8\xff\xff\x00\xb4\xfe\xa8\x05?\x04\x93\x06&\x01\
I\x00\x00\x00\x07\x01e\x04\x90\x00\x00\xff\xff\x00=\xfe\
\xb2\x04y\x05\xb0\x06&\x00\x1a\x00\x00\x00\x07\x01e\x04\
\xc3\x00\x0a\xff\xff\x00D\xfe\x0b\x04\x85\x04:\x06&\x00\
4\x00\x00\x00\x07\x01e\x05\xa7\xffc\xff\xff\x00=\x00\
\x00\x04y\x07\xc5\x06&\x00\x1a\x00\x00\x00\x07\x01v\x04\
\xb4\x01Q\xff\xff\x00D\xfeK\x04\x85\x06q\x06&\x00\
4\x00\x00\x00\x07\x01v\x04\xcc\xff\xfd\xff\xff\x00=\x00\
\x00\x04y\x07Q\x06&\x00\x1a\x00\x00\x00\x07\x01]\x00\
\x7f\x01`\xff\xff\x00D\xfeK\x04\x85\x05\xfc\x06&\x00\
4\x00\x00\x00\x07\x01]\x00\x97\x00\x0b\xff\xff\x00|\xfe\
\xed\x04\xe1\x06\x00\x04&\x00\x1f\xf1\x00\x00'\x02j\x01\
/\x02G\x00\x06\x00f!\x84\xff\xff\x00\xa9\xfe\xa0\x04\
\xdf\x05\xb0\x06&\x02q\x00\x00\x00\x07\x02n\x02 \x00\
\x07\xff\xff\x00\xa4\xfe\x99\x04\xba\x04:\x06&\x01\xba\x00\
\x00\x00\x07\x02n\x01\xfb\x00\x00\xff\xff\x00\x8d\xfe\x99\x04\
\xa8\x05\xb0\x06&\x00\x09\x00\x00\x00\x07\x02n\x01\xe9\x00\
\x00\xff\xff\x00\xa5\xfe\x99\x04\xb0\x04:\x06&\x01\xbd\x00\
\x00\x00\x07\x02n\x01\xf1\x00\x00\xff\xff\x00L\xfe\x99\x04\
\x84\x05\xb0\x06&\x00\x15\x00\x00\x00\x07\x02n\x00\x8c\x00\
\x00\xff\xff\x00h\xfe\x99\x04{\x04:\x06&\x01\xbf\x00\
\x00\x00\x07\x02n\x00\x95\x00\x00\xff\xff\x00W\xfe\x99\x04\
\xe7\x05\xb0\x06&\x00\x19\x00\x00\x00\x07\x02n\x02(\x00\
\x00\xff\xff\x00n\xfe\x99\x04v\x04:\x06&\x003\x00\
\x00\x00\x07\x02n\x01\xb7\x00\x00\xff\xff\x00\xab\xfe\x99\x04\
\xb0\x05\xb0\x06&\x01\xaa\x00\x00\x00\x07\x02n\x01\xf1\x00\
\x00\xff\xff\x00\x8d\xfe\x99\x04\xb0\x04:\x06&\x01\xc2\x00\
\x00\x00\x07\x02n\x01\xf1\x00\x00\xff\xff\x00\xab\xfe\x99\x04\
'\x05\xb0\x06&\x01\xaa\x00\x00\x00\x07\x02n\x00\xde\x00\
\x00\xff\xff\x00\x8d\xfe\x99\x04'\x04:\x06&\x01\xc2\x00\
\x00\x00\x07\x02n\x00\xdd\x00\x00\xff\xff\x00\xb5\xfe\x99\x04\
0\x05\xb0\x06&\x01{\x00\x00\x00\x07\x02n\xff:\x00\
\x00\xff\xff\x00\xb7\xfe\x99\x04*\x04:\x06&\x01\xb5\x00\
\x00\x00\x07\x02n\xff\x0b\x00\x00\xff\xff\x00\x1d\xfe\x99\x04\
\xfb\x05\xb0\x06&\x01\xa4\x00\x00\x00\x07\x02n\x02<\x00\
\x00\xff\xff\x00\x11\xfe\x99\x04\xef\x04:\x06&\x01\xb7\x00\
\x00\x00\x07\x02n\x020\x00\x00\xff\xff\x00&\xfe;\x04\
\x89\x05\xc3\x06&\x02\x0a\x00\x00\x00\x07\x02n\x00\xbf\xff\
\xa2\xff\xff\x00&\xfe;\x04\x85\x04N\x06&\x02\x0b\x00\
\x00\x00\x07\x02n\x00\x9b\xff\xa2\xff\xff\x00\xae\x00\x00\x04\
,\x06\x00\x06\x06\x00#\x00\x00\x00\x02\x00\x12\x00\x00\x04\
@\x04:\x00\x18\x00'\x00\x00A5!5#\x15#\
\x153\x11!2676654&'&&#\
!5\x11!2\x16\x17\x16\x16\x15\x14\x06\x07\x06\x06#\
!\x02\x8f\xfe\xcf\xb9\x93\x93\x02\x04a\x984467\
44\x97a\xfe\xb5\x01K:S\x1b\x1b\x1a\x19\x1b\x1b\
T:\xfe\xb5\x03#\x97\x80\x80\x97\xfc\xdd4.-}\
HIz,,1\x83\xfe\xe6!\x1a\x1bC#$B\
\x19\x19\x1e\x00\x02\xff\xd4\x00\x00\x04Q\x05\xb0\x00\x18\x00\
'\x00\x00A5#5#\x15#\x153\x11!26\
76654&'&&#!5\x11!2\x16\
\x17\x16\x16\x15\x14\x06\x07\x06\x06#!\x02Q\xf0\xb9\xd4\
\xd4\x01\xc3t\xb5>>AA>>\xb5t\xfe\xf6\x01\
\x0aNq%%##%%qN\xfe\xf6\x04P\x97\
\xc9\xc9\x97\xfb\xb0?99\xa0`a\x9c87<\xf7\
\xfer+$%c89g''.\x00\x00\x02\xff\
\xd4\x00\x00\x04Q\x05\xb0\x00\x18\x00'\x00\x00A5#\
5#\x15#\x153\x11!2676654&\
'&&#!5\x11!2\x16\x17\x16\x16\x15\x14\x06\
\x07\x06\x06#!\x02Q\xf0\xb9\xd4\xd4\x01\xc3t\xb5>\
>AA>>\xb5t\xfe\xf6\x01\x0aNq%%#\
#%%qN\xfe\xf6\x04P\x97\xc9\xc9\x97\xfb\xb0?\
99\xa0`a\x9c87<\xf7\xfer+$%c\
89g''.\x00\x00\x01\xff\xfd\x00\x00\x040\x05\
\xb0\x00\x0d\x00\x00A5!\x11!5!\x11#\x153\
\x113\x11\x02z\xfe\xf5\x02\xc1\xfc\x85\xb8\xb8\xba\x02\xac\
\x97\x01\xd5\x98\xfd\x93\x97\xfdT\x02\xac\x00\x01\xff\xfb\x00\
\x00\x04*\x04:\x00\x0d\x00\x00A5!\x11!5!\
\x11#\x153\x113\x11\x02x\xfe\xf9\x02\xb9\xfc\x8d\xbc\
\xbc\xba\x01\xdf\x97\x01+\x99\xfe<\x97\xfe!\x01\xdf\x00\
\x01\xff\xff\x00\x00\x04\xc0\x05\xb0\x00\x14\x00\x00A\x013\
\x01\x01#\x01#\x11!5!5#\x15#\x153\x11\
3\x11\x02\x17\x01\xc6\xe3\xfd\xe8\x01\xef\xd4\xfeE\x9c\x01\
\x10\xfe\xf0\xb9\xb4\xb4\xb9\x02\x93\xfdm\x02\xef\x02\xc1\xfd\
z\x01?\x97\xb0\xb0\x97\xfb\x97\x02\x93\x00\x01\xff\xe9\x00\
\x00\x04t\x06\x00\x00\x14\x00\x00s3\x117\x013\x01\
\x01#\x01\x07\x1135#5#\x15#\x153\xba\xba\
\x88\x01\x8d\xeb\xfe\x07\x01\xb6\xe1\xfe\x9dy\xf2\xf2\xba\xd1\
\xd1\x01v\x83\xfe\x07\x02w\x01\xc3\xfe\x9c\x82\x02m\x97\
\xa8\xa8\x97\xff\xff\x00\xa2\xfe\x8a\x04\xe3\x07>\x06&\x01\
\xa6\x00\x00\x00'\x01_\xff\xf9\x01\x8c\x00\x07\x00_\x02\
`\xff\xda\xff\xff\x00\xa5\xfe\x8a\x04\xe0\x05\xf3\x06&\x01\
\xb9\x00\x00\x00&\x01_\xf4A\x00\x07\x00_\x02]\xff\
\xda\xff\xff\x00\x8d\xfe\x8a\x04\xd8\x05\xb0\x06&\x00\x09\x00\
\x00\x00\x07\x00_\x02U\xff\xda\xff\xff\x00\xa5\xfe\x8a\x04\
\xe0\x04:\x06&\x01\xbd\x00\x00\x00\x07\x00_\x02]\xff\
\xda\xff\xff\x00\x94\xfe\x8a\x05\x02\x05\xb0\x06&\x00\x0e\x00\
\x00\x00\x07\x00_\x02\x7f\xff\xda\xff\xff\x00\x89\xfe\x8a\x04\
\xe4\x04:\x06&\x01\xbc\x00\x00\x00\x07\x00_\x02a\xff\
\xda\xff\xff\x00/\xfe\x8a\x04\xe4\x05\xb0\x06&\x01\xa7\x00\
\x00\x00\x07\x00_\x02a\xff\xda\xff\xff\x007\xfe\x8a\x04\
\xdf\x04:\x06&\x01\xbb\x00\x00\x00\x07\x00_\x02\x5c\xff\
\xda\x00\x01\x00=\x00\x00\x04y\x05\xb0\x00\x11\x00\x00A\
5#\x01#\x01#\x01#\x01#\x153\x17\x133\x13\
7\x03\x9b\xa3\x01\x81\xd2\xfe\xb5\x02\xfe\xb6\xd3\x01\x80\x9f\
\xe2\x02\x03\xac\x03\x02\x02\x12\x97\x03\x07\xfd%\x02\xdb\xfc\
\xf9\x97\x03\xfd\xf1\x02\x10\x02\x00\x00\x01\x00G\xfe`\x04\
\x96\x04:\x00\x11\x00\x00E5#\x01#\x01\x07#'\
\x01#\x01#\x153\x113\x11\x03\xb1\xbc\x01\xa1\xbe\xfe\
\xb3\x1a\x01\x17\xfe\xac\xbe\x01\xa4\xb7\xde\xba\x0b\x97\x03\xae\
\xfc\xf0bb\x03\x10\xfcR\x97\xfek\x01\x95\x00\x01\x00\
W\x00\x00\x04\x8f\x05\xb0\x00\x11\x00\x00A5#\x01#\
\x01\x01#\x01#\x153\x013\x01\x013\x01\x03\xae\x9d\
\x01t\xda\xfe\xc6\xfe\xca\xd9\x01t\xa5\xb2\xfet\xdb\x01\
C\x01B\xd8\xfeu\x02\x9e\x97\x02{\xfd\xc5\x02;\xfd\
\x85\x97\xfdb\x02F\xfd\xba\x02\x9e\x00\x00\x01\x00n\x00\
\x00\x04r\x04:\x00\x11\x00\x00A5#\x01#\x01\x01\
#\x01#\x153\x013\x01\x013\x01\x03\xa2\x8e\x01S\
\xd9\xfe\xdf\xfe\xe2\xd6\x01S\xa7\xb5\xfe\x94\xd8\x01+\x01\
+\xd6\xfe\x94\x01\xe1\x97\x01\xc2\xfeo\x01\x91\xfe>\x97\
\xfe\x1f\x01\x9c\xfed\x01\xe1\x00\xff\xff\x00\x8b\xff\xec\x04\
`\x04M\x06\x06\x01\x89\x00\x00\x00\x01\x00O\x02\x8b\x04\
\x8c\x03\x22\x00\x03\x00\x00A5!\x15\x04\x8c\xfb\xc3\x02\
\x8b\x97\x97\
\x00\x00\x02\xb2\
\x89\
PNG\x0d\x0a\x1a\x0a\x00\x00\x00\x0dIHDR\x00\
\x00\x00`\x00\x00\x00`\x08\x06\x00\x00\x00\xe2\x98w8\
\x00\x00\x00\x09pHYs\x00\x00\x0b\x13\x00\x00\x0b\x13\
\x01\x00\x9a\x9c\x18\x00\x00\x02dIDATx\x9c\xed\
\xdc\xbd\x8f\x0dQ\x1c\xc6\xf1%b\x154*\x91(t\
\x92\xa5\xd2\x22t\x96\x84N\x22JJj5\x7f\x80\xac\
\xc4K\xa5P(\xd5\x0a\xa1\x93h\x05\x85D\xe5%!\
\x0a\x12/\x09Y\xfb\x95\x89I\x96\xbd\xd7\xba3\xe7\xcc\
\xfc2s\xbe\x9f?\xe0\xce\xef<O2\xf7\xce\xdc\x99\
37'I\x92$I\x92$I\x9242\xc0q\xe0\
\x0d\xf0\x0a8\x19=Oq\x80\xd7\xac\xfaa\x09=c\
\xd2w\xe0X\xdfs\x14\x8b\xe9\xbe\x01\x87\xa3g+\xb9\
\x80\xca\x17\xe0@\xf4|\xa3\xc7\xfa>\x01\xfb\xa3g,\
\xb9\x80\xca\x07`!z\xce\xd1b6\xef\x81=\xd1\xb3\
\x96\x5c\x00\xf5u\xc2\xee\xe8yG\x87f^\x02;\xa3\
g.\xb9\x80\xca\x0b`G\xf4\xdc\xa3A;O\x80\xed\
\xd1\xb3\x97\x5c@\xe51\xb0-z\xfe\xc1#\xcd#`\
k\xf4\x1aJ.\xa0r\x1f\xd8\x12\xbd\x8e\xc1\x22\x8f{\
\xc0|\xf4ZJ.\xa0r\x17\xd8\x14\xbd\x9e\xc1!\xaf\
\xdb\xc0\xc6\xe85\x95\x5c@\xe5\x16\xb0!z]\x83A\
7\x96\xfa\x5c\xc0>\xe0*\xf0\xac\xbe\x87\xae\xdf.u\
\x1d\xfc<p\x03\xf8Y\x1fP\x93.v\x19\xfe\xc3)\
\x07\xd4\xa4\xf3]\x14ps\xca\x814\xdd\x0ap6\xf7\
9\xdf\xd3N3\xcb\xc0\xe9\x5c\x05T_\xb8jW\xc2\
\xa9\x1c\x05<oqp\xad>st4\xb5\x80\xcf\xf5\
\x87\xa9\x9d\xea\x99\xa3#)\x05(\xddW\xe0\xa0\x05\xc4\
\xfa\x08\xec\xb2\x80Xw, \xd6;\x0b\x88\xf5\xd6\x02\
by\x0a\x0a\xe4\x97p\xf0\xcf\xd0C\x8d\xc3\xaf\x0b\xf0\
B,\xf8B\xcc[\x11i\xb7\x22\x16[\x87_\x17\xb0\
\x940@\xc9\x96s\xdd\x8c\xdb[\x7f\x98fW\xdd\xbe\
?\x93\x1c\xfe\x1f%\x5cop\xf0\xd2\xad\x00\xe7\xb2\x85\
_\x17\xb0\x19x\x10\xbd\xb2\x81\xb8\x905\xfc5%\x5c\
\xf3t\x14\xf0\xa7\xfc\x9a\x22\x16\x80+\xc0S\x7f\xa2\xfe\
\xe5r\xe7\xe1\x8f\x01C\x7f0k\xe8\xc8\xcfG\x13\x9b\
\xc8\x1c\xbe\x0f\xe76\x951|\x1fOo#S\xf8\xbe\
\xa0\xd1V\x86\xf0}E)Eb\xf8\xbe\xa4\x97*!\
|_S\xcd\xa1e\xf8\xbe\xa8\x9dK\x8b\xf0\xdd\xaa \
\xa7\x86\xe1\xbbYGn\x0d\xc2w\xbb\x9a.\xcc\x18\xbe\
\x1b6ue\x86\xf0\xdd\xb2\xacK\xff\x09\xdfM\xfb\xba\
\xb6N\xf8n[\xd9\x87\x7f\x84\xef\xc6\xad}\x99\x12\xbe\
[\x17\x07o\xde}\xa2\xd7\x01J\x07,\xd6%\xb8}\
\xbd$I\x92$I\x92$I\x9a\xeb\xc3/1,\xd7\
\xb9\xda)\xdc\x0b\x00\x00\x00\x00IEND\xaeB`\
\x82\
\x00\x00\x01\x99\
\x89\
PNG\x0d\x0a\x1a\x0a\x00\x00\x00\x0dIHDR\x00\
\x00\x00`\x00\x00\x00`\x08\x06\x00\x00\x00\xe2\x98w8\
\x00\x00\x00\x09pHYs\x00\x00\x0b\x13\x00\x00\x0b\x13\
\x01\x00\x9a\x9c\x18\x00\x00\x01KIDATx\x9c\xed\
\xdcAJCa\x10\x04\xe1>\x88[\xf1\x88n=\x8f\
\x887\x13\x8c\x17\x18\x19p+D\xf0Y\xcft}'\
\x98\xbf+\x10\x82`\x22I\x92$I\x92$I\x92\xf4\
\x87f\xe6\x89\xbe\xa1z\xfc\x99\x19\xfa\x8e\xea\xf1\x17}\
K\xf5\xf8\x8b\xbe\xa7z\xfcE\xdfT=\xfe\xa2\xef\xaa\
\x1e\x7f\xd1\xb7U\x8f\xbf\xe8\xfb\xaa\xc7_\xf4\x8d\xd5\xe3\
/\xfa\xce\xea\xf1\x17}k\xf5\xf8\x8b\xbe\xb7z\xfcE\
\xdf\x5c=\xfe\xa2\xef\xae\x1e\x7f\xd1\xb7W\x8f\xbf\xe8\xfb\
\xab\xc7_\xf4\x1b\xaa\xc7_\xf4;\xaa\xc7_\xf4[\xaa\
\xc7_\xf4{\xaa\xc7\xbf\x11\x1f3\xf3:3\x0f\x8e\xcf\
z\x9b\x99;\xc7g=;>\xeb\xe2\xf80\xc7\x879\
>\xcc\xf1a\x8e\x0fs|\x98\xe3\xc3\x1c\xff\x1f\x06x\
\xa4\x8f\xae\x0e`\x84\x13\x040\xc2\x09\x02\x18\xe1\x04\x01\
\x8cp\x82\x00F8A\x00#\x9c \x80\x11N\x10\xe0\
+\x82?\xd4\xae\xf7\xfe\xeb\x01\x8c\xf0#/\x87\x040\
\xc2\xd5\x7f\x94\xbf?,\x80\x11\xbeu\xd9O\xfe\xe1\xe3\
\x1f\xf5\xc5\x1c\xb1\x11\x226B\xc4F\x88\xd8\x08\x11\x1b\
!b#Dl\x84\x88\x8d\x10\xb1\x11\x226B\xc4F\
\x88\xd8\x08\x11\x1b!b#Dl\x84\x88\x8d\x10\xb1\x11\
\x226B\xc4\x19\xff}\xbd$I\x92$I\x92$I\
\xca\xed\xf9\x04\x0al\xb0L\x12\x09RQ\x00\x00\x00\x00\
IEND\xaeB`\x82\
\x00\x00\x04\xf1\
\x89\
PNG\x0d\x0a\x1a\x0a\x00\x00\x00\x0dIHDR\x00\
\x00\x00`\x00\x00\x00`\x08\x06\x00\x00\x00\xe2\x98w8\
\x00\x00\x00\x09pHYs\x00\x00\x0b\x13\x00\x00\x0b\x13\
\x01\x00\x9a\x9c\x18\x00\x00\x04\xa3IDATx\x9c\xed\
\x9cM\xa8UU\x14\xc7\xdf\xf3\x0b5J%S+\x0b\
4\xc2 \x14\xaa\x819\xd0\x89:\xc9\x90\xa2\x82\x9c8\
\x0a\x1d\x1a\x089\x0dD\x0bg:\x89\xa6\x9a\x13\xcd\x81\
:Q\xc1\x8f\xc1\x93\xa0\x06ePAIV\xa6\xa6\xa1\
$\xa9\xe8\xd3\xe7/\x16\xec\x03\xaf\xcb\xf3\xbd\xb5\xcfY\
\xe7\x9c\xbd\xcf]?x\x93\xc7\xdd{\xaf\xbd\xfe\xf7\xec\
\xb3\xf6\xff\xec{\x06\x06\x1c\xc7q\x1c\xc7q\x1c\xc7q\
\x1c\xc7q\x1c\xc7q\x1c\xc7\xe9{\x80i\xc0\xa7\xc0%\
\x1c-\x92\xabO$w\x16\x02HGN9vZ\x08\
p\xb9\xe4\xe0\x0e\x5c\xb6\x10\xc0\xa9\x80\x0b\xd02.@\
\xcb\xb8\x00\x1d\x10\xe0n\xdb\x93\xc8\x98\xbb\x16\x02\xbc\x0a\
\xfc\xdc\xf6L2\xe4\x02\xf0ze\x01\x82\x08\x8f\x03\xfb\
\xda\x9eQF\x1c\x04f\x9b$\xbfG\x88\x8d\xc0\xbfm\
\xcf.a\xee\x00[\xcc\x13\xdf#\xc2\x12\xe0\xdb\xb6g\
\x9a ?\x00KkM\xfe(\x11\xa6\x03\xbb\xdb\x9eq\
B\xec\x05f6\x92\xfc\x1e!\xde\x02n\xd0\xbf\xdc\x04\
\xdeo<\xf1=\x22<\x0f\x0c\xd1\x7f|\x0d\xbc\xd0D\
\x82?P|f*\xb0\x0bxH\xf7y\x18\xe6:\xd5\
\x22w\x1a\x01\x84C\xc0\x1c\xc5gWw\xdc=\xbd\x06\
\xbc\xa1,\xdb\xf7K\x03+\x01\x84\xdf\x80\x15\x8a\xcf\xcf\
\x03\x8e\xd1=N\x01\xcf(\xe6\xff\x1a\xf0K\xd1\xc8R\
\x00\xe1>\xf010i\x826\x83R\x0f\x03\xc3\xe4\xcf\
\x830\xe7\xc9\xca9\xdf\x1b\xdd\xd8Z\x80\x82\x13\xc0|\
E\xdb\xe5\xc0\xaf\xe4\xcbE`\xa5b\x9es\x81\xa3c\
uP\x97\x00\xc2_\xc0ZE\xfbY\xc0\x01\xf2\xe30\
\xf0\xa4b~\xab\x80?\x1f\xd5I\x9d\x02\xa8/\xcf\xd0\
\xcf\xa6L\x9c\xd5a`\x9b,)\x16\xcbl\xdd\x02\x14\
\x9c\x06\x9e\xed\x80\xb3zA\xe3`\xca\xf2\x0b\x1c\xd7t\
\xd8\x94\x00\xc2\xdf\xc0\xba\x8c\x9d\xd5\x83\x1a\x07\x13X\x03\
\x5c\xd1v\xda\xa4\x00\xc5&e\xb7\xe6<LpVo\
\x91\x89\x83\x09L\x09\xcb\xedHL\xe7M\x0bP\xf0\x8d\
f\x9b\x0e\xbc\x04|G{\xfc\xa8q0\x83\xddr\xb6\
\xcc\x00m\x09P\x18U\x1b\x12vV\xf7j\x1cL\xe0\
\xed*\x86c\x9b\x024:Qk\x07\xd3\xea\x8b\x91\x82\
\x00\xb1\x97\xfa\x10\xf5\xd1\xf8\xd2\x98\x8a\x00\xb5\xdf\xecR\
-\x0eR\x12\xa0\xe0Ke\xb9\xb7:\xa6\xdc\x9b\xa0<\
\xd6:\x98_`L\x8a\x02\xc4lx\xe6UtVO\
+\x1d\xcc\xda6\x88\xa9\x0a`\xbe\xe5O\xd5\x22IY\
\x80X\xd3K\xeb\xac\x8a\x83\xb9*\x15\x930\x07\x01b\
l\xdf\x89\x92v\xc4X\xcc\xbe\x11\xa0\xb0\xb7\x17*\xe2\
\x91%\xe9\xc3\x9e\x07\x1f\xf7\xc2\xff\x06\x15\xed\x17\x86\xb1\
\x1a!\x17\x01\x0e\xc8\x0d72\xae\xe2\xc6\x19}\x06S\
\x9eo\x03\x9f7q\x88 :\xe1c\x04['\xe75\
\x0fu\xc6\x89\xed\x09\xf9\xab\xd0~m\x88\xa16\xca\xc6\
6:\xc8:\xb8\x1f6F\x8fU\x0e\xb0\xfa\xfcf\x84\
\x8a\xe9\x7f\xcfr\xad\xb0\x08\xd0\x9a\xaf\x80e\xca\xb1\x17\
\x03\x9f\x01\x8bJ\xc4\xbd(\xb4]\xac\xfc\xfc\xb2\x10\x9b\
)\xb1q\x8f\x15\x98\x15\xb7B\xdd?YiGl\x19\
u\x12;\xea\x08`\x8f\xb1w'|\xc3\xa7)o\xf0\
\x9b\xc2x&hc\x1e/(\x0b\xe4\xc4\xc0s\xca\xf1\
^\x09\xa6Y\xb4\xb3:\x81\x83yN\xcaOe\x0cO\
\x87\xb1*\x13\x93\xebG\x05S\x059%\xf7\xaer\x9c\
\x99\xe1\x17\xf9\xb2\x8b\x8dvV\x95\x0e\xe6H\xa8~T\
7n\xe0M\xe0\xf7*\x09(\x93\xf3\xde \xca \x13\
\xdd\x131\xd1\xf5\xc0\x1f\x91\xcb\xd9V\xe0\xa9\xf0\xb75\
\xd2\xc1\x94\xb1\xd6GTZ{\xca\xba\xb3m\x08\xf0\xbd\
\xb6.\x07\x16X]\xea-/\x8dI\x08\x10{\xb3\xdb\
\x08\x5c\xa7}\xfe\x097\xfc2\xc5A2\x02\x9c\x91\x9f\
.)\xfb{1\x1ctM\x0dy\xe8\xferD\x89{\
,\x05\x01\xae\x87\xb2mP\xf9\x1b\x82m\x89\x9f\x8e\x1b\
\x0e\x85\xc0ten\xde\x03\xae\xb6%\x80\xf87s\x95\
}\xac\x04~\x22\x1f\xcek-\x12y\xba7\x9e\xafT\
\x87\x00\x12\xdc\x1a\x8b\xe02 \xf6K&%rm\x02\
\x98_\x9e\x99Pi\x99\xb5\x12`\xa8\x8e\x1bTf\xc4\
\x16\x1a'\xad\x04\xd8\xacT_J\xb4\x8f\x80\xdbt\x97\
\xdba\x8eS\x94\xa5\xf6\xe6\x81&(\xbbI\xc9\x98s\
f/\xe2\xa8\x98x\xad\x7f\xd3EFb|\xa5:\x92\
\xbf\xae\xaaQ\xd5\xa1WT\xbe\xd3d\xe2\xdb\xf6oR\
E\xed+\x95M|J\xfeM\xaa\xa8}\xa5\xd8\xe4\xa7\
\xea\xdf\xa4\x8a\xdaW\xd2$\x7f{]\x0f\xac;\x8e\xe4\
l\xbb\x85\x00N\x05,\x04\xf0\x97v\x97\xe7\xa2\x85\x00\
;+\x04\xd0\xef\xec\xb0z}\xbd\x88\xe0W\x82\x1ey\
u\xc1\x0e\x93\xd7\xd7;\x8e\xe38\x8e\xe38\x8e\xe38\
\x8e\xe38\x8e\xe38\x8e3\x90;\xff\x01|HR\x9f\
\x90V[\x94\x00\x00\x00\x00IEND\xaeB`\x82\
\
\x00\x00,\xa1\
\x89\
PNG\x0d\x0a\x1a\x0a\x00\x00\x00\x0dIHDR\x00\
\x00\x02\x00\x00\x00\x02\x00\x08\x06\x00\x00\x00\xf4x\xd4\xfa\
\x00\x00,hIDATx\x9c\xed\xddw\xb8\x9dU\
\x99\xf7\xf1\xefI#\xb4\x10:\x02B\x00\xd1\xd0Ai\
\xd2U`\xb0!R\x14T\xc4\xae3*3\xe3+\x16\
TF\xc7.\x8e:\xce8\x8eX\xc724\xb1!M\
\x05G\xa4\x8a\x884\x95\x1e\x81\xd0!$\x84\x9ar\xde\
?\xee\x83\x02\x12\xb2\xcf9\xfb~\xd6\xb3\x9f\xf5\xfd\x5c\
\xd7\xbeN\xf4\xd2{-\xc8>{\xfd\xf6zV\x19\x1a\
\x1e\x1eF\x92$\xd5eB\xe9\x0eH\x92\xa4\xe6\x19\x00\
$I\xaa\x90\x01@\x92\xa4\x0a\x19\x00$I\xaa\x90\x01\
@\x92\xa4\x0a\x19\x00$I\xaa\x90\x01@\x92\xa4\x0a\x19\
\x00$I\xaa\x90\x01@\x92\xa4\x0a\x19\x00$I\xaa\x90\
\x01@\x92\xa4\x0a\x19\x00$I\xaa\x90\x01@\x92\xa4\x0a\
\x19\x00$I\xaa\x90\x01@\x92\xa4\x0a\x19\x00$I\xaa\
\x90\x01@\x92\xa4\x0a\x19\x00$I\xaa\x90\x01@\x92\xa4\
\x0a\x19\x00$I\xaa\x90\x01@\x92\xa4\x0a\x19\x00$I\
\xaa\x90\x01@\x92\xa4\x0a\x19\x00$I\xaa\x90\x01@\x92\
\xa4\x0a\x19\x00$I\xaa\x90\x01@\x92\xa4\x0a\x19\x00$\
I\xaa\x90\x01@\x92\xa4\x0a\x19\x00$I\xaa\x90\x01@\
\x92\xa4\x0aM*\xdd\x01I\xe32\x01X\x0bX\x0fX\
w\xe4\xb5&\xb0:\xb0\xda\xc8k%`9`E`\
20\xfdI\xea,\x02\xe6\x01\x0b\x81\xfb\x80\xfb\x81{\
\x809#?\xef\x02f\x037\x03\xb7\x007\x8d\xfc\x1c\
N\xf9\xa7\x92\x94nhx\xd8\xdf_i\x00,\x03l\
\x0el\x05<s\xe45\x13\xd8\x08\x98R\xa8O\x0f\x02\
\xd7\x02\xd7\x8c\xfc\xbc\x02\xb8\x0c\xf8#\xf0H\xa1>I\
\xea\x91\x01@j\x9f\x89\xc0\x96\xc0\xce\xc0\xf6\xc0\xd6\xc0\
&\x0c\xce\x8c\xdd\x02\x22\x04\x5c\x0c\x5c0\xf2\xba\x92\x98\
e\x90\xd4\x12\x06\x00\xa9\xbcI\xc4@\xbf'\xb0+\xb0\
#\xb0B\xd1\x1e\xf5\xdf|\xe0|\xe0\x97#\xaf\xdf\x12\
\x8f\x1b$\x15b\x00\x90\xcaX\x0fx)\xb07\xb0\x07\
0\xadho\x9aw\x1fp\x16p\x0ap*\xb1\xbe@\
R\x83\x0c\x00Rs\xb6\x02\xf6\x03\xf6\x05\x9e]\xb6+\
\xad2\x0c\xfc\x1e\xf8\x09p\x22\xf1\xb8@R2\x03\x80\
\x94kc\xe0\x90\x91\xd7\xcc\xc2}\x19\x14W\x02'\x00\
\xc7\x03W\x15\xee\x8b\xd4Y\x06\x00\xa9\xffV\x02^\x0d\
\xbc\x1e\xd8\xb6p_\x06\xdd\xf9\xc0\xb7\x8800\xb7l\
W\xa4n1\x00H\xfd\xb3\x13\xf0f\xe0\x15\xc4\xbe{\
\xf5\xcf\x83\xc0I\xc0\x7f\x11\xa1@\xd28\x19\x00\xa4\xf1\
Y\x86\x98\xde?\x1c\xd8\xa6p_jq\x09\xf0%\xe0\
X\xe0\x81\xc2}\x91\x06\x96\x01@\x1a\x9b5\x80\xb7\x03\
o\x1b\xf9\xb3\x9aw\x17\xf0\x9fD\x18\xb8\xabp_\xa4\
\x81c\x00\x90Fg]\xe0\xdd\xc4T\xbf\xd3\xfc\xedp\
?\xf0\x0d\xe0\xb3\xc0\x8d\x85\xfb\x22\x0d\x0c\x03\x80\xd4\x9b\
\xf5\x81#\x81\xd7Q\xee\xe8]=\xb5G\x80\xaf\x03\x9f\
 \xee,\x90\xf4\x14\x0c\x00\xd2S[\x1d\xf8\x001\xd5\
\xbfL\xe1\xbe\xa87\x0f\x03\xc7\x10A\xe0\xb6\xc2}\x91\
Z\xcb\x00 =\xb9\x15\x80#\x80w\xd1\xbdcyk\
1\x1f\xf84\xf09\x5c,(\xfd\x0d\x03\x80\xf4xC\
\xc0k\x80O\x01k\x17\xee\x8b\xfac6\xf0A\xe0\xdb\
\xc0\xe2\xc2}\x91Z\xc3\x00 \xfd\xd5\xf6\xc0\x17\x81\x1d\
JwD). vn\xfc\xaetG\xa46\x98P\
\xba\x03R\x0b\xac\x04\xfc;p\x1e\x0e\xfe]\xb6#p\
\x111\x13\xb0Z\xe1\xbeH\xc59\x03\xa0\xda\xbd\x948\
]n\xdd\xd2\x1dQ\xa3n\x07\xde\x01|\xbftG\xa4\
R\x0c\x00\xaa\xd5\x9a\xc4J\xf1}KwDE\x9d\x00\
\xbc\x13\xb8\xa3tG\xa4\xa6\xf9\x08@5:\x08\xb8\x02\
\x07\x7f\xc5\xbd\x0dW\x02\x07\x96\xee\x88\xd44g\x00T\
\x93\xe9\xc4t\xff!\x85\xfb\x91\xed\x0eb\xe5\xfb\x1d\xc0\
\xdd\x8fy=\xc0_o\xd4{x\xe4?\x0f\x11\xff^\
&\x01+\x12g\x1d,7\xf2Z\x89x4\xb2.\xb0\
\x1e0\xb5\xa9\x7f\x80B\xbe\x09\xfc#p_\xe9\x8eH\
M0\x00\xa8\x16;\x00\xc7\x013\x0a\xf7\xa3_\xe6\x13\
\xb3\x18\x97\x11\xdf`\xaf\x07n\x00f\x11G\xe3fX\
\x9d\x08\x03O\x076\x04\xb6\x04\xb6\x066\xa3;\xa7#\
^Gl\x03\xbd\xa0tG\xa4l\x06\x00u\xdd\x10q\
v\xff\xc7\x81\xc9\x85\xfb2V\x0b\x88\x1b\xf0\xce\x1by\
\xfd\x8e\x18\xec\xdb\xb2\xa7}2\x11\x02\xb6&nD\xdc\
\x96\xd8R9\xa9`\x9f\xc6c\x01\xf0^\xe0\x0b\x80\x1f\
\x90\xea,\x03\x80\xbal:\xf0]\xe0\xc5\x85\xfb1Z\
\x8b\x89A\xfe4\xe0Lb\xeb\xda\xa0\x9dd\xb7\x22\xb0\
\x07\xb0'\xb0\x17\xb0I\xd1\xde\x8c\xcdI\xc0\x1b\x80y\
\xa5;\x22e0\x00\xa8\xab6\x03~\x08l\x5c\xba#\
=\x9a\x0f\x9c\x02\x9c\x0a\x9cN\xf7V\xa5\xafC\x84\x81\
\x17\x03/\x01\x96-\xdb\x9d\x9e]\x03\xecO<n\x91\
:\xc5\x00\xa0.:\x00\xf8\x16\xed?\xc3\xff\x01b\xd0\
?a\xe4\xe7\x83e\xbb\xd3\x98\x15\x81\x97\x01\x07\x03{\
\xd3\xfeG3\xf7\x01\xaf\x06N.\xdd\x11\xa9\x9f\x0c\x00\
\xea\x9a\x0f\x00\x1f%\x9e\xfd\xb7\xd5\xb9\xc0W\x89Ch\
\xb2\x16\xec\x0d\x8aU\x89-x\x87\x00\xbb\xd1\xde\xbf\xb7\
\xc5\xc0\xfb\x81\xcf\x94\xee\x88\xd4/\x06\x00u\xc5\x14\xe2\
`\x9f\xc3Jwd\x09\xee!\x8e\xa0\xfd*\xf0\x87\xc2\
}i\xabM\x88Cy^\x0b,_\xb8/K\xf2?\
\xc0\x9b\x89\x85\x82\xd2@3\x00\xa8\x0bV&\x9e\xf7\xef\
^\xba#O\xe2Z\xe0\xf3\xc4#\x89A[\xc8W\xca\
t\xe0\x8d\xc4\xc5=\x1b\x94\xed\xca\x93:\x83\x98\xb5\x98\
_\xba#\xd2x\x18\x004\xe8\x9eF,\x9a\xdb\xb2t\
G\x9e\xe0<\xe0\xb3\xc0\x8fi\xcfv\xbdA3\x91\xb8\
\xab\xe1\x08`\xa7\xc2}y\xa2\x8b\x89\x05\x8d\xb7\x97\xee\
\x884V\x06\x00\x0d\xb2\x0d\x81\x9f\x01\x1b\x95\xee\xc8c\
\x5c\x08\x1cE\xf4K\xfd\xf3bbm\xc76\xa5;\xf2\
\x18\xd7\x11;\x1bf\x15\xee\x874&\xde\x05\xa0A\xb5\
\x19p\x0e\xed\x19\xfc/!\xbe\xad\xee\x88\x83\x7f\x86S\
\x80\xe7\x00\xaf\x04\xfeT\xb8/\x8f\xda\x088\x9b\xc1\xd9\
j*=\x8e3\x00\x1aD\x9b\x13\x07\xe4\xacQ\xba#\
\xc0-\xc0\x91\xc4\x02?\x7f\x99\x9a1\x118\x14\xf80\
\xb0~\xd9\xae\x00p+1\x13\xe0\xe2N\x0d\x14\x03\x80\
\x06\xcd\x96\xc0/\x88s\xe9Kz\x08\xf8\x1c\xf0I\x5c\
\x0cV\xcar\xc0\x07\x89\xa3\x9eK\x9f%p'\xf0|\
<0H\x03\xc4\x00\xa0A\xb2\x05p\x16\xb0Z\xe1~\
\x9c\x0e\xfc\x03q\x1e\xbf\xca\xdb\x14\xf82q\x8e@I\
\xb7\x13;Q\xae*\xdc\x0f\xa9'\xae\x01\xd0\xa0\xd8\x88\
\xd8~Ur\xf0\x9f\x03\xbc\x15x\x11\x0e\xfem\xf2\x07\
\xe2\xde\x81\xc3\x88o\xe2\xa5\xacI<\x9a\xda\xb0`\x1f\
\xa4\x9e9\x03\xa0A\xb0\x0e\xb1\xe0oF\xc1>\x1c\x07\
\x1cN\xd9\x01FK\xb7*q\x8b\xdfk\x0a\xf6a\x16\
\xb0\x0b0\xbb`\x1f\xa4\xa52\x00\xa8\xedV%VZ\
oZ\xa8\xfd{\x89\xe9\xfec\x0b\xb5\xaf\xb1y\x15\xf1\
X`Z\xa1\xf6/\x07v\x05\xe6\x16j_Z*\x03\
\x80\xdal*\xf0s\xe2\xdbT\x09\x17\x10\xdf$\xaf+\
\xd4\xbe\xc6g}\xe2:\xe8R\xef\x9f_\x01\xfb\x10\x0b\
F\xa5\xd6q\x0d\x80\xdaj\x02q\xeez\x89\x0f\xef\xc5\
\xc4a>\xbb\xe0\xe0?\xc8\xfe\x0c<\x0f\xf8\x04eN\
c\xdc\x9dx\x0f\xfb9\xabVr\x06@m\xf5\x19\xe2\
\x08\xd8\xa6\xddC\x5c\xfdzz\x81\xb6\x95g\x0f\xe21\
\xceZ\x05\xda\xfe\x04qK\xa5\xd4*\x06\x00\xb5\xd1\xa1\
\xc4\xc1:M\xfb=p\x00p}\x81\xb6\x95o\x1d\xe2\
n\x86\xe74\xdc\xee0\xf1\x9e\xfe^\xc3\xedJO\xc9\
\x00\xa0\xb6\xd9\x9exv:\xb5\xe1vO\x00^\x07<\
\xd8p\xbbj\xd6\x0a\xc4@\xbco\xc3\xed>D<\x12\
\xf8M\xc3\xedJK\xe4\xb3)\xb5\xc9\xd3\x80\x1f\xd0\xfc\
\xe0\xff\x19\xe0`\x1c\xfck0\x1fx9pt\xc3\xed\
N%\xae\xac^\xb3\xe1v\xa5%2\x00\xa8-&\x11\
\xdf\xc2\xd7i\xb0\xcd\x85\xc0\xdb\x80\xf7\xe29\xfe5Y\
\x0c\xbc\x07x\x03\xf0H\x83\xed\xae\x0d\xfc/q\x97\x81\
T\x9c\x01@m\xf11\x9a]\xf1\xff \xb0\x1f\xf0\x95\
\x06\xdbT\xbb|\x13x\x09\xf0@\x83m>\x1f\xf8\xd7\
\x06\xdb\x93\x96\xc85\x00j\x83\x17\x01?\x05\x86\x1aj\
o>\xf1\x0c\xf8\x97\x0d\xb5\xa7v\xdb\x038\x99X\x1f\
\xd0\x84\xc5\xc4\xd5\xd1\xa76\xd4\x9e\xf4\xa4\x0c\x00*m\
\x1db\xf5}Sg\xfc\xdf\x0b\xbc\x188\xaf\xa1\xf64\
\x18v\x22\x06\xe4\x95\x1aj\xef\x0e\xe2f\xcb\xdb\x1bj\
O\xfa\x1b>\x02PIC\xc44lS\x83\xff\x1c\xe2\
\xdev\x07\x7f=\xd1y\xc0^\xc4{\xa4\x09k\x00\xdf\
\xa0\xb9Y/\xe9o\x18\x00T\xd2\xdb\x89\x0f\xdd&\xdc\
\x07\xbc\x10\xb8\xb8\xa1\xf64x.\x02^\x00\xdc\xd5P\
{/\x22~\x07\xa4\x22|\x04\xa0Rf\x12\x83\xf1r\
\x0d\xb4\xf5\x00\xf1a\xfb\xab\x06\xda\xd2\xe0\xdb\x96X\x1f\
\xd2\xc4\x9a\x80\x07\x81m\x80\xab\x1ahKz\x1cg\x00\
T\xc2Db\xea\xbf\x89\xc1\xff\x11`\x7f\x1c\xfc\xd5\xbb\
\xdf\x02\xaf \xb6\x89f[\x16\xf8\x1a~\x16\xab\x00\xdf\
t*\xe1\x9d\xc0\x8e\x0d\xb43\x0c\xbc\x198\xa3\x81\xb6\
\xd4-\xa7\x11'C61E\xba\x0b\xf0\x8e\x06\xda\x91\
\x1e\xc7G\x00j\xda\x0c\xe0\x0a`\xf9\x06\xda:\x0a\xf8\
h\x03\xed\xa8\xbb>D3\xfb\xf6\xef\x07\xb6\x00nh\
\xa0-\x09p\x06@\xcd\xfb\x0a\xcd\x0c\xfe\xdf\x22\x0e\x17\
\x92\xc6\xe3\xa3\xc01\x0d\xb4\xb3<\xf0\x9f\x0d\xb4#\xfd\
\x853\x00j\xd2\x81\xc0\x89\x0d\xb4s6\xb1\xddoA\
\x03m\xa9\xfb&\x11\xd7C\xbf\xa0\x81\xb6^\x0e\xfc\xa8\
\x81v$\x03\x80\x1a\xb3,\xf0\x07\xe2\x11@\xa6\xdb\x88\
\xeb^oInGuY\x03\xf8\x1d\xf9wU\xdc\x08\
lJ<\x12\x90R\xf9\x08@M9\x92\xfc\xc1\xff\xd1\
\x15\xff\x0e\xfe\xea\xb7;\x88\x1b#\xb3w\x06\xac\x07\xbc\
/\xb9\x0d\x09p\x06@\xcd\x98\x01\xfc\x91\xfck~\xdf\
\x0e\xfcWr\x1b\xaa\xdb\xbb\xc9\xbfJ\xf8A\xe0Y\xc0\
M\xc9\xed\xa8r\xce\x00\xa8\x09\x1f'\x7f\xf0\xff!\x0e\
\xfe\xca\xf7o\xc0I\xc9m,\x8b\x0bX\xd5\x00g\x00\
\x94\xed\xd9\xc4\x11\xab\x99a\xf3f`+\xe0\x9e\xc46\
\xa4GM'\x0e\x0b\xda(\xb1\x8d\xc5\xc4\x89\x84\x97$\
\xb6\xa1\xca9\x03\xa0l\x9f&\xf7}\xb6\x188\x0c\x07\
\x7f5\xe7^\xe0\xf5\xc4{/\xcb\x04\xe2wGJc\
\x00P\xa6\xe7\x13\xdb\xf12}\x0e8+\xb9\x0d\xe9\x89\
~\x0d|9\xb9\x8d\xbd\x80]\x93\xdbP\xc5|\x04\xa0\
L\xbf\x02vK\xac\x7f\x0d1\xf5\xff`b\x1b\xd2\x92\
,\x0f\x5c\x06l\x98\xd8\xc69\x18\x02\x94\xc4\x19\x00e\
y\x1e\xb9\x83\xff0\xf0\xf78\xf8\xab\x9c\xfb\x89\xbb&\
2\xbfE\xed\x02\xec\x91X_\x153\x00(\xcb\xbf$\
\xd7\xff*pfr\x1b\xd2\xd2\x9c\x05|#\xb9\x8d\xa3\
\x92\xeb\xabR>\x02P\x86\x9d\x80s\x13\xeb\xdf\x0al\
\x02\xccMlC\xea\xd5t\xe0J`\xed\xc46\xb6'\
v\xd3H}\xe3\x0c\x802\x1c\x91\x5c\xff\xfd8\xf8\xab\
=\xee\x05>\x98\xdc\xc6{\x92\xeb\xabB\xce\x00\xa8\xdf\
6\x06\xfeD^\xb8\xfc\x1d\xb0\x1d\xb9[\xb0\xa4\xd1\x9a\
@|C\x7fvR\xfd\xc5\xc0Lb\xe1\xab\xd4\x17\xce\
\x00\xa8\xdf\xdeE\xde\xfbj\x188\x1c\x07\x7f\xb5\xcfb\
bf*\xcb\x04\xe0\x9d\x89\xf5U!g\x00\xd4O+\
\x01\xb3\x89\xedQ\x19\x8e'.d\x91\xda\xeat\xe0\xef\
\x92j\xcf#n#\x9c\x9fT_\x95q\x06@\xfd\xf4\
Z\xf2\x06\xffE\xc0\x87\x93jK\xfdr\x04\xf1^\xcd\
0\x0dxMRmU\xc8\x00\xa0~zKb\xed\xef\
\x10k\x0b\xa46\xbb\x1c\xf8\x9f\xc4\xfa\xef\x04\x86\x12\xeb\
\xab\x22>\x02P\xbf\xecF\x9c\xfc\x97a\x01\xb1\x00\xea\
\xfa\xa4\xfaR?\xcd \x16\xebMJ\xaa\xbf\x13p~\
RmU\xc4\x19\x00\xf5\xcb\x1b\x12k\x7f\x13\x07\x7f\x0d\
\x8eY\xc0\x89\x89\xf5_\x97X[\x15q\x06@\xfd\xb0\
<q8\xcf\x8a\x09\xb5\x17\x03\xcf\x02\xaeM\xa8-e\
\xd9\x8a\xb8\xca7c\xba~.q\xe8\xd0\x03\x09\xb5U\
\x11g\x00\xd4\x0f\xfb\x933\xf8\x03\xfc\x08\x07\x7f\x0d\x9e\
K\x81_$\xd5^\x09\xd8/\xa9\xb6*b\x00P?\
\x1c\x9aX\xfb\xf3\x89\xb5\xa5LG'\xd6~ubm\
U\xc2G\x00\x1a\xaf\xd5\x88\xe9\xff\x8c\x05O\x17\x11g\
\xa0K\x83\xeabrN\x07\x5c\x00\xac\x05\xdc\x93P[\
\x95p\x06@\xe3\xf5r\xf2V;\x7f1\xa9\xae\xd4\x94\
\xac\x19\xac\xc9\xc0\xbeI\xb5U\x09\x03\x80\xc6\xeb\xc0\xa4\
\xba\xf7\x02?H\xaa-5\xe5\xfb\xc4{9\xc3AI\
uU\x09\x03\x80\xc6ce\xe0yI\xb5\xbf\x8d\xab\x9c\
5\xf8\x1e\x22oK\xe0\x9e\xc4\xe9\x80\xd2\x98\x18\x004\
\x1e/$\xa6\x223|#\xa9\xae\xd4\xb4o'\xd5\x9d\
\x02\xec\x95T[\x150\x00h<^\x98T\xf77\xc4\
6*\xa9\x0b\xce%o+\xebK\x92\xea\xaa\x02\x06\x00\
\x8d\xd5\x04`\xef\xa4\xda\xc7%\xd5\x95J\x18&\xee\xb2\
\xc8\xf0\x22\xfc\x1c\xd7\x18\xf9\xc6\xd1Xm\x07\xac\x91P\
w\x98X8%u\xc9\xb7\x89\xf7v\xbf\xad\x01l\x93\
PW\x150\x00h\xac\xf6L\xaa{\x1epSRm\
\xa9\x94Y\xc4\xa3\x80\x0c\xcfO\xaa\xab\x8e3\x00h\xac\
vO\xaa{BR]\xa9\xb4S\x93\xeaf\xed\xc4Q\
\xc7y\x12\xa0\xc6b20\x87\xb8\x04\xa8\xdf6\xc2\x9b\
\xff\xd4M[\x13\x17\x04\xf5\xdb|`\x15\xe2t@\xa9\
g\xce\x00h,\xb6%g\xf0\xff\x13\x0e\xfe\xea\xaeK\
\x81\xd9\x09uW \xe7\xb8au\x9c\x01@c\xb1K\
R\xdd\xd3\x92\xeaJm0\x0c\x9c\x9eT{\xc7\xa4\xba\
\xea0\x03\x80\xc6b\x87\xa4\xba\x06\x00u]\xd6{\xdc\
\x00\xa0Qs\x0d\x80\xc6b\x16\xb0~\x9fk>\x04L\
\x07\x1e\xees]\xa9M\xa6\x01w\xd1\xff\x134g\x01\
\x1b\xf4\xb9\xa6:\xce\x19\x00\x8d\xd6\x9a\xf4\x7f\xf0\x07\xf8\
-\x0e\xfe\xea\xbey\xc4I\x97\xfd6\x83\x9cs9\xd4\
a\x06\x00\x8d\xd6\xb6Iu\xb3\xf6HKm\x93\x11\x00\
\x00\xb6L\xaa\xab\x8e2\x00h\xb4\xb6H\xaa{NR\
]\xa9m.J\xaak\x00\xd0\xa8\x18\x004Z\x9b%\
\xd4\x1c\x06.H\xa8+\xb5QV\x00\xc8\x0a\xe7\xea(\
\x03\x80F+#\x00\xcc\x22\x16FI5\xb8\x0e\xb8'\
\xa1\xae3\x00\x1a\x15\x03\x80Fc\x0203\xa1\xeee\
\x095\xa5\xb6\x1a&\x16\xbd\xf6\xdb\xc6\x095\xd5a\x06\
\x00\x8d\xc6\xd3\x81e\x13\xea\xfe>\xa1\xa6\xd4f\x19\x0b\
\x01W$v\xe9H=1\x00h4\xb2\xf6\x19_\x91\
TWj\xabK\x93\xea:\x0b\xa0\x9e\x19\x004\x1a\x1b\
&\xd5\xf5\x11\x80j\x93u\xe7\x85\x01@=3\x00h\
42\x02\xc0\x22\xe0\x86\x84\xbaR\x9b]\x97Tw\xbd\
\xa4\xba\xea \x03\x80F#\xe3\xc3e6^c\xaa\xfa\
\xcc%g'\xc0:\x095\xd5Q\x06\x00\x8d\xc6Z\x09\
5\xfd\xf6\xafZe<\x060\x00\xa8g\x06\x00\x8d\x86\
\x01@\xea\x1f\x03\x80\x8a2\x00h42\xb6\x18\xdd\x98\
PS\x1a\x04\x19\x01\xc0m\x80\xea\x99\x01@\xbd\x9a\x00\
\xac\x96P\xf7\x8e\x84\x9a\xd2 \xb89\xa1\xe6*\x095\
\xd5Q\x06\x00\xf5j\x1a9\xef\x17\x8f\x00V\xad\xe6&\
\xd4\x9c\x02\xac\x90PW\x1dd\x00P\xaf\xa6%\xd55\
\x00\xa8V\x19\x01\x00\x9c\x05P\x8f\x0c\x00\xeaUV\x00\
\xb8;\xa9\xae\xd4vY\x01`\xa5\xa4\xba\xea\x18\x03\x80\
z\x95\x15\x00\xe6$\xd5\x95\xda.+\x00d\xdc\xd7\xa1\
\x0e2\x00\xa8WY\x1f*\x0f%\xd5\x95\xdan^R\
\xdd\xa9Iu\xd51\x06\x00\xf5jrR\xddG\x92\xea\
Jm\x975\x03`\x00PO\x0c\x00\xea\xd5\xa4\xa4\xba\
\x06\x00\xd5\xea\xc1\xa4\xba\x06\x00\xf5\xc4\x00\xa0^9\x03\
 \xf5\xd7\xc4\xa4\xbaCIu\xd51\x06\x00\xf5*\xeb\
\xbd\xb2(\xa9\xae\xd4vY\x01`8\xa9\xae:\xc6\x00\
\xa0^e\xdd\xd8\xe7t\xa5j\x955\xabf\x00PO\
\x0c\x00\xea\xd5\xc3Iu\x97K\xaa+\xb5]\xd6\x0c\x80\
\xd4\x13\x03\x80z\x95\xf5\xac\xde=\xcb\xaaU\xd6\xc2\xda\
\xac\xb0\xae\x8e1\x00\xa8WY\x1f*\x06\x00\xd5*+\
\x00<\x90TW\x1dc\x00P\xaf|\x04 \xf5WV\
\xf85\x00\xa8'\x06\x00\xf5*k\xcf\xb2\x01@\xb5Z\
#\xa9\xae\x01@=1\x00\xa8WY\x97\xf6,\x9fT\
Wj\xbb\xac\x00p_R]u\x8c\x01@\xbd\xba\x9b\
\x9c\xedEk'\xd4\x94\x06\xc1ZIu\xbdb[=\
1\x00\xa8W\x0b\xc99\xbb\xfc\xe9\x095\xa5A\x901\
\x030\x1fw\x01\xa8G\x06\x00\x8dF\xc67\x0b\x03\x80\
j\xb5fBM\xbf\xfd\xabg\x06\x00\x8dF\xc6\x87\xcb\
\xba\x095\xa5A\xb0zBM\x03\x80zf\x00\xd0h\
\xdc\x91P\xd3\x19\x00\xd5*\xe3\xbd\x7fsBMu\x94\
\x01@\xa31+\xa1\xa6\x01@5\x1a\x02f&\xd4\xbd\
1\xa1\xa6:\xca\x00\xa0\xd1\xb8!\xa1\xe6t`ZB\
]\xa9\xcd\xd6\x05VH\xa8\xeb\x0c\x80zf\x00\xd0h\
\xccJ\xaa\xbbyR]\xa9\xad6M\xaa\xeb\x0c\x80z\
f\x00\xd0h\xccJ\xaa\xbbuR]\xa9\xad6I\xaa\
{MR]u\x90\x01@\xa3\x91\xf1\x08\x00\x0c\x00\xaa\
\x8f\x01@\xc5\x19\x004\x1as\xc9\xd9\x09\xb0uBM\
\xa9\xcd2\x16\x00\xde\x82\xc7\x00k\x14\x0c\x00\x1a\xad\xcb\
\x13jnA\xde\xd5\xa8R\xdbL\x04\xb6J\xa8{u\
BMu\x98\x01@\xa3uiB\xcd\xa9\xe4|#\x92\
\xdahK`\xa5\x84\xba\x19\xe1\x5c\x1df\x00\xd0he\
}\xc8l\x93TWj\x9b]\x92\xeaf\x84su\x98\
\x01@\xa3uYR\xdd\xdd\x93\xeaJm\xb3kR\xdd\
\xdf%\xd5UG\x0d\x0d\x0fg\xdc\xf0\xaa\x0e\x9bJ,\
4\xea\xf73\xfb\x1b\x81\xf5\xfb\x5cSj\xa3[\x80\xa7\
\xf5\xb9\xe6\x02`E\xbc\x09P\xa3\xe0\x0c\x80F\xeb!\
r\x1e\x03\xac\x07<3\xa1\xae\xd4&\x1b\xd1\xff\xc1\x1f\
\xe0\x0a\x1c\xfc5J\x06\x00\x8d\xc5\xb9Iu\xf7L\xaa\
+\xb5E\xd6\xf4\xff\xf9Iu\xd5a\x06\x00\x8d\x85\x01\
@\x1a\x9b\x17'\xd5\xcd\xfa\x9dT\x87\xb9\x06@c\xb1\
\x0e9\x97\x8e\xdc\x0b\xac\x06,J\xa8-\x95\xb6\x0cp\
'\xf1\xac\xbe\xdf6 \xef\xa8nu\x943\x00\x1a\x8b\
\xd9\xe4\x5c:2\x1d\xd8!\xa1\xae\xd4\x06{\x923\xf8\
\xcf\xc6\xc1_c`\x00\xd0X\x9d\x93T\xf7\x15Iu\
\xa5\xd2\xf6K\xaa{fR]u\x9c\x01@c\xf5\xb3\
\xa4\xba\xaf$\x8eJ\x95\xbad\x22\xb0oR\xed\x9f'\
\xd5U\xc7\x19\x004Vg\x00\x19\x0bH\xd6\xc2C\x81\
\xd4=;\x03k$\xd4\x1d\xc6\x19\x00\x8d\x91\x01@c\
u\x1bpIR\xedC\x92\xeaJ\xa5\xec\x9fT\xf7J\
\xe0\xd6\xa4\xda\xea8\x03\x80\xc6\xe3\xf4\xa4\xba\x07\x10+\
\xa6\xa5.\x98\x02\xbc*\xa9\xf6\xc9IuU\x01\x03\x80\
\xc6\xe3\xb4\xa4\xba+\x03{'\xd5\x96\x9av \xb0z\
R\xed\x1f'\xd5U\x05\x0c\x00\x1a\x8f\x0b\x88}\xcd\x19\
^\x9fTWj\xda\x9b\x92\xea\xde\x06\x5c\x94T[\x15\
0\x00h<\x16\x02'%\xd5\xde\x17\x98\x91T[j\
\xca\xc6\xc0\x1eI\xb5\x7f\x0a,N\xaa\xad\x0a\x18\x004\
^'$\xd5\x9d\x08\xbc=\xa9\xb6\xd4\x947\x03CI\
\xb5\xb3~\xf7T\x09\x8f\x02\xd6xM\x00n\x02\xd6N\
\xa8}/\xb0.p\x7fBm)\xdb\x14\xe2w#c\
\xfb\xdf\x9d\xc4\xef\xdc\xc2\x84\xda\xaa\x843\x00\x1a\xaf\xc5\
\xc0\x0f\x92jO\x07\x0eM\xaa-e{59\x83?\
\xc0q8\xf8k\x9c\x0c\x00\xea\x87\xe3\x13k\xbf\x93\xbc\
)T)\xcbD\xe0}\x89\xf53\x7f\xe7T\x09\x03\x80\
\xfa\xe1\x5c\xe0\xea\xa4\xda\x9b\xe2\x96@\x0d\x9e\x83\x80g\
&\xd5\xbe\x168/\xa9\xb6*b\x00P?\x0c\x03_\
K\xac\xff1\x9c\x05\xd0\xe0\x18\x02\xde\x9fX\xff\xeb\xe4\
\x1c\xc3\xad\xca\xb8\x08P\xfd\xb2\x1ap3y'\xf8\xbd\
\x0c\xf8IRm\xa9\x9f\xf6\x03~\x98T{!\xb0>\
pKR}U\xc4\x19\x00\xf5\xcb]\xe4\x0e\xd0\x1f\xc7\
\xf7\xab\x06\xc3\x91\x89\xb5\x7f\x8a\x83\xbf\xfa\xc4\x0fT\xf5\
\xd3W\x13ko\x0e\x1c\x9cX_\xea\x87\x97\x02\xdb%\
\xd6?&\xb1\xb6*\xe3#\x00\xf5\xd3\x10p\x05\xb1p\
/\xc35\xc0f\xc0\x82\xa4\xfa\xd2xL\x01.'o\
\xf1\xdf\xd5\xc0&x\xfa\x9f\xfa\xc4\x19\x00\xf5\xd30\xf0\
\xf9\xc4\xfa\x1b\x03\xafK\xac/\x8d\xc7\xe1\xe4\x0d\xfe\x10\
\xbf[\x0e\xfe\xea\x1bg\x00\xd4o\xcb\x00\xb3\x80\xb5\x92\
\xea\xdf\x0d\xcc$\xd6\x1cHm\xb1\x06\xf1\x0d}\xa5\xa4\
\xfas\x80\xa7\xe3\xa9\x98\xea#g\x00\xd4o\x0f\x03_\
J\xac\xbf*\xf0\xc9\xc4\xfa\xd2X|\x92\xbc\xc1\x1f\xe0\
\xcb8\xf8\xab\xcf\x9c\x01P\x86U\x80\x1b\x81\xe5\x93\xea\
\x0f\x03\xbb\x12\x07\x10I\xa5=\x9b\xb8\x967\xeb\x0b\xd5\
\x03\xc0\x06\xc0\x1dI\xf5U)g\x00\x94\xe1\x1erw\
\x04\x0c\x11\xdf\x88&'\xb6!\xf5b\x221\xe3\x95\xf9\
Yz\x0c\x0e\xfeJ`\x00P\x96O\x00\xf3\x13\xebo\
\x01\xfcSb}\xa9\x17\xef\x06vL\xac\xff0\xf0\xd9\
\xc4\xfa\xaa\x98\x01@Y\xee\x04\xfe+\xb9\x8d\x7f\x01f\
$\xb7!-\xc9\xe6\xc0G\x92\xdb\xf8:0;\xb9\x0d\
U\xca5\x00\xca\xb4*p=0-\xb1\x8ds\x81\xdd\
\x81E\x89mHO4\x098\x1f\xd86\xb1\x8d\xfb\x81\
g\x00\xb7%\xb6\xa1\x8a9\x03\xa0Lw\x03\xff\x9e\xdc\
\xc6\xce\xc0\x07\x93\xdb\x90\x9e\xe8(r\x07\x7f\x80/\xe0\
\xe0\xafD\xce\x00(\xdbJ\xc4\x09~\xab'\xb6\xb1\x08\
\xd8\x038'\xb1\x0d\xe9Q\xdb\x12\xdf\xfe'%\xb6q\
\x0f\xb0\x11pob\x1b\xaa\x9c3\x00\xca6\x17\xf8P\
r\x1b\x13\x81\xef\x02\xd3\x93\xdb\x91V\x04\xbeC\xee\xe0\
\x0fq\xf9\xd5\xbd\xc9m\xa8r\xce\x00\xa8\x09\x13\x80\xdf\
\x00\xcfIn\xe7$\xe0\xc0\xe46T\xaf!\xe0\x04\xf2\
\xdfc\xd7\x12\x0b\x0c\x1fNnG\x95s\x06@MX\
\x0c\x1c\xd1@;\x07\x00\x7f\xdf@;\xaa\xd3\x07h&\
`\xfe\x13\x0e\xfej\x803\x00j\xd2I\xc0\xfe\xc9m\
,\x00^\x08\x9c\x99\xdc\x8e\xea\xf2\x22\xe0d\xf2\xbf4\
\x9dN\xbc\x7f\xa5t\x06\x005i}\xe2\xba\xe0\x15\x92\
\xdb\x99\x03<\x17\xb8*\xb9\x1d\xd5ac\xe2\x11\xd6\xf4\
\xe4v\x1e\x04\xb6$\x1e\x01H\xe9|\x04\xa0&\xfd\x99\
f\xb6\xec\xadL|[[\xa5\x81\xb6\xd4m+\x00?\
\xa4\x99\x05\xa6\x1f\xc3\xc1_\x0dr\x06@M\x9b\x00\xfc\
\x1a\xd8\xa9\x81\xb6\xce\x06\xf6\x02\x1ei\xa0-u\xcf\x14\
\xe0\xc7\xc0>\x0d\xb4u\x05q\xa9\xd0\x82\x06\xda\x92\x00\
g\x00\xd4\xbc\xc5\xc0[ifP\xde\x8d\xb8\xa8e\xa8\
\x81\xb6\xd4-\x8fn-mb\xf0_\x04\xbc\x05\x07\x7f\
5\xcc\x00\xa0\x12\xae\x00>\xd5P[o\x02\x8en\xa8\
-u\xc3\x10q\x8f\xc5A\x0d\xb5\xf79\xe2`!\xa9\
Q>\x02P)\x93\x89\x93\xfb\xb6o\xa8\xbd\x7f#n\
n\x93\x96\xe6S\xc0{\x1bj\xeb\x8f\xc4\xd4\xffC\x0d\
\xb5'\xfd\x853\x00*e\x01\xf0jr\xaf\x0c~\xac\
\xffG\xfe\x89\x84\x1a|\x87\xd3\xdc\xe0\xbf\x108\x0c\x07\
\x7f\x15b\x00PI\xd7\x12\x03sS\xfe\x15xO\x83\
\xedi\xb0\x1cN\x5c\xc0\xd3\x94\x0f\x03\x175\xd8\x9e\xf4\
8>\x02P\x1b\xfc\x10\xd8\xaf\xc1\xf6\xfe\x99f?\xe8\
\xd5~\x1f!n\xf8k\xca\x99\xc0\xde\xc4\xa2X\xa9\x08\
\x03\x80\xda`5\xe0\x12`\xdd\x06\xdb\xfc$q\xb4\xab\
\xbf\x00u\x9b\x00|\x11x{\x83m\xde\x0el\x8dW\
\xfd\xaa0\x1f\x01\xa8\x0d\xee\x22\xceXo\xf2\xfc\xf3\xf7\
\x03\xdf\x22\x16#\xaaN\x93\x89\x9b\xfd\x9a\x1c\xfc\x17\x03\
\xaf\xc5\xc1_-`\x00P[\x5c\x08\xfcc\xc3m\xbe\
\x168\x0d\x98\xd6p\xbb*o9\xe0G\xc0\xab\x1an\
\xf7(\xe0g\x0d\xb7)=)\x1f\x01\xa8m\xbe\x01\xbc\
\xbe\xe16/!.{\xf1[Y\x1d\xd6%.\xa6j\
j\x0b\xea\xa3~D\x5c\x86\xe5\x87\xaeZ\xc1\x00\xa0\xb6\
\x99J\x9c\x0f\xf0\x9c\x86\xdb\x9dE|8_\xd2p\xbb\
j\xd6\xae\xc0\x89\xc0\x9a\x0d\xb7\xfb'`\x07`^\xc3\
\xedJK\xe4#\x00\xb5\xcdC\xc0\xcb\x80\xd9\x0d\xb7;\
\x038\x8f89P\xdd\xf4\x0eb\xf5}\xd3\x83\xff\xdd\
\xc4{\xda\xc1_\xadb\x00P\x1b\xcd&\xce`\x9f\xdb\
p\xbbS\x81\xaf\x02\xdf\x06\x96o\xb8m\xe5Y\x06\xf8\
\x1a\xf0\x1f4\xbf\xe8s\x01\xf0\x0a\xe0\xea\x86\xdb\x95\x96\
\xca\x00\xa0\xb6\xba\x028\x848-\xadi\x87\x12g\xb3\
?\xb3@\xdb\xea\xaf\x0d\x89GJo,\xd0\xf60\xf0\
\x06\xe0\xac\x02mKKe\x00P\x9b\x9dFL\xdb\x96\
\xb0\x05qJ\xdb\xc1\x85\xda\xd7\xf8\x0c\x11\xb7N^\x0a\
l[\xa8\x0f\x1f\x22n\x14\x94Z\xc9\x00\xa0\xb6\xfb\x0a\
\xf0\xd1BmO\x03\x8e%V\x8c\xafU\xa8\x0f\x1a\xbd\
u\x80S\x81\xff\x06V(\xd4\x87/\x00\x1f/\xd4\xb6\
\xd4\x13w\x01hP|\x068\xa2`\xfb\xf7\x12\x97\xc4\
\x1cS\xb0\x0fZ\xba\x83\x80/\x03\xab\x16\xec\xc3\xf7\x88\
3&<\xe6W\xadf\x00\xd0\xa0\x18\x22\xbe\xd1\xbd\xa5\
p?N\x05\xde\x06\xdcT\xb8\x1fz\xbcu\x88#}\
\xf7/\xdc\x8f\x1f\x13\xa7Z\x96X\xbb\x22\x8d\x8a\x8f\x00\
4(\x86\x81\xbf\xa7\xfc3\xd5\x17\x11\x0b\x14\xdf\x0eL\
*\xdc\x17\xc5\xce\x8d#\x89}\xf6\xa5\x07\xff\x93\x89\x15\
\xff\x0e\xfe\x1a\x08\xce\x00h\xd0L\x22\xceoo\xc3\xe2\
\xbc?\x11\x8f\x05~R\xba#\x95z9\xf0Yb\xa5\
\x7fi?\x05\x0e\x00\x1e)\xdd\x11\xa9W\xce\x00h\xd0\
,\x04^\x03|\xbdtG\x80\x99\xc4\x94\xef\xff\x01\xdb\
\x95\xedJU6\x07~\x01\xfc\x80v\x0c\xfe'\x13\xd3\
\xfe\x0e\xfe\x1a(\x06\x00\x0d\xa2E\xc0\x9b\x89\x83]\xda\
`w\xe22\xa3\xef\x11'\x0a*\xc7\xb3\x88\x1b\x1c/\
\x01^P\xb6+\x7fq,\xf1\xcd\xbf\xc9\x9b,\xa5\xbe\
\xf0\x11\x80\x06\xdd\x87\x81\x7f)\xdd\x89\xc7x\x048\x1e\
\xf84pe\xe1\xbet\xc5\xe6\xc0{\x88\x9b\xfb&\x16\
\xee\xcbc}\x05\xf8\x07\x5c\xed\xaf\x01e\x00P\x17\xbc\
\x0b8\x9av\xcdh\x0d\x03\xa7\x10\xfd:\xbbp_\x06\
\xd5v\xc0\x07\x80}\x89] m\xf2\x09\xe0\x83x\xb3\
\x9f\x06\x98\x01@]\xb1?\xb1C`\xd9\xd2\x1dy\x12\
\x17\x10A\xe0G\xf8mqi\xa6\x10\x8b\xfb\xde\x02<\
\xbfp_\x9e\xccB\xe2[\xffWKwD\x1a/\x03\
\x80\xbad{bE~\xd3\xb7\xbd\xf5\xeafb\x9d\xc0\
7\xf0r\x98'\xda\x988\xaf\xff\xf5\xc0\x1a\x85\xfb\xb2\
$\xf3\x89\xdd'\xa7\x94\xee\x88\xd4\x0f\x06\x00u\xcd\x86\
\xc4\x07\xf4\xcc\xd2\x1dY\x8a\xf3\x88[\x07O\x00\xe6\x14\
\xeeK)\xcb\x03\xfb\x11\x0b:w\xa3}\xd3\xfc\x8fu\
\x03q\xa5\xef\xe5\xa5;\x22\xf5\x8b\x01@]4\x0d\xf8\
\x1fbpi\xbb\x87\x88md'\x02?'\x8e\x1c\xee\
\xb2\xd5\x88g\xfa\xfb\x01{\x11\x07\xf9\xb4\xdd\x99\xc0+\
\x81\xbbKwD\xea'\x03\x80\xbaj\x08x\x1fq\x91\
P\x9bV\x8e?\x95\x85\xc4\xcc\xc0i#\xafK\xcbv\
\xa7o6\xe4\xaf\x83\xfe.\x0c\xce\xdf\x07\xc4\xa5>G\
\xe0\xe9~\xea \x03\x80\xban/b\xafv\xc9\xcba\
\xc6j6\x11\x04\xce&\xae&\xbe\x9a\xf6/\x22\x9c\x00\
l\x0a\xecJ\x0c\xf6\xbb\x01\xeb\x16\xed\xd1\xd8\xcc#\x1e\
M\x9cP\xba#R\x16\x03\x80j\xb0>\xb1\xf8n\xe7\
\xd2\x1d\x19\xa7\xb9\xc0\xc5\xc0o\x88@p\x11e/%\
\x9a\x0clD\x0c\xf8\x9b\x00;\x10\xff\x8eW)\xd8\xa7\
~\xb8\x848\xd3\xff\xda\xd2\x1d\x912\x19\x00T\x8b\x89\
\xc4\x9e\xf2\x0f\xd1\xadK|\xe6\x03\xd7/\xe1u\x07\xb1\
\xa6`\xac\xbf\xe4\xcb\x10+\xf2\xd7\x1a\xf9\xb9:\xf0\x0c\
b\x81\xe5\xa6#\x7f\x9e<\xf6\xae\xb7\xce0\xf0%b\
\xca\xff\xa1\xc2}\x91\xd2\x19\x00T\x9b\x1d\x89\xd9\x806\
\x9c!\xdf\x94\xfb\x88\xd9\x83y\x8f\xf99\xcc\xe3\x83\xd0\
Db\xf1$\xc0\x0a\xc4\xa0\xbfR\x83},\xed\x16\xe0\
\x0d\xc0\x19\xa5;\x225\xc5\x00\xa0\x1aM#\x16w\xbd\
\x8evo=S3\xbe\x0f\xbc\x0dW\xf9\xab2m:\
:Uj\xca<\xe2\xdb\xde\x1ex O\xcdn\x07\x0e\
\x03\x0e\xc2\xc1_\x152\x00\xa8fg\x03[\x13\x17\xf7\
,*\xdb\x155h\x18\xf8\x0e\xb0\x19q\x18\x93T%\
\x1f\x01Ha[\xe2v\xb7g\x97\xee\x88R]\x0e\xbc\
\x13\xf8U\xe9\x8eH\xa59\x03 \x85\xdf\x12!\xe00\
\xe0\xb6\xc2}Q\xff\xddK\x1c\x0c\xb5-\x0e\xfe\x12\xe0\
\x0c\x80\xf4d\xa6\x11W\xbd\xfe#q;\x9d\x06\xd7B\
\xe0\xeb\xc0Q\xc4\xb6HI#\x0c\x00\xd2\x92=\x83\xb8\
\xf7\xfd\x00\x9c-\x1bD?\x00\x8e\x04\xae*\xdd\x11\xa9\
\x8d\xfcP\x93\x96\xecZ\xe2D\xb8g\x03?f\xec\x07\
\xea\xa8Yg\x02;\x11\xc1\xcd\xc1_Z\x02g\x00\xa4\
\xdemI<\x1a8\xa8tG\xf4\xa4\xce%\xa6\xfa\xcf\
*\xdd\x11i\x10\x18\x00\xa4\xd1\xdb\x968.\xf6\x00\x06\
\xebf\xbb.ZL\x5c\xa7|4\x11\x00$\xf5\xc8\x00\
 \x8d\xdd\x0c\xe2\x04\xb9\xb7Q\xd7\xb1\xb9m\xf00q\
S\xdf'\x81?\x16\xee\x8b4\x90\x0c\x00\xd2\xf8\xadL\
\x5c\x1d\xfb&`\xe3\xc2}\xe9\xba\xeb\x88\xf3\x1a\xbe\x09\
\xdcU\xb8/\xd2@3\x00H\xfd3D\x1c/\xfc&\
`\x7f`j\xd1\xdet\xc7\x02\xe0\x14b\xe0\xff\x191\
\xed/i\x9c\x0c\x00R\x8eU\x80C\x81C\x80\xed\xf1\
\xd2\xa1\xb1\xb8\x888\xb2\xf7X\xfc\xb6/\xf5\x9d\x01@\
\xca7\x83\xd8N\xf8J<jxi.#n\xe7;\
\x11\xf8S\xe1\xbeH\x9df\x00\x90\x9a\xb51\xf0r`\
\x1f`\x17`r\xd9\xee\x14\xb7\x08\xb8\x80\x98\xe2?\x09\
og\x94\x1ac\x00\x90\xcaY\x11\xd8\x93\x08\x03\xfb\x00\
\xeb\x95\xedNcn$\xf6\xea\x9f\x06\xfc\x1c\x98S\xb6\
;R\x9d\x0c\x00R{\xcc f\x05v\x1e\xf9\xb9)\
\x83\x7fZ\xe70p\x0dp>\xf0\x7f\xc4E<7\x94\
\xec\x90\xa4`\x00\x90\xdak:\xb0\x03\xb0\x15\xb0\xc5\xc8\
k\x13\xda{A\xd1Bb\x9b\xde\x15\xc0\xef\x88E|\
\x17\x117\xf1Ij\x19\x03\x804X&\x033\x89 \
0\x03\xd8\xe01\xaf\xf5\x81e\x92\xdb_\x00\xdcJ|\
\x8b\xbf~\xe4u\x1dq\x18\xcf\x1f\x89\x03z$\x0d\x00\
\x03\x80\xd4\x1dC\xc0j#\xafUG^\xab\x01\xab\x13\
\xb3\x09\x00+\x10!b\xf2\xc8\x9f!\x06\xf5\xf9#\x7f\
~\x04\x987\xf2\x9a\x03\xdcGl\xc1\xbb\x95\xb8N\xd7\
+u\xa5\x8e0\x00H\x92T\xa1A_`$I\x92\
\xc6\xc0\x00 IR\x85\x0c\x00\x92$U\xc8\x00 I\
R\x85\x0c\x00\x92$U\xc8\x00 IR\x85\x0c\x00\x92\
$U\xc8\x00 IR\x85\x0c\x00\x92$U\xc8\x00 \
IR\x85\x0c\x00\x92$U\xc8\x00 IR\x85\x0c\x00\
\x92$U\xc8\x00 IR\x85\x0c\x00\x92$U\xc8\x00\
 IR\x85\x0c\x00\x92$U\xc8\x00 IR\x85\x0c\
\x00\x92$U\xc8\x00 IR\x85\x0c\x00\x92$U\xc8\
\x00 IR\x85\x0c\x00\x92$U\xc8\x00 IR\x85\
\x0c\x00\x92$U\xc8\x00 IR\x85\x0c\x00\x92$U\
\xc8\x00 IR\x85\x0c\x00\x92$U\xc8\x00 IR\
\x85\x0c\x00\x92$U\xc8\x00 IR\x85\x0c\x00\x92$\
U\xc8\x00 IR\x85\x0c\x00\x92$U\xc8\x00 I\
R\x85\x0c\x00\x92$U\xc8\x00 IR\x85\x0c\x00\x92\
$U\xc8\x00 IR\x85\x0c\x00\x92$U\xc8\x00 \
IR\x85\x0c\x00\x92$U\xc8\x00 IR\x85\x0c\x00\
\x92$U\xc8\x00 IR\x85\x0c\x00\x92$U\xc8\x00\
 IR\x85\x0c\x00\x92$U\xc8\x00 IR\x85\x0c\
\x00\x92$U\xc8\x00 IR\x85\x0c\x00\x92$U\xc8\
\x00 IR\x85\x0c\x00\x92$U\xc8\x00 IR\x85\
\x0c\x00\x92$U\xc8\x00 IR\x85\x0c\x00\x92$U\
\xc8\x00 IR\x85\x0c\x00\x92$U\xc8\x00 IR\
\x85&\x95\xee\x80\x06\xd6t`u`\x1a\xb0\x020y\
\xe4\xbf_\xb9T\x87\xa4\x0a\xcc\x19\xf9\xb9\x00\x98\x0f\xcc\
\x03\xee\x04\xee-\xd5!\x0d.\x03\x80\x9e\xcc\x14`\x13\
`#`\x03`\xc6\xc8\xcf\x0d\x80UG^\xbew\xa4\
\xf6X\x08\xdc\x0d\xdc\x05\xdc\x00\xccz\xcc\xcfk\x81?\
\x12\xa1A\xfa\x8b\xa1\xe1\xe1\xe1\xd2}PY\xcb\x03;\
\x00\xdb\x02[\x8e\xbcf\xf2\xd7o\xf4\x92\x06\xdf\x02\x22\
\x04\x5c\x0e\x5c\x06\x5c\x04\xfc\x06\xb8\xbfd\xa7T\x96\x01\
\xa0>\xab\x00/\x00v\x01v\x02\xb6\xc6o\xf3R\x8d\
\x16\x02\x97\x00\xe7\x01\xe7\x00g\xf2\xd7G\x0c\xaa\x80\x01\
\xa0\x0e\x9b\x01/\x01\xf6\x04v\xc7o\xf7\x92\xfe\xd6\x22\
\xe0\xf7\xc0/\x80\x9f\x12\xc1`q\xc9\x0e)\x97\x01\xa0\
\xbb6\x03\x0e\x02\x0e\x056,\xdc\x17I\x83g6p\
\x12p\x22p.\xe0`\xd11\x06\x80n\xd9\x04x=\
\xf0J`\xbd\xc2}\x91\xd4\x1d\xb3\x80\xe3\x81o\x02W\
\x95\xed\x8a\xfa\xc5\x000\xf8\x96\x01\xf6\x05\xdeB<\xdb\
\x1f*\xdb\x1dI\x1dw1p\x0c\xf0=\x5cD8\xd0\
\x0c\x00\x83k=\xe0p\xe0\x8d\xc4\x9e|Ij\xd2\x1c\
\xe0\xeb\xc0\x17\x81\x9b\x0a\xf7Ec`\x00\x18<[\x03\
\xef\x02\x0e\xc6\xc5|\x92\xca[\x0c\x9c\x0a|\x0c\xb8\xb0\
p_4\x0a\x06\x80\xc1\xf1\x5c\xe0#\xc0^\xa5;\x22\
IKp\x06p\x14q\xc6\x80Z\xce\x00\xd0~[\x00\
\x1f\x02\x0e\xc4\xe7\xfb\x92\x06\xc3/\x80\xf7\x11\xeb\x05\xd4\
R\x06\x80\xf6\xda\x10\xf84p\x00\x0e\xfc\x92\x06\xcf0\
\xb1\x85\xf0\xbd\xc4.\x02\xb5\x8c\x01\xa0}\x96\x07\x8e \
~i\xa6\x16\xee\x8b$\x8d\xd7#\xc0\x7f\x133\x99\xf3\
\x0a\xf7E\x8fa\x00h\x8f!\xe2\xd0\x9eO\x01O+\
\xdc\x17I\xea\xb7\xd9\xc4\x17\x9b\xef\x95\xee\x88\x82\x01\xa0\
\x1d6 \x12\xf2\xde\xa5;\x22I\xc9N\x07\xde\x06\xfc\
\xb9tGj7\xa1t\x07*7\x818\xc0\xe72\x1c\
\xfc%\xd5a\x1f\xe0\x0f\xc4l\xc0\xc4\xc2}\xa9\x9a3\
\x00\xe5l\x08|\x87\xb8\x91O\x92jt\x0e\xf1\xe8s\
V\xe1~T\xc9\x19\x802\x0e\x22\xb6\xc78\xf8K\xaa\
\xd9.\xc0\xa5D\x08P\xc3\x0c\x00\xcd\x9a\x0e\x1c\x07\x9c\
\x80\xc7\xf7J\x12\xc04\xe0\xdb\xc0wG\xfe\xac\x86\xf8\
\x08\xa093\x81\x1f\x107\xf6I\x92\xfe\xd65\xc0\xfe\
\xc0\x15\xa5;R\x03g\x00\x9aq0\xf0[\x1c\xfc%\
\xe9\xa9l\x0c\x9cO<&U2g\x00rM\x04>\
C\x5c\xde3\xc8\xe6\x01W\x037\x10\x8bu\xfe\x0c\xdc\
\x0a\xdc\x0d\xdc5\xf2\xf3a\xe2\xe4\xaf{\x8b\xf4P\xaa\
\xc3t\xe2\xcc\x90e\x80U\x81\xd5F~>\x0dX\x9f\
\xd8R<\x03x&\x83=\x9d>\x0c\x1c\x0d\xbc\x9f\xb8\
lH\x09\x0c\x00y\x96\x07\xfe\x17\xd8\xb7tGFi\
\x0e\x91\xc0/ \xb6'^F\x0c\xfc\x92\x06\xc7\x10\x11\
\x04\xb6\x02\xb6\x04v \x16\x1dO/\xd7\xa51\xf9!\
\xf0\x1a\xe0\x81\xd2\x1d\xe9\x22\x03@\x8e\xb5\x80\x93\x81m\
Kw\xa4\x07\xf7\x03g\x11\x87s\x9cM\xec\xcf5q\
K\xdd3\x01\xd8\x0c\xd8\x8d\xd8\x8b\xff|`\xb9\xa2=\
\xea\xcd\x85\xc4\x17\xa9;Jw\xa4k\x0c\x00\xfd\xb7\x09\
p\x1a1\x1d\xd7V\xb7\x03'\x11\xe9\xfa\xd7\xc4\xf4\xbd\
\xa4\xbaL\x05v%\x16\xdd\x1d\x00\xac^\xb6;O\xe9\
\x06\xe0\x85\xc0U\xa5;\xd2%\x06\x80\xfe\xda\x1a\xf8\x19\
\xed\xfcE\x9a\x0f\x1cO<\x96\xf8\x15\xb0\xa8lw$\
\xb5\xc8D\xe0y\xc0\xab\x80W\x10\x8f0\xdb\xe6v\xe2\
\xc4\xd4\xcbJw\xa4+\x0c\x00\xfd\xb3\x03\xf1\xcd\x7f\xe5\
\xd2\x1dy\x82\x8b\x81\xaf\x12\x03\xff}\x85\xfb\x22\xa9\xfd\
\xa6\x11A\xe0-\xc06\x85\xfb\xf2D\xf7\x10\x8f/.\
*\xdd\x91.0\x00\xf4\xc7\xee\xc43\xff\x15Kwd\
\xc4b\xa2?\xffFL\xf1K\xd2X\xec\x0e\xfc?\xe0\
\xc5\xb4g\xdb\xf8<\xe0%\xf8\xd96n\x06\x80\xf1\xdb\
\x098\x03X\xa1tG\x80\x85\xc4\xfd\x02\x9f$\x0e\xd4\
\x90\xa4~\x98Il\xc9{5\xed\xb8\xc0g>\xb0\x17\
\xb1[Icd\x00\x18\x9f\xad\x80_R~\xda\x7f1\
\xb1\xa8\xefC\xb8HFR\x9e\x99\xc0\x91\xc4#\x82\xd2\
A`.\xf0\x02\xe21\xa7\xc6\xc0\x000v\xcf\x22\x16\
\xd3\xadY\xb8\x1f\xff\x07\xfc3\xf0\xfb\xb2\xdd\x90T\x91\
m\x80/\x10[\x0aK\xba\x13\xd8\x83\xd8\xbe\xacQ2\
\x00\x8c\xcdz\xc4\xd4\xd3\xd3\x0a\xf6\xe1\x06\xe0\x08\xe2\x9b\
\xbf$5m\x888\xb2\xf7h\xe23\xb1\x94\x9b\x81\x1d\
\x81\xd9\x05\xfb0\x90\xda\xb2\xa8c\x90L#\x16\xd8\x95\
\x1a\xfc\x17\x03\xc7\x10\xa7{9\xf8K*e\x98\xb8\xd9\
t\x13\xe0\xd3\x94\xdbZ\xbc.q\x90\xd9J\x85\xda\x1f\
X\xce\x00\x8c\xced\xe0T`\xcfB\xed_\x0e\xbc\x11\
\xb7\xc0Hj\x9f\x1d\x80\xaf\x13\xa7\x0d\x96p:\xf0R\
b1\xb4z\xe0\x0c\xc0\xe8|\x992\x83\xff0\xf09\
`;\x1c\xfc%\xb5\xd3\x85\xc4\xf1\xe7_$>\xb3\x9a\
\xb6\x0f\xf0\x1f\x05\xda\x1dX\xce\x00\xf4\xee\x1f\x80/\x15\
h\xf7\x16\xe0u\xc0\xcf\x0b\xb4-Ic\xb1\x0f\xf0-\
\xca,\x92~\x0bq\xf8\x99\x96\xc2\x00\xd0\x9b\x1d\x89\x15\
\xffS\x1an\xf7\x1c\xe2X\xce[\x1bnW\x92\xc6k\
\x0d\xe08\xe2\x88\xe1&=L\xecN\xf8M\xc3\xed\x0e\
\x1c\x1f\x01,\xdd\x9a\xc0\xf7i~\xf0?\x86\xb8\xad\xcb\
\xc1_\xd2 \xba\x838\xbb\xff\xd3\x0d\xb7\xbb\x0c\xf1\x99\
\xdd\xc6;YZ\xc5\x00\xf0\xd4&\x00\xc7\x02\xeb4\xd8\
\xe6\x02\xe0\x0d\xc0[G\xfe,I\x83j!\xf0>\xe0\
\xcd4\xbb8\xef\xe9\xc0w\x89\xad\x8aZ\x02\x03\xc0S\
{\x0f\xcdN_\xdd\x07\xbc\x0c\xf8f\x83mJR\xb6\
\xaf\x11\xd7\xf9\xcem\xb0\xcd\xbd\x81\x7fj\xb0\xbd\x81\xe3\
\x1a\x80%{\x0ep\x1e\xcdM\xfd\xdf\x02\xfc\x1dpE\
C\xedIR\xd3\xb6$\xeeNY\xab\xa1\xf6\x1e&\xb6\
'^\xdaP{\x03\xc5\x00\xf0\xe4\x96#\xce\x97\x9e\xd9\
P{7\x12gZ_\xdbP{\x92T\xca\x06\xc0/\
\x80\x0d\x1bj\xef\x0f\xc4\xf6\xc4\x07\x1bjo`\xf8\x08\
\xe0\xc9}\x82\xe6\x06\xffk\x80]q\xf0\x97T\x87\x1b\
\x88\x05\xceM}\xe6m\x0a\xfckCm\x0d\x14g\x00\
\xfe\xd6\xf6\xc4\xd4\x7f\x137]\xddHlW\xf9s\x03\
mIR\x9b\xac\x0b\x9cM\xcc\x08d[D<\x0a\xf0\
\xe6\xc0\xc70\x00<\xde\x14\xe2\x0d\xb2y\x03m\xcd&\
\x06\xff\xeb\x1bhK\x92\xdah#\x22\x04\xac\xdd@[\
\x97\x11\x8f\x02\xdc]5\xc2G\x00\x8f\xf7>\x9a\x19\xfc\
\xef\x22\x8e\x14v\xf0\x97T\xb3\xeb\x88\xd5\xfa\xf74\xd0\
\xd6\x96\xc0\xbb\x1ahg`8\x03\xf0W\x1b\x10\x8bE\
\xa6&\xb7\xf3\x101\xf8\x9f\x9b\xdc\x8e$\x0d\x8a]\x89\
\xe3\xce\x97In\xe7A\xe2\xf6B\x1f\xbb\xe2\x0c\xc0c\
\x1dM\xfe\xe0?\x0c\xbc\x09\x07\x7fIz\xac_\x03\x87\
\x91\x7f\x89\xd0\xb2\xc4\x22oa\x00x\xd4\xee\xc0\x01\x0d\
\xb4\xf3a\xe0{\x0d\xb4#I\x83\xe6x\xe0\xe3\x0d\xb4\
s\x08\xf0\xdc\x06\xdai=\x1f\x01\xc4j\xff\xdf\x02[\
'\xb7s2\xb0\x1f\xb08\xb9\x1dI\x1aT\x13\x80S\
\x88\xdb\x043]D\x5c\xf2V\xf5\xe7\xb13\x00\x91\x06\
\xb7Nn\xe3\x1a\xe0\xb5T\xfef\x93\xa4\xa5X\x0c\xbc\
\x8aX\x1c\x98i;\x9a\x99\xf5m\xb5\xdag\x00&\x02\
W\x02\xcfJlc\x01\xb03\x918%IK\xd7\xc4\
Q\xecW\x13\x87\x04-Jl\xa3\xd5j\x9f\x01x\x1d\
\xb9\x83?\xc0\x07p\xf0\x97\xa4\xd1\xb8\x18\xf8Hr\x1b\
\xcf$f\x80\xabU\xf3\x0c\xc0\x14\xe0*`Fb\x1b\
\xbf$\xb6\xfc9\xf5/I\xa33\x118\x93X\xa4\x9d\
\xe5Zb[`\x93W\x15\xb7F\xcd3\x00\xaf!w\
\xf0\x9f\x0f\xbc\x01\x07\x7fI\x1a\x8bE\xc4g\xe8\x03\x89\
m<\x0388\xb1~\xab\xd5\x1a\x00\x86\xc8?\x11\xea\
\x83\xc0\xac\xe46$\xa9\xcb\xae\x07\x8eJn\xe3\x08b\
L\xa8N\xad\x8f\x00^\x08\x9c\x9aX\xffBb\xe1_\
\xb5\x8bK$\xa9O&\x02\x17\x10\xe7\xf8g\xd9\x8b\xb8\
\xa2\xb8*\xb5\xce\x00\xbc;\xb1\xf6b\xe0\x1d8\xf8K\
R?,\x02\xdeJ\xee\xe3\xd4\xcc1\xa1\xb5j\x0c\x00\
[\x10wQg\xf9&q\xb0\x90$\xa9?~\x07|\
'\xb1\xfe\xde\xc4\x96\xc0\xaa\xd4\x18\x00\xde\x9cX\xfb>\
\xe0C\x89\xf5%\xa9V\xef\x05\xe6%\xd5\x1e\x22\xeei\
\xa9Jm\x01`Yb\xf5\x7f\x96\xa3\x81[\x13\xebK\
R\xadn\x07>\x9fX\xff\xb5\xe4\xdfF\xd8*\xb5\x05\
\x80\x03\x81\x95\x93j\xdf\x0d\xfc{RmIR\x04\x80\
{\x92j\xaf\x0a\xbc<\xa9v+\xd5\x16\x002\xa7x\
>M\xde\xf4\x94$\x09\xe6\x02\x9fM\xac\x9f\xf9\x88\xb8\
uj\xda\x06\xf8t\xe0\xcf\xe4\xec\xf7\xbc\x0bX\x9f\xdc\
\x03+$I\xb0\x02\xf1Y\xbeJB\xed\xc5\xc4Xq\
KB\xed\xd6\xa9i\x06\xe0\x15\xe4\x1d\xf6\xf0%\x1c\xfc\
%\xa9\x09\xf3\x81/'\xd5\x9e@<*\xaeBM3\
\x00\x17\x02\xdb'\xd4}\x988R\xf8\xb6\x84\xda\x92\xa4\
\xbf\xb5\x061\x0b05\xa1\xf6\xb9\xc0.\x09u[\xa7\
\x96\x19\x80\x19\xc4\xfd\xcf\x19\xbe\x8b\x83\xbf$5\xe9\x0e\
\xe0\xd8\xa4\xda;\x11\x8f\x01:\xaf\x96\x00\xf0r\xf2\xa6\
\xff\xff;\xa9\xae$i\xc9\xbe\x92Tw\x08\xd8/\xa9\
v\xab\xd4\x12\x00^\x94T\xf7R<\xf5O\x92J\xb8\
\x10\xf8}R\xed}\x92\xea\xb6J\x0d\x01`y`\xd7\
\xa4\xda~\xfb\x97\xa4r\xbe\x91T\xf7y\xc4\xc1q\x9d\
VC\x00x>9\xa7;-\x00NH\xa8+I\xea\
\xcdw\x81G\x12\xea.\x0b\xec\x96P\xb7Uj\x08\x00\
YS9?#\xefD*I\xd2\xd2\xcd\x01\xceJ\xaa\
\xdd\xf9\xc7\x005\x04\x80\xdd\x93\xea\x1e\x9fTW\x92\xd4\
\xbb\xac\x99\xd8\xce\xcf\x00t\xfd\x1c\x80\xe9\xc4\x19\xfd\xfd\
\x0e:\x8f\x10\xfbP\xe7\xf6\xb9\xae$itV&.\
\x0a\x9a\xdc\xe7\xba\x8bFj\xdf\xd7\xe7\xba\xad\xd1\xf5\x19\
\x80\x9d\xc8\xf9g<\x17\x07\x7fIj\x839\xc0\x05\x09\
u'\x02;&\xd4m\x8d\xae\x07\x80\x9d\x93\xea\x9e\x96\
TW\x924zY\x9f\xc9YcH+t=\x00\xec\
\x90T\xf7\xf4\xa4\xba\x92\xa4\xd1\xcb\x0a\x00\xcfM\xaa\xdb\
\x0a]_\x03p\x07\xb0z\x9fk\xde\x09\xac\x09t\xfa\
_\x9c$\x0d\x90!b\x1d@\xbf?\xefo\x03\x9e\xd6\
\xe7\x9a\xad\xd1\xe5\x19\x80\xb5\xe9\xff\x9b\x01\xe0\x1c\x1c\xfc\
%\xa9M\x86\xc9Y\x07\xb0\x16\xb1\xe0\xbb\x93\xba\x1c\x00\
\xb6L\xaa{nR]I\xd2\xd8e}6o\x91T\
\xb7\xb8.\x07\x80\xac\xbf\xb4\xf3\x93\xeaJ\x92\xc6.+\
\x00d}\x99,\xae\xcb\x01`fB\xcd\xc5\xc4\x05@\
\x92\xa4v\xb9\x94\x9c\xc7\xb3\xcfJ\xa8\xd9\x0a]\x0e\x00\
\x1b$\xd4\xbc\x16\xb8?\xa1\xae$i|\xee\x03nH\
\xa8\x9b1\x96\xb4\x82\x01`t.K\xa8)I\xea\x8f\
\xcb\x13j\x1a\x00\x06\xcc$`\xdd\x84\xba\x7fH\xa8)\
I\xea\x8f+\x13j\xaeOG\xc7\xcaN\xfeC\x11\x83\
\xff\xa4\x84\xba\x19\xd3K\x92\xa4\xfe\xc8\xf8\x8c\x9e\x02\xac\
\x93P\xb7\xb8\xae\x06\x80\xb5\x93\xea\x1a\x00$\xa9\xbdf\
%\xd5\xed\xe4a@]\x0d\x00\xab&\xd5\x9d\x95TW\
\x924~Y_\xd2\xb2\xc6\x94\xa2\x0c\x00\xbd\x1b\x06n\
I\xa8+I\xea\x8f\xd9IuWK\xaa[TW\x03\
@\xc6\x11\xc0s\x81\x05\x09u%I\xfd\xf1\x100?\
\xa1\xae\x01`\x80\xac\x92P\xf3\xee\x84\x9a\x92\xa4\xfe\xba\
+\xa1\xa6\x8f\x00\x06\xc8\xb2\x095\x0d\x00\x92\xd4~\x19\
\x9f\xd5\xcb%\xd4,\xae\xab\x01`\x99\x84\x9a\x19\xd3J\
\x92\xa4\xfe\xca8\xaduJB\xcd\xe2\xba\x1a\x002\xfe\
\xb2\x1eI\xa8)I\xea\xaf\x87\x13jf|\xa9,\xce\
\x00\xd0;\x03\x80$\xb5\x9f\x01\xa0G\x06\x80\xde\xb9\x03\
@\x92\xda\xcf\x00\xd0\xa3\xae\x06\x80\xa1\x84\x9a\x8b\x13j\
J\x92\xfa+\xe3\xb3:cL)\xae\xab\x01@\x92$\
=\x05\x03\x80$I\x152\x00H\x92T!\x03\x80$\
I\x152\x00H\x92T!\x03\x80$I\x152\x00H\
\x92T!\x03\x80$I\x152\x00H\x92T!\x03\x80\
$I\x152\x00H\x92T!\x03\x80$I\x152\x00\
H\x92T!\x03\x80$I\x152\x00H\x92T!\x03\
\x80$I\x152\x00H\x92T!\x03\x80$I\x152\
\x00H\x92T!\x03\x80$I\x152\x00H\x92T!\
\x03\x80$I\x152\x00H\x92T!\x03\x80$I\x15\
2\x00H\x92T!\x03\x80$I\x152\x00H\x92T\
!\x03\x80$I\x152\x00H\x92T!\x03\x80$I\
\x152\x00H\x92T!\x03\x80$I\x152\x00H\x92\
T!\x03\x80$I\x152\x00H\x92T!\x03\x80$\
I\x152\x00H\x92T!\x03\x80$I\x152\x00H\
\x92T!\x03\x80$I\x152\x00H\x92T\xa1\xae\x06\
\x80\x05\x095\x1fI\xa8)I\xea/?\xff{\xd4\xd5\
\x00pkB\xcd[\x12jJ\x92\xfa\xcb\xcf\xff\x1eu\
5\x00\xcc\x1a\x90\x9a\x92\xa4\xfe\x9a5 5\x8b\x1b\x1a\
\x1e\x1e.\xdd\x87\x0c3\x80\x1b\xfa\x5cs\xc3\x84\x9a\x92\
\xa4\xfe\x9a\x81\x9f\xff=\xe9\xf2\x0c\xc0o\xfbX\xef7\
t\xf0/_\x92:h\x16~\xfe\xf7\xa4\xab\x01\x00\xe0\
\x83-\xad%I\xca\xe5\xe7\x7f\x0f\xba\x1c\x00\xce\x00N\
\xecC\x9d\xe3\x80\x9f\xf7\xa1\x8e$\xa9\x19~\xfe\xf7\xa0\
\xabk\x00\x1e\xb5<\xf0k`\x9b1\xfe\xff/\x06v\
\x03\x1e\xe8[\x8f$IM\xf0\xf3\x7f)\xba<\x03\x00\
p?\xb0;\xf0\xd31\xfc\x7f\xcf\x00\xf6\xa4\xc3\x7f\xf9\
\x92\xd4a~\xfe/E\xd7\x03\x00\xc0}\xc0~\xc0\xe1\
\xc0\x9d=\xfc\xef\xef\x00\xde\x01\xbc\x18\xb87\xadW\x92\
\xa4l~\xfe?\x85\xae?\x02x\xa2\x15\x81\x97\x8d\xbc\
6\x03\x9e>\xf2\xdf\xdf\x04\x5c\x01\xfc\x18\xf8\x09\xf1\xa6\
\x91$u\x87\x9f\xffOP[\x00\x90$I\xd4\xf1\x08\
@\x92$=\x81\x01@\x92\xa4\x0a\x19\x00$I\xaa\x90\
\x01@\x92\xa4\x0a\x19\x00$I\xaa\x90\x01@\x92\xa4\x0a\
\x19\x00$I\xaa\x90\x01@\x92\xa4\x0a\x19\x00$I\xaa\
\x90\x01@\x92\xa4\x0a\x19\x00$I\xaa\x90\x01@\x92\xa4\
\x0a\x19\x00$I\xaa\x90\x01@\x92\xa4\x0a\x19\x00$I\
\xaa\x90\x01@\x92\xa4\x0a\x19\x00$I\xaa\x90\x01@\x92\
\xa4\x0a\x19\x00$I\xaa\x90\x01@\x92\xa4\x0a\x19\x00$\
I\xaa\x90\x01@\x92\xa4\x0a\x19\x00$I\xaa\x90\x01@\
\x92\xa4\x0a\x19\x00$I\xaa\x90\x01@\x92\xa4\x0a\x19\x00\
$I\xaa\x90\x01@\x92\xa4\x0a\x19\x00$I\xaa\x90\x01\
@\x92\xa4\x0a\x19\x00$I\xaa\xd0\xff\x07\xe5L\x17i\
\x1ae\x04\xd3\x00\x00\x00\x00IEND\xaeB`\x82\
\
\x00\x00\xb9\xcc\
\x89\
PNG\x0d\x0a\x1a\x0a\x00\x00\x00\x0dIHDR\x00\
\x00\x02\x00\x00\x00\x02\x00\x08\x06\x00\x00\x00\xf4x\xd4\xfa\
\x00\x00\x00\x09pHYs\x00\x00\x0e\xc3\x00\x00\x0e\xc3\
\x01\xc7o\xa8d\x00\x00\x00\x19tEXtSof\
tware\x00www.inksca\
pe.org\x9b\xee<\x1a\x00\x00 \x00ID\
ATx\x9c\xec\xbdw\xb8$Wu\xf6\xfb\xee]\xa1\
\xf3\xc9yr\x1e\x8d\xd2\xa0Q\x00\x8c\xc8\x88d\xc0\x18\
$ad\xa2I\xb6\xc9&XB\x82c\x0c\xe6\x03\x9b\
\x8b\xfd\x99\xeb\x0b\x0e\x5c\xe2g_\xe0\xf3\xf55\xc1\x96\
\x88\x92P@9\xcc\x8c&\xa7\x93\xf3\xe9\xdc]a\xaf\
\xfbG\xf5Is\xfa\xe4\xea\xaa\xea\xee\xfd{\x9ey\xe6\
tUu\xed5s\xba\xeb]{\xed\xb5\xd7b\x90H\
$\x81\x87\x1e\xbb\xb1\xdd2\xf8\xb3L\x9b_\x0e\x8d\xef\
\xe0L\xeb\x80\xa2\xb5\x82\xf3f\xae\x86\xe2\xc4\xd58W\
\xb4\x10St\x9d8\xe7`\x8a\xcaU\x9d\x83)\x0cJ\
\x88\x83\xcd\xdd\x8bq\x9d\x81\xf3\x85\x03\x08\x01\x12\x06\xcd\
\x0d\x08\xc0.\x0a\x22\x9b\xc82\x04\xc8\xb6\x98\x10\x82l\
\xa3(l\xd3\x8003\xb0\x8c4\x13\xf6\x94\xd0\xdar\
\x5cmH\xd9f\xfe,\x17\xd6\xe3\xba\xce\x1e`\x07\xfe\
j\xc8\x9b\xff\x19\x89D\xb2^\xd8\xca\x97H$\x92J\
A\xd4\xcb\x8dc\x83\x97\xb2t\xe1z\xc1\xf9\xe5\xd0\xf4\
\xddL\x8dl\xe1Z\xa4\x05Z$\xce\xb4\xa8\xce\xf5\x18\
\x07W\x83\xf9]\xe5\x09\xb0\xd0n\x80]\xecP\x98D\
f\x9a\xc8\xce[df\x0a0sIa\xe6F`\xe5\
\xcf\x90(<\xc1\xb8\xf5sm\xaf\xf2(c\xbd\xc2\x1f\
\xc3%\x12I0\x1f*\x12I\x8da\x1c{\xff\xd5v\
.\xfb\x0a\xce\xf5CL\x0b\xed\xe6z\xbc\x0b\xa1D\x03\
\x0f7i\xe0Ju~\x0fy\xbc$\xfe\xca\xfa\xdeO\
&\x911m\x8bB2\x0f+5N\xc5\xec9P\xf1\
1\xa8\xd1\x1f\xab\xdb\xdf\x7f7c\x8cV\xbe\x89D\x22\
Y/\xd5\xf9\xe0\x91H\x02\x0a]\xf8\xd8eF:\xfb\
\x1a@{\x9e\xa2E\xf6\x22\x94\xe8b\xe1\xa6\x18S\xf4\
\xda\xfa\xaemT\xfcW\x80l\x83\xc8\x984\xa90\x9d\
\xa4\xe2\xd49\xb2\x92\x0f\x22\xa2~W\xdf\xf2\xc9\x87*\
2\xa0DR\x87\xd4\xd6CI\x22\xf1\x08\xa2^\x8e\xf3\
\x99\xeb\x8cl\xee\xf7\x19\x0b]\xcf#\x8d\xbby\xb8\xa5\
\x09Z\xb82\x8a\x18$\x96\x0a\xfbW\x1a\x02\xc8J\x13\
\x15\xc7r\xa201H\xc5\xf4\xc3,\xac|G\xdd\x9c\
\xbaK.%H$kG:\x00\x12\xc9*\xa0\xe1\x8f\
u\x98\xc9\xe4\x1ba\x85\xdf\xc0\xc3M\x97\xb1h[\x1b\
\xd3\x22\x1e+`\x00\xa8\xf0\xcc\x7f=\x90] Q\x18\
\xcf\xb3\xe2\xc4iP\xe1\xa7<T\xf8g\xd6\xf1\xd1S\
~\xdb%\x91\x04\x1d\xe9\x00H$e\xa0\xc1\xdb\xae2\
\x93\xb9\xb7+z\xf8\x06\x0a\xb5n\xe7\xe1\xc6\x90\xdf6\
\xf9N\x00\xc5\xbf\x1cD\x04\x98I\x93\xf2##\x10\xa9\
\xbb\xb9\x16\xfd\x1a\xebx\xebo\xfc\xb6K\x22\x09\x1a\xd2\
\x01\x90H\x00P\xdf\x1d\x97\x9bf\xf1]\x0a\x0b\xbd\x0c\
\xa1\xe6]L\x8f\xeb~\xdb\x14(\xfc\x0a\xfb\xbb\x04\x99\
i\x9b\x0aC#\xa20~\x9f\xaa\xdb\x7f\xcd\xba?\xfc\
\xb0\xdf6I$~#\x1d\x00I]BGzu;\
\x9c\xbe\x91,\xf6>\x16m\xb9\x92\x87\xdb\x12\xf2\xdb\xb0\
\x04U2\xf3_5\x04\x909eRa\xf8<g\xc5\
\x7f\x85f}\x99\xb5\xbc7\xe9\xb7Y\x12\x89\xd7\xc8G\
\x9e\xa4n\xa0\xfe;\xae4\xb3\x99?Q\xd4\xe8\xcb\x11\
\xef\xda\xc2\x94PuNg\xbd\xa4\xcag\xfe\xab\x81\xc8\
\x22\xe4GS\xc2\x18{H\x09Y_f\xad\xef\xb9\xd3\
o\x9b$\x12/\x90\x0e\x80\xa4f\xa1\xd1\xde\xb8m\xda\
7\xc1\xa0\xb7\xb0P\xd35Lo\x88\xf9m\xd3\xba!\
\x0b\x109@\xe4\x01Q\x00\xa8\x08\x90\x01\x90\x01\xa2\x22\
 \x8c\xd2k\x13\x80p\xae'\x13\x80\xed\xfcM\xf3\xb6\
\xd4\xcf\x5c\xb3\x00\x0e0m\xee%c\x80\xb6\x19\xac\xe1\
\xa5\x00\x0b\x95\xce3\x00J)\x120\xf3\xb7\xea\xfc=\
\xfb\xb3\x060\x15\xac\x8a\xa3\x05d&\x0d\x14FN\x12\
r\xdf\xe2|\xfck\xac\xfd\x93i\xbfm\x92H*\x81\
t\x00$5\x05\xd1\xf7u{\xf0\x99\xb70C|\x90\
E\xdb/\x85\xa2\x07[\x89\x08\x80\xc8\x02\x22S\xfa;\
\x0b\x12\x19\xc0\xce\x96\x04?\x07P\xde\x11t/\xd1\xba\
\xc0\x1a^\xb1\xd0)X\x13\x1c`3\x0e\x81>\xefo\
}\xc11\xc6\x82\xfd\x08\x22\xbbH(\x0c\xf63\xe4\xbf\
\x01J\xfd\x0d\xeb\xf8\xd3\x8c\xdf6I$n\x11\xeco\
\x9fD\xb2\x0a\x88\xbe\xaead\xec\x8dv\xc1~?\x8f\
\xb4^\x03E_\xafjU\x0e;\x0b\xd8\xd3\x80\x9d\x04\
\x89\x14`\x97\xfe\x88\x14@\xb6\xdf\xd6-D\xeb.\x89\
\xbfZ\xe1\x818\xc0C%g \x5c\xfa9\x04\xf0\x08\
\xd8\xba\x1d\x8f\xcaA\xb6!P\xe8\xef#^\xf8&\x17\
\xc6\x97Y\xfb\x1f\xc9\xc8\x80\xa4\xaa\x91\x0e\x80\xa4*!\
\xeaU1$^g\x17\xc5\x87X\xa4\xfd\xd9L\x8d\x04\
C1H8\xc2n\x8d\x81\xeci\xc0\x9e\x02\xac1g\
&_\x0dlx\xe6\xef\x12L\x01X\x04\xe0\xe1\xd2\xdf\
\xd1\x92c\x10\x8c\x80\x0e\x09C\xa08|\x8e\xb8\xf1m\
\x9e\x19\xf8\x12\xdb\xf2\xd1\xbc\xdf6I$kE:\x00\
\x92\xaa\x81\x08\x0cc\x9f~#\x99\xda\xfbHiz\x1e\
SC\xfen\xd5\xb3\x93\x805\x01\xb2&\x1d\xa1\xb7'\
\x00;\x03'\xae_\x85\x04E\xfc\x97\xa3\x14!\x00\x8f\
\x94\x1c\x83\x08\x18\x0f\xfbj\x12Y9\x1b\xe6\xc8\x11\x86\
\xf4W\xd1\xf2\x8e\x7ff\xacZ?\x00\x92zC:\x00\
\x92\xc0C\xa3\xbd]\xa2H\x1f\x01O\xbc\x87\x85\x1a\x9a\
\xfc1B\x00\xf6$`\x8e\x80\xaca\xc0\x1cr\x12\xf2\
j\x85j\x10\xff\xa5`J)B\x10\x9f\xfd\xc3|\xda\
\xb5@V\xaa \xac\xf1\x9f+\xc8\xdf\xcaZ\xdez\xd8\
\x17#$\x92U\x22\x1d\x00I !\xbaQ\xb1\x87v\
\xde\xcc\xac\xd0\x9f\xb1H\xf7A0\xc5\xdb'\xba\xc8\x01\
\xd68\xc8\x1c\x01\xaca'\x8c\x1f\xb4\xb5z\xb7\xf0l\
\xcd\xdf+\x98\xb3t\xc0cs\x0e\x01\xf7\xb6\x90#\x91\
 f\x8c\x0e\x0a1\xfa\x0d\xde\x12\xfb\x1cc7\x19\x9e\
\x1a \x91\xac\x02\xe9\x00H\x02\x05\xf5\xdd\xbe\x07J\xf8\
\x13\x82\xc7\xdf\xc4\xd4h\xdc\xb3\x81\xed,`\xf6\x83\xcc\
A\xc0\x1c\x01D\x9d\xe4wU\xf3\xcc\x7f-0\xddq\
\x06\x94\x04\xc0\x1b\xc0\xb8w\xabGdeMX#\xf7\
\xb1\xe2\xf8'Y\xf7\x1f\xcbn\x86\x92\xc0 \x1d\x00\x89\
\xef8\xb3\xfdK\xde\xcc\x11\xf9\x10i-W1/\xf6\
\x86\x11\x01\xd6(\xc8\xb8\x00\x98\x03\x805\x8e\xaa]\xbb\
_/\xf5\x22\xfe\xe5`!\xc7\x19P\x9a\x9cbG\x9e\
,\x19\x10\x911>B\xd6\xd87\xf8\xd4\xd4g\xd9\x9e\
\x0f\x16=\x18T\x22Y\x12\xe9\x00H|\x83\x86nm\
\x17,v;X\xe2\x1dL\x89$*>\xa0\x9d\x04\x8c\
~\x90\xd9\xe7\xac\xe1{\xbd\xb7>H\xd4\xb3\xf8/\x82\
\x97\x9c\x81\x86Rt\xa0\xf2I\x85dg\x8a\xcc\x9e\xf8\
O4j\x1fa\xec5\x03\x15\x1fP\x22)\x83t\x00\
$\x9eC}\x7f\xb9G(\xfag\x98\x96\xb8\x11L\xad\
\x5c,\x96\x84\x13\xd67\xfa\x00\xb3\x0f\xb0\xeb$\xac\xbf\
\x125\xb7\xe6\xef2,\xe48\x03J\xa3\xe3\x10T*\
 E\x80(\x9c\xb2Y\xf1\xf8\x8f\x192\xb7\xb2\x9e/\
=S\x99\x81$\x92\xf2H\x07@\xe2\x19\xd4\x7f\xfb\x8b\
m\x1e\xe9\xe5Z\xeb\xef\x80\xf1\xca\xc4\x5cgC\xfbg\
\x80\xe2\xe9\xda\xca\xd4w\x039\xf3_\x1bLq\x96\x09\
\x94fw\x9d\x01\x82\x13\x89\xb2F\x9d\x97D\xc4\xcc\xf1\
\x87\x19\xa6?\xc3z\xfe\xfa\xbf\xdd\x19D\x22Y\x1e\xe9\
\x00H*\x0e\x0d~\xfa\x0d\xc4\xe2\xbd\xa46]V\x91\
\xc9\x94\x14\xfd\xd5!\xc5\x7fc\xb8\xe5\x0c\x5c$\xfe\x8b\
\xb0\xd2gId\xbf\xc4\xbb\xc5?2\xd6{q\xd3\x06\
\x89\xc45\xa4\x03 \xa9\x084\xf8\x9e\xa8\xa0\x9eO@\
m\xfcc\xa6\xc4:\xdc\x1f@\x00\xe6\x00\xa8x\x060\
\xce;\xcdq$K#\xc5\xdf]\x98\xea,\x11\xac\xd5\
\x19XI\xfc\xe7c\xe7\x86I$\xff\x81[\xd3\x7f\xc3\
\xb6|Ez\xb5\x12\xd7\x91\x0e\x80\xc4U\xe8\xe4\x07B\
\x22\xde\xfdI\xa64|\x18\x5cov}\x00s\x04T\
8\x0e\x18\xe7\xa4\xe8\xaf\x16)\xfe\x95\x85\xa9\xa5\xc8@\
+\x98\xb2\xcc\xce\xd5\xb5\x88\xff|\xecB\x8a\xac\xd1\xaf\
sq\xfc3l\xcb\x0f\xa4# q\x0d\xe9\x00H\x5c\
\x81\xe8FE\x0c]\xfe!\xa64\xdd\x06%\xdc\xea\xea\
\xcdE\x110\xce\x82\x0aG\x00k\xd2\xd5[\xd7<R\
\xfc\xbd\x85\x85\x01\xb5\x15P[\x1764Z\xaf\xf8\xcf\
G\x14\xa7\xc9\x9a\xfa\x07>%\xfe\x82]\xda+\x0b\x0b\
I6\x8ct\x00$\x1b\xc2\x11\xfe}\xef\x07o\xfd\x14\
Sc\xed\xee\xdd\x18\xa5\x10\xff1\xa0x\x0e\x8b\xfb\xd7\
KVD\x8a\xbf\x8f\xb0\xd2N\x82V':`\xf6o\
L\xfc\xe7Av~\x0cv\xf2\x7f\xf2n\xf1?\x18\xeb\
\xad\xe3\xbd\xac\x92\x8d\x22\x1d\x00\xc9\xba \x02\xb3\xfbo\
}\x17\xd7\xbb>\x0d%\xb2\xd9\xb5\x1b\xdbY\xa0x\x0a\
T|Fn\xdb\xdb\x08R\xfc\x83\x01\x01\x94\x7f\x0c \
\x1b,\xbc\xdf\xa97\xe0\x16\xa20L\xd6\xf4_\xf3n\
\xf1\xb72YP\xb2\x1e\xa4\x03 Y3\xd6\xe8\xe7\xde\
\xc6)\xfeY(\xd1\xad\xae\xdc\x90\x080\xce\x81\x0a\xc7\
\x9c\xaa|\xf5V\x91\xcfm\xa4\xf8\x07\x03\x02({\x1f\
P8Z:\xc0\x00}3Xh?\xa0o\x03\xdc\xda\
\x12cg\x07\xc8\x1a\xfe\x22\xef\xf9\xe2We'B\xc9\
Z\x90\x0e\x80d\xd5\xd0\xc0\xed\xaf\x15j\xcbW\x98\x12\
\xdf\xe9\xce\x0dM\xa0p\x1cT8,g\xfbn!\xc5\
?\x18,\x12\xff\x8bP\x12`\xe1\xcb\x81\xf0>\xf7\x0a\
2\xd9\x99SL\x8c\x7f\x98u\xff\xd5O\xdc\xb9\xa1\xa4\
\xd6\x91\x0e\x80dEh\xe0\xf6}\xa4\xc4\xff/\xa8\xad\
/\x04h\xe3\x9f\x19\x91\x03\x0a\xc7@\xf9\xc32\x93\xdf\
M\xa4\xf8\x07\x83\x95\xc4\x7f>L\x07\xc2{\xc1\xc2W\
\x00J\xcc\x85\xc1\x19\xc1\x9ax\x80\xd1\xd8\xbbY\xf7\x97\
Wa\x80\xa4\x9e\x91\x0e\x80dIh\xf4O\xe2\xc2\xee\
\xfa\x22S\xdb\xdf\x05\xa6l\xbcd\xaf5\x01\xca?\xed\
\x14\xeb\x91I}\xee\x22\xc5?\x18\xacE\xfc\x17\xc0\x00\
}+X\xe4J@\xebt\xc1\x10a\x921\xf6C^\
<\xfd'l\xc77\xa7]\xb8\xa1\xa4\x06\x91\x0e\x80\xa4\
,\xf6\xe0g\xdf\xc7\xb4\xe6\xcf\x83\x85Z6t#\x02\
`^pf\xfb\xa6\xecyR\x11\xa4\xf8\x07\x83u\x8b\
\xffE\xa8\xed`\xe1K\x81\xd0\xee\x8d\xe7\x09\x08#I\
\xd6\xe4\xdf\xf0\xeeO\x7f^\xe6\x07H.F:\x00\x92\
\x05\xd0\xe0\xed7\x90\xd2\xf2\xf7P\xe2{7v#\x01\
\x14O\x80\xf2O\x02v\xca%\xeb$\x8b\x90\xe2\x1f\x0c\
\xdc\x12\xff\xf9(\x0d`\x91\x83@h\x0f\xb0\xd1v\xc5\
v\xea\x0c3\xc7>\xc86\x7fQ\xe6\x07Hf\x91\x0e\
\x80\x04\x00@\xe7?\xb2\x93\xc2\x1d_\x85\xd2\xf2\xf2\x0d\
=mH\x00\xc5\xd3\xce\xd6')\xfc\x95E\x8a\x7f0\
\xa8\x84\xf8\xcf\x87'\xc0\xa2\x07\x81\xd0\xbe\x0dF\x04\x18\
\xc1\x9c\xba\x87\x99\xa9?b[?w\xda5\xfb$U\
\x8bt\x00\xea\x1c\xa2\x1b\x151x\xd9\x17\x98\xde\xfeA\
05\xb4\x81\x1b\x01\xc5\x93%\xe1\x97\x19\xfd\x15G\x8a\
\x7f0\xa8\xb4\xf8\xcfGi\x00\x8b\x5c\xb5\xf1\xa5\x01a\
\x15\xc9\x1e\xfb[\xdeu\xf8S\x8c\xfd\xc0v\xcf@I\
\xb5!\x1d\x80:\x86\x06?u5\xa9\xad\xdf\x01\x8f\xef\
_\xffM\x00\x18g@\xb9G\x00;\xe9\x9eq\x92\xa5\
Q;\xc1\x1a_)\xc5\xdfo\xbc\x14\xff\xf9(\x89\xd2\
\xd2\xc0\x06#\x02\x22{\x8a\x99\xa3og\x9b\xbep\x9f\
{\xc6I\xaa\x09\xe9\x00\xd4!N\xc3\x9e\xae\xbf\x85\xda\
\xf6n\xc6\x98\xb2\xbe\x9b\xa0$\xfc\x8f\x02\xb6L2\xf6\
\x0c)\xfe\xc1\xc0/\xf1\x9f\x8f+\x8e\x00\xd9d\x8c~\
\x9f\xa3\xef]\xac\xe7\x1fs\xae\xda'\x09<\xd2\x01\xa8\
3h\xe0\xf6\xd7\x92\xd6\xfe5\xf0H\xf7\xfan\x00)\
\xfc~!\xc5?\x18\x04A\xfc\xe7\xa34\x83E\x0f\x01\
\xa1\x1d\xeb\xbf\x87\xc8\x0f2c\xec\xbdl\xf3\xe7~\xec\
\x9ea\x92\xa0#\x1d\x80:\x81N\x7f\xb2QD\x9b\xbe\
\xce\xb4\x96\x1b\xd7\x9d\xe4g\x8d\x83\xb2\x0f\x02\xe6\x90\xcb\
\xd6IVD\x8a\x7f0\x08\x9a\xf8\xcfG\xed\x00\x8b=\
{\xfdu\x04\x88\x11\xc4\xe4]\xcc\x9c\xbe\x85m\xfe\xc2\
\x84\xbb\xc6I\x82\x88t\x00\xea\x00\xab\xff\xcf\xdf\xceC\
=_\x06\x0b\xafoO\xbf\x9du\x92\xfb\x0a\xc7!\xeb\
\xf4\xfb\x80\x14\xff`\x10d\xf1\x9f\x85\x01\xa1\x1d`\xd1\
\xeb\x00%\xbe\xbe[P1I\xe6\xf0\x9f+=\x9f\xff\
\x9a\xbb\xb6I\x82\x86t\x00j\x18\x1a\xf9P'Q\xcf\
\xff\x03\xb5\xf9\x05\xeb\xbb\x81\xe5\xec\xe3\xcf?\x05\x90\xec\
:\xea\x0bR\xfc\x83AU\x88\xff<\x98\x06\x16\xb9\x02\
\x88\x5c\xb1\xbe^\x03\x04\xc0\x9e\xfa\x15\xc3\xd8\x9bX\xd7\
\xdf\xb8\xd3\xc7X\x128\xa4\x03P\xa3\xd0\xc0\xa7_G\
j\xfb\xbf@\x09\xb5\xae\xfd\xcdp\xd6\xf9\xb3\x0f\x01B\
n\xe9\xf3\x0d)\xfe\xc1\xa0\xda\xc4\x7f><\x06\x16\xbd\
\x0a\x08\xed_\xdf\xd3\x9e\x8c)f\x0d\xbd\x97u\x7f\xfe\
\x07\xae\xdb&\xf1\x1d\xe9\x00\xd4\x18t\xa4W\x17-\xca\
\xd7\x98\xd6\xf1\xb6u\xad\xf5\x9b\xa3\xce:\xbf5R\x01\
\xeb$\xabF\x8a\x7f0\xa8f\xf1\x9f\x8f\xda^\xca\x0f\
\xe8Z\xfb{\x09\xc4\xc4\xd8\x7f@\xdb\xf3\x0e\xd6r\x93\
\xdc\xeb[CH\x07\xa0\x86\xa0\xfe\xde\x83Bk\xfa!\
S\xa2\xbb\xd6\xfcf\x91s\x84\xbf(\x0b\x84\xf9\x8e\x14\
\xff`P+\xe2?\x0b\x03B\xbb\x1cG\x80G\xd6\xf4\
>\xa6m\x01\xf1\xf8$+\x8c\xbe\x8d\xb5\xff\xbe\xdc)\
P#H\x07\xa0F\xb0\x87?}+S\xba{\xd7\xdc\
\xb5\x8f\xe0T\xf0\xcb=\x08\x88Be\x8c\x93\xac\x1e)\
\xfe\xc1\xa0\xe6\xc4\x7f\x1eL\x07\x8b^\x0d\x84/]\x85\
\x028\xe2\x0f\xad\xddyI\xc2\x16\xc5\xfe\xff\xcd\x9b\x7f\
\xef\x0f\x18c\xb2\xa5g\x95#\x1d\x80*\x872\xb7u\
\x22\xdb\xfcCR\x1a\x9f\xb7\xe67\xdbIP\xe67\x80\
9X\x01\xcb$kF\x8a\x7f0\xa8e\xf1\x9f\x8f\xd6\
\x05\x16\xbb\x1eP\x9b\x96\xb8\xe0\x22\xf1\x9f\x8f5}\x06\
\xc6\xc8\xabY\xdb\x9b\x8fU\xd4FIE\x91\x0e@\x15\
c\x0d\x7f\xf2M\x9co\xfe\x1ax\xa8qMo$\x01\
\xe4\x9f\x06\xe5\x1f\x05H\x96\x02\x0f\x04R\xfc\x83A\xbd\
\x88\xff,\x1c\x88\x5c\xe1$\x0a.(\x0a\xca\xc0\xf4-\
\x80ZF\xfcK\x90(\x16\xc98\xfb\x19\xa5\xe5\x96/\
V\xdeNI%\x90\x0e@\x15B\xd4\xab\x8a\x11\xf5\x9b\
L\xed|3@k\xfb\x1d\x9a\xc3\xa0\xcc\xbd\xb2\x8a_\
\x90\x90\xe2\x1f\x0c\xeaN\xfc\xe7\xa14\x83\xc5\xaf/\x15\
\x11Zf\xe6\x7f1\x04\x22s\xe8\x17\xac1\xf7j\xc6\
n2*n\xa7\xc4U\xa4\x03Pe\xd0\xd8\x87\xbb!\
\xba\xff\x8b\x94\xe6+\xd7\xf4Fa83\xfe\xfc\x11\xc8\
b>\x01B\x8a\x7f0\xa8g\xf1\x9f\x85\x01\xa1=`\
\xcd7\x83\xe9\x9b\xd6\xf4N2\x93}\xcc\x18})k\
\x7f\xd3\x89\x0a\x19'\xa9\x00\xeb\xef\xfb.\xf1\x1c\xea\xbf\
\xed%D\xbb\x9e^\xb3\xf8\x17\xcf\x81\xa6\x7f\x00\xe4\x0f\
C\x8a\x7f\x80\x90\xe2\x1f\x0c\xa4\xf8\xcf\xc2\xd4v\xc0\x9e\
\x00\xad1B\xc8\xb4\xc6-\x14\xd9\xf2\x04M}\xef\xed\
\x95\xb1LR\x09d\x04\xa0J\xb0\x07\xff\xe2V\xa6u\
\xfe\x05\x18_\xbdZ\x90\xe9l\xed+\xc8<\x9d\xc0!\
\xc5?\x18H\xf1/\xc1\xc0\xe2\xbf\x03\x84/\x99;\xa4\
\xb6\x02\xda\x16\xac\xa5a(\x11\x09f\xf6}\x935\xbd\
\xfe\x8f*`\xa4\xc4e\xa4\x03\x10p\x9c\xc2>\xa1o\
3\xad\xf5\xe65\xbd\xd1\x1c\x05e~\x05\xd8\xa9\x0aY\
&Y7R\xfc\x83\x81\x14\xff\x12\x0c,\xf6\x5c r\
\xa0\xcc)\x1d\xd0\xb7\x83)\x895\xdd\x91\x8c\xb1'\x99\
=\xfe|\xd6\xfa\x87\xf2\x01\x14`\xa4\x03\x10`\xa8\xef\
\xe3{H\xef\xfa)\x94\xc4\xee\xd5\xbf\x89\x80\xfc\xe3\xa0\
\xdc\xe3\x00\xe46\xdd\xc0!\xc5?\x18H\xf1/\xb1\x8c\
\xf8\xcf\xbb\x06j'\xa0\xf5\x80\xb15H\x86\x9d\x19\x85\
}\xe1\x95\xac\xe9-\x8fm\xd8LIE\x90\x0e@@\
\xa1\xa1\xdb\xdfHj\xf77\xc0\xb4\xd5\xbb\xdev\x12\x94\
\xfe\x15`\x8dU\xd02\xc9\xba\x91\xe2\x1f\x0c\xa4\xf8\x97\
X\x8d\xf8\xcf\x83\xc7\x9ch\x00\x0f\xaf~\x08*\x16E\
\xfe\xf0G\x95\xb6\xf7\xfc\xc3\xfal\x94T\x12\xe9\x00\x04\
\x10\x1a\xea\xfd\x22i\xdd\x1f[u-\x7f\x02P8\x0a\
\xca\xfdVv\xed\x0b*n\x89\xbfe\xc2\xce\x8c\xc1N\
O@d'A\xd9)\xd8\xf9\x14D.\x09*dA\
\x85<\xc8,\x80L\x0b$\x9c\x1a\x0f$l@\x10\xc0\
\x00\xb2Ju\x1f\x08 *%\x842\x06\xc6J\x7f+\
\xdc\xf9<)\x1c\x8c\xf1\xb9c\x5c\x01\xd3\xc2\xe0\xe1\x08\
X$\x0e\x1ek\x82\x12n\x04\x8f7\x81'\xda\xa04\
t\x80G\x9b\x01\xbe\xfa\xf5b_\x90\xe2_b\x8d\xe2\
?\x0b\x07\xf4\xcd\x80\xd2\xb6\x86h\x00\x09\x91?\xf5-\
\xa5\xf5M\xef\x5c\xab\x95\x92\xca\x22\x1d\x80\x00A\xd4\xcb\
\xc5\xb0\xfe\x0d\xa6\xb5\xbdm\xd5o\x12yP\xe6\x1e\xc0\
\xb8PA\xcb$\x1bb-\xe2O\x02\xd6\xf4\x10\xec\xb1\
\xb3\xb0&\x07a'\x87a\xa7&A\xf9\x0cD!\x0f\
a\x06\xb7p\x13c\x00S8\x98\xae\x83GbP\xe2\
\xcd\xe0\xcd\x9d\xd0\x9a7A\xe9\xdc\x01\xb5y\x1b\xc0}\
\xdcx$\xc5\xbf\xc4z\xc5\x7f\x1eJ\x83\x13\x0dX\x8b\
Ck\x8e\xfc\x16\x0d}\xd73\xf6^s\xfd\x03K\xdc\
D:\x00\x01\x81F{\xe3D\xf1;\xa14<w\xd5\
o2\x06\x9cD?\x91\xaf\xa0e\x92\x0d\xb1\x94\xf8[\
E\x98\x03Ga\x0e\x1f\x875v\x01\xd6\xf4\x18D.\
\x0fa\xd6p\x04\x87\x01\x5c\xd7\xc0\xa3Q\xa8\x896(\
-=\xd0\xba\xf6B\xdbz9\x98\xb6\x86\xb0\xf2z\x90\
\xe2_\xc2\x05\xf1\x9f\xbd\x95\x0a\xe8;\xd7\x94 H\xe6\
\xe4\x19V\x18{.\xeb|\xb3l7\x1a\x00\xa4\x03\x10\
\x00\xa8\xefS\x9b(\xd4\xf6+\xf0\xd8\x9e\xd5\xbd\x01@\
\xfeIP\xee\x11\xc8D\xbf\x00S\x12\x7f{z\x14f\
\xdfa\x18#\xa7`O\x0e\xc3\xce$AE\x03$K\
280\x80\x87t\xa8\x0dMPZ7A\xef\xda\x03\
m\xdb\x95\xe0\xb1Vw\xee/\xc5\xbfD\x99\xad~.\
\xdc\x13Z\x17\xa0v\xafzI\x80\xec\xfc\x04c\xc9\x97\
\xb2\xf8\xab\x9fp\xd1\x10\xc9:\x90\x0e\x80\xcf\xd0\xe0\x1d\
\x87Hm\xff/\xf0\xf0*\xean\xc2\xd9\xdb\x9f\xfe5\
`\x9c\xab\xa8]\x92uB\x809\x9e\x829T\x841\
Q\x84==\x09a\xc8\x88\xe7z\xe0\xba\x0a\xa5\xa1\x09\
Z\xfbV\xe8\xdb\xaf\x84\xbe\xfd\xea\xb5\xe7\x18H\xf1/\
\xe1\xe2\xcc\xbf\x1cJciI@]\xf9Z\x91\x07\x15\
\x0eO\xb2\xc2\xf9\xdfe\x9b\xbf\xf0@e\x0c\x92\xac\x06\
\xe9\x00\xf8\x08\x0d~\xfa\xf5\xa4u}\x07L\x8d\xad\xea\
\x0d\xd6\x04(\xfd3\xc0NW\xd82\xc9j!\xd3\x82\
10\x0ds,\x05k\x22\x0b+m\x82\x84\x9c\xdaW\
\x04\xce\xa0\xc6cP;\xb6A\xdfv)B;\x9f\x03\
\xa6/\xd3\xd7^\x8a\x7f\x89\x0a\x8b\xff\xec0:\x10\xda\
\x09\xc6\x97y\x9c\x89<\xa8x\xc2IV&+\xcf\xac\
\xa1\xb7\xb3\xee\xbf\xfc~e\x0d\x93,\x85t\x00|\xc2\
\x1e\xec\xfd(\xd3:\xbf\x08\xa6\xac\xc2e\x06P8\x09\
\xca\xfeFf\xf9\x07\x00k\x22\x83b\xdf$\x8c\xa1$\
\xec\x94!\x8b+\xfb\x05cP\xe3\x11\xa8\xdd\xbb\x10\xde\
}\x8d\x13!\x98\xd98#\xc5\xbf\x84G\xe2?\x8b\xb3\
K\x80\x95\xeb\x228_\xfcg \xb2\xc9\x1c\xbeC\xe9\
\xf9\xcc\x17<2P2\x0f\xe9\x00\xf8\x80=\xf8\xb9\xaf\
0\xbd\xf3C\xab\xea\xe4G6({\xbf,\xe7\xeb#\
\xc20a\x9c\x9d@qp\x0a\xd6d\x01\xc2\x92y\x17\
A\x84)\x1cjK\x1b\xc2;\x9f\x05}{\x02\x1cg\
\xfd6\xc9g\xbc\x16\xffy\xa8\xad\x80\xb6\xd5\xd9J\x0a\
\x94\x17\xffY\x18\x919\xf6m\xa5\xfb\xb6\xb7{i\xa2\
D:\x00\x9eB\xd4\xcbi$\xf4\xefP[_\xb7\xaa\
7\xd8Y'\xe4/\x0b\xfbx\x8e9\x95A\xf1\xe4(\
\x8c\xb14D\xd6\x92\x09{U\x06c\x80\x92\xd0\xa1w\
%\x10\xda\xdd\x015\x11\xf5\xdb$\x8f\xf1Q\xfcg\xe0\
Qg\x97\x00\xc42\xe2?\x0fk\xe2\xa7\xac\xf3\xb1\xd7\
2\xf6\x83\xe0\xeeu\xad1\xa4\x03\xe0\x11D\xbd*\x8d\
D\xfe\x1bj\xf3KV\xf5\x06s\x10\x94\xfa9@\xc5\
\x0a[&\x99\xc1\x9a\xce\xa1xj\x04\xc5\xa1\x14\xec\x9c\
\x5cj\xa9%\x94\x88\x0a\xad#\x8e\xc8\xee\x0e\xa8mk\
\xabk_}\x04@\xfcg\xb0\xd3\xce3Lm[\xdd\
\xf5\xd6\xf8\xafY\xff\xb9\x1b\xd8\xd5\xff(3g=@\
:\x00\x1e@g\xdf\x1eFt\xff/HiY\xdd\x1e\
\xff\xc2\x09P\xe6^\xc8-~\x95\xc7N\xe5P8!\
E\xbf\x9e\xe0!\x05\xa1M\x0d\x88\xec\xef\x81\x92\xa8p\
\xfd\x01\xcf\x09\x90\xf8[\x93\xa0\xd4O\x00a\x80\xc5\xaf\
\x07\xc2{W\xf9\xbe\xe4\xfd,\x9f}\x09\xdb\xd1[\xa8\
\xac\x81\x12\xe9\x00T\x18\x1a|O\x14\xea\xde_\x13o\
\xb8f\xe5\x8b\x01\xe4\x1f\x03\xe5\x1e\xad\xbcau\x8c\xc8\
\x9b\xc8\x1f\x1b\x84\xd1\x9f\x84\x95\x93\x13\x8dzFMh\
\x08omAh_\x17\xb8\xb6\xba|\xdc\xe0\x12D\xf1\
\x9f\xa7\xe1\x91\xcb\xc0\xa2\xcfY\x95\xea0;\xf58\xf8\
\xe8\x0bX\xfb\x97\xe4\x96\xa7\x0a\x22\x1d\x80\x0aBg?\
\xdcD\xd1-\xf7BI\x5c\xb6\xf2\xc5\xb6S\xd2\xb7x\
\xca\x03\xcb\xea\x13cp\x12\xf9g\x86aL\x16\x9c\xda\
\xf8\x12\xc9\x0c\x9cAk\x0e#\xba\xab\x0d\xfa\x8e\x0e\xbf\
\xadY\x07\x01\x17\xff\x19\xf4\x1d`\x89\x17:U\x04W\
B\xa4\x9fa\xc5\xfe\xe7\xb1-_\x99t\xddF\x09\x00\
\xe9\x00T\x0c\x1a\xfa@\xbb\xe0\xdb\xefg\xabi\xe5+\
\xf2\xa0\xd4\x9d2\xd9\xaf\x02\xd8y\x13\x85\xa3\x83(\xf4\
MA\x14en\x91dexH\x81\xde\x93@\xf4\x92\
MU\xb2DP%\xe2?\x83\xda\x01\xd6p\x03\xc0\x97\
\xa9\xe1\x008\xe7\xd5\xeeq\x96\x1f\x7f6\xeb|\xd3i\
w\x0d\x95\x00\xd2\x01\xa8\x084\xda\xdbE\xd4|?\x94\
\xc8\x8e\x15/\xb6\xa6\x1c\xf1\x172\xd2\xe5&\x85sc\
(\x9c\x1c\x855U\x90\x19\xfc\x92u\xc1\x00\xa8-a\
D\xf6w!\xb4\xc5\xa5\xb2\xc4\xaeSe\xe2?\x03\x8f\
\x815\xbc\xdc\xd9.X\xf6|\x04,\xb4\x17`*\xc8\
\xceN\xb1\xe2\xe9\xe7\xb2\xb6w\xc8\xbd\xd0.#\x1d\x00\
\x97\xa1s\xb7\xef\xa0h\xfb\xbd\xe0\x91M+^l\x0c\
\x80\xd2?\x07\xc8\xf0\xc0\xb2:@\x08\xe4\x8f\x0e\x22\x7f\
f\x1cv^\xce\xf6%\xee\xa1\x84\x15\x84w\xb4\x22z\
i\x0f\xa0\x04\xa5\xe5q\x95\x8a\xff\x0cL\x03K\xbc\x18\
\xd0\xb7.<>O\xfcg ;\x97b\xf9\xe3/d\
\x1d\xefz\xdc%\x8b%\x90\x0e\x80\xab\xd0\xe0'\xb7\x92\
\xba\xe9A\xf0p\xf7\x8a\x17\xe7\x8f\x82\xb2\x0f@f\xfa\
o\x1cQ4\x90\x7fz\x00\x85\xf3\xd3\xb2H\x8f\xa4\xa2\
0\x95!\xd4\x9d@\xf4\xe0V(\xd1\x90\x9f\x96T\xb7\
\xf8\xcf\xc2K\x0d\x8a\xf6\x97^.\x16\xff\x19\xc8\xcad\
X\xee\xe8sX\xd7\x1f\x1f\xde\x98\xc1\x92\x19\xa4\x03\xe0\
\x124r['\xa1\xf3!(\x91\xad+^\x9c{\x12\
\x94{\xc8\x03\xabj\x1bs2\x83\xfc\xd3\x03(\x8ed\
!\xe3\xfc\x12O\xe1\x0c\xa1\xb6\x08\xa2Wl\x82\xda\xda\
\xe0\xf1\xe0\xb5\x22\xfe\xf3\x88\x1c\x04K<\x7fI\xf1\x9f\
\x81\xec\xec4\xcb\xf7]\xcb:n9\xb9\xb1\x01%\x80\
t\x00\x5c\xc1\xc9\xf6\xdf\xf6\x10\x94\x15\xda\xf9\x12\x1c\xe1\
\xcf?\xe9\x91e\xb5\x8910\x89\xdc\xe1A\x98\xd3\xb2\
H\x92\xc4\x7f\xb4\x960\xe2Wl\x86\xda\xd9\xe8\xc1h\
5(\xfe\x00\xa0\xb6\x80\xb5\xbe\xbb\xd4Qp\x05Y\xb2\
\xb3\xe30\xf2W\xb1\xd6\x97\xf7m|\xe0\xfaF:\x00\
\x1b\x84F\xff$N\xd8\xf5\x10xb\xf9&\xdbDN\
3\x1fY\xd3\x7f\xdd\x98#Id\x9f\xe8\x93\xc2/\x09\
$Z\xa3\x8e\xd8U[\xa1uT\xca\x11\xa8a\xf1o\
x5\xc0\xc3\x80\xda\x0eh[Vt\x02\xc8N\x8f\xb2\
\xdc\xc9+X\xe7\xbbG6n@\xfd\x22\x1d\x80\x0d@\
}\x1f\x89\x90\xbe\xe5~(\xf1\x83\xcb_(@\x99_\
\x01\xc53\x1eYV[\x98\xa3Id\x9f\xe8\x879%\
\x0b\x83\xb9\x0f\x03\xd7t0M\x03T\x0d\x5c\xd5\xc0T\
\x1dLS\xc1T\xdd9\xa7hN\xe2\x1bw\x92\xdf\x18\
W\xe6\x1e\xd0\x8a\xe6\x1cc|\xf6<\x91\x00D)\x09\
S\xd8\x009y\x19$\xc4\xdc9\xd3\x02\x09\x0b\xc22\
@\xb6\x09\xb2L\xc0\xb2 ,\x0b\xb0L\x88b\x01\xc2\
\xacNGOk\x0e!~p\x0bTW\x1d\x81Z\x15\
\xffV\xb0\x86W9\xe2?\x83\xd2\xec\xd4\x0bX1\x12\
\x90\x1a\x80=x9k\xbaej\xe3\x86\xd4'\xd2\x01\
X'D_\xd7h4y7\x94\xa6\xe7,\x7f\xa1\x0d\
J\xff\x120\xceycX\x0daMd\x90y\xfc\x02\
\xcc\x89\xbc\xdf\xa6T1\x0cJ(\x0c\x16\x8a@\x09\x87\
\xc1\xf4\x08x8\x02\xa6\x87\xc1\xb40\xb8\x1eFP\x1f\
\x03D\x02\xb0\x8a\x10F\x11d\x14 \x8c\x02\xc8(\xc0\
6\x0a\xa0B\x01\xa2\x90\x05\x89\xe0&}j\xcda\xc4\
\x0fmq!G\xa0\x8e\xc4\x7f\x06\xa5\xd1i$4\xd3\
MpI{\xa6\xcf \x93\xbb\x9c\xf5\xbc&\xb7q\x83\
\xea\x8f`~\xf3\x03\x0e\xd1\x8d\x0a\x0d_\xf5Kh\xad\
\xcf_\xfeB\x0b\x94\xba\x0b0\x07<\xb2\xac60\xa7\
2\xc8=v\x01\xc6\xb8\x14\xfe\xd5\xc3\xa0D\xe3P\xa2\
q\xf0h\x1c<\x9a\x80\x12\x8a\x80\xe9\x11\xd4\xee\xd7\x9c\
@\xc5\x1cD>\x07\xdb\xc8B\xe42\x10\xf9\x1c\xac\x5c\
f.\x02\x11\x00\xf4\xd6\x08b\xd7l\x83\xda\x18[\xc7\
\xbb\xebP\xfcg\xe0q \xb4\x1b\x8c\xad\xb0\xed\xd2\x9a\
8\x8a\xc4\xd9\x83\x8c\xbdW\xd6\xf5^#\xb5\xfad\xa8\
\x18D\xbd\x1c\xa3\x91\x1f\x93\xd2\xfc\xcae/\x14EP\
\xea\xbf\x01k\xd4#\xcb\xaa\x1faX\xc8>|\x16\xc5\
\x81\x94L\xea_\x06\xae\x85\xc0c\x89\x92\xe0'\xc0#\
1\xb0Pl\xe5\xd9R\x1d!\xcc<(\x97\x81\x95\x9d\
\x86\x9dM\xc1\xca\xa4\x01\xcbG}`@\xb8'\x81\xd8\
\xb5;\xc0um\xd5o\xaa[\xf1\x9f\x81GKN\xc0\
\x0a\xffg\xe6\xf0\x13hx\xf8\x10c\xbd\xc1\x0d\x09\x05\
\x10\xe9\x00\xac\x11\x1a\xfa\xfc\x0fHk\x7f\xe3\xb2\x17\x89\
<(\xf9\x13\xc0\x96KS\xabB\x00\xb9\xc3}\xc8\x9d\
\x1c\x03YR\xf9\x17R\x9a\xd9'\x1a\xa1&\x9a\xa0\xc4\
\x1a\xc1\xf4z\xebm\xef\x0eT\xcc\xc2\xce\xa5ag\x93\
\xb0\xb2i\x88L\xd2\xf3%\x04\xae2Dv\xb7!z\
\xc5\x16`\xd95n)\xfe\xb3\xf00\x10\xda\xbb\xb2\x13\
P\xec\xfb5k\xfe\xbd\x17m\xcc\xc0\xfaB:\x00k\
\xc0\x1e\xec\xfd<\xd3{n[\xf6\x22Q\x00%\x7f,\
\xc5\x7f\x95\x14\xfb'\x91}\xbcO\xb6\xe2-\xc1\xb8\x02\
\x1eo\x80\x1aK@\x897CI4\x81)\xba\xdff\
\xd5(\x04;\x9f\x86\x9d\x9a\x84\x95\x9a\x80\x9d\x9cv\xf2\
\x0e<@\x09\xab\x88\x1d\xecAh[{\x99\xb3R\xfc\
\x17\xc1\xc2@x\x15N@\xe1\xdc\xffb-o\xb8e\
}\x06\xd6\x1f\xd2\x01X%4\xdc\xfb.R\xbb\xbf\x0e\
,\x13g\x15\x06(\xf5S\xd9\xd4g\x15\xd8\xc9\x1c\xd2\
\x0f\x9d\x859)3\xfby8\x0a\xb5\xb1\x05ZS;\
xC\x0b\x18d(\xdf\x0fH\xd8\x10\xd9\x14\xac\xec$\
\xec\xf44\xec\xd4t\xc5#\x04Z\xa3\x8e\xd8\xb5;\xa0\
\xb5\xc4KG\xa4\xf8/\x09\x8f\x02\xa1=`\xcb\x15\x0a\
\x22\x22*\x9c\xfc\xbc\xd2\xfa\x07w\xac\x7f\xa0\xfaA:\
\x00\xab\x80\xce\x7f\xe2e\x14\xdb\xf1c`\x99\xa9\x98\x14\
\xffUA\x96\x8d\xccCgQ\xecO\xd6\xef:?W\
\xa065Akh\x83\xd2\xd4\x0e\xae\xad\xd0\x15M\xe2\
\x0bd\x9b\xb0\xd3S\xb0\xa6\xc7`L\x8dU,\x87\x80\
1 \xb4\xa5\x11\x89kw\x815<O\x8a\xffr\xac\
\xc2\x09\x00\xd96\xf2G\xdf\xc9\xda\xde\xfe\xed\x8d\x0fX\
\xdbH\x07`\x05h\xf0\xd6\xfdN}\x7f}\xe9M\xbd\
d9\x09\x7f\xe6\x90\x87\x96U\x1f\xc5\xbeqd\x1e\xe9\
\x870\x82\x93\xa1\xed\x15J(\x02\xb5\xb5\x03jC;\
x\xbcQ&\xecU\x1d\x04;=\x0d+9\x0asj\
\x0c\xa2\xe0\xfe\x0e\x15\x1eR\x91\xb8\xfe&\x84\xf6-\xbf\
\xb9\xa8\xe2\x04U\xfcg\xe0\xb1\x92\x13\xb0\xf4\xee\x00\x12\
F\x91\x19\x17^\xc2Zn\xbe\xcf\xbd\x81k\x0f\xe9\x00\
,\x03\x0d\xdd\xdaNJ\xd7\xe3\xcbv\xf6\x93\xe2\xbf\x22\
\xa2`\x22\xf3\xe0i\xa7f\x7f\x1d\xa1\xe8a\xa8\xad\x1d\
\xd0\x9a\xbb\xc0c^\x94\x89\x95x\x85(d`M\x8f\
\xc1\x9c\x18\x82\x9ds\xf7s\x1d\xea\xd9\x8c\xc4+?\x08\
\x1e\xf6\xba\xc7\x00\x82/\xfe3\xacb\x8b \xd9\xf9\x14\
\xb3\x07\x0f\xb2\xa6\x9b\xce\xbao@m \x1d\x80%\xa0\
\x93\x1f\x08Q\xc3\x96\x87\xa14]\xbe\xf4E\x16(u\
'`\x0ezhYu\x91?9\x82\xdcS\x83u\xd3\
\xa5\x8f\xa9:\xb4\x966h-=P\x12M\x90_\xb1\
\xdaG\x1420\xa7G`\x8e\x0d\xb9\x16\x19\xe0\x9a\x82\
\xd8\xb5\xafD\xe4\xe0\xef\xbar\xbfUQ-\xe2?\x83\
\x92\x00\xf4\xdd\xcbG\xd3\xec\xa9A\xe4\x8f\xefc\x1d\x7f\
\x9a\xa9\x9c!\xd5\x8b|:\x95\x81\x08\x0c#\x7fu\x17\
\xa9m/]\xfa\x22\x01J\xff\x0c0.xhY\xf5\
`g\x0aH\xdf\x7f\xba>\xca\xf7\xaa*\xf4\xd6.h\
\xad]PbR\xf4\xeb\x17\x82\x9d\x99\x8699\x0cs\
b\xc4)o\xbcA\xb4\xd6\x164\xbc\xf2\x03P\x1aW\
\xee0\xbe!\xaaM\xfcgP\x1a\x00}\xd7\xb2N\x00\
Y\xe3O\xb3\xc4\x0dW2\xc6\xea5\xebhI\xe4\x93\
\xaa\x0c\xf6\xf0g\xff\x85\xa9]\xef\x5c\xf2\x02\x12\xa0\xf4\
\xcf\x01\xe3\xbc\x87VU\x0f\xf9\xc3\xfd\xc8>3\x0a\x12\
\xb5\xfd}S\x1a\x9a\xa0\xb7o\x82\xd6\xd49[\x07_\
\x22\x01\x00\x82\x80H\x8e\xa38\xda\x07kzrC\xf7\
b\x0aG\xec\xe0\x0b\x10}\xf6\xcd.Yw\x11\xd5*\
\xfe3(M\xa5\xb2\xc1\xcb\xc8Y\xf1\xc2\x8fX\xf3\xeb\
_\xeb\x9dQ\xd5\x81t\x00.\xc2\x1e\xbc\xe3\xa3L\xdf\
\xfa7\x00\x95\xff\xbf!\x802\xf7\x00\xc5\xe3\x1e[\x16\
|D\xdeD\xea\xfe\x930k\xb9\x84\xaf\xa2Ao\xeb\
\x84\xde\xbe\x19<\x92\xf0\xdb\x1aI\x15 \xcc\x1c\xcc\xf1\
\x01\x98\xa3C\x10\xc6\xfa\x1b\x1ci\xad-hx\xcd\x9f\
A\x89\xb5\xbag\x5c\xb5\x8b\xff\xec\xd8m`\xfa\xb6\xe5\
\xae Q8\xf6\x05\xa5\xe5\x96OyeR5 \x1d\
\x80yP\xff'\x9eM\xfa\xf6_\x83\xab\xa1%\xaf\xc9\
=\x0a\xe4\x1e\xf3\xd2\xac\xaa\xa0xa\x1c\x99\x87\xfbj\
v\xad_mh\x81\xde\xbe\x09Js\x87\xcc\xe0\x97\xac\
\x0b\x22\x01;9\x06c\xa4\x0fVj}\x85\xc2\xb8\xa6\
 \xf1\x82\x9b\xdd\xd9)P+\xe2?\x83\xd6\x03\xa6-\
\xbdTB\xc2\xb2Y\xfe\xf8\xebY\xfb[\x7f\xe4\xa1U\
\x81F:\x00%\xa8\xff\xd6V\xd2{\x0e\x83\x87\xba\x96\
\xbc\xa8p\xdc\x99\xfdK\xe6\x10\x02\xe9\x07N\xa3\xd0\x9f\
\xf2\xdb\x92\x0a\xc0\xa0\xb7wA\xef\xda\x06\x1e\x96\xb3}\
\x89{P1\x0bc\xb4\x0f\xc5\xd1\xc1u5.\x0ao\
\xdf\x85\x86W|h\xd9\xd2$\xcbRk\xe2?\x83\xbe\
\x0dLm[\xfa\xbc\x9dO\xc38q)k}g\x9f\
wF\x05\x17\xe9\x00`\xa6\xc1O\xec~R\x1a\xaf[\
\xf2\x22\xa3\xcf\xe9\xec\x87\xda\x9c\xe1\xae\x07s2\x83\xf4\
}\xa7k\xaf\x8c/W\x10\xea\xdc\x04\xads\x1b\xb8\x16\
\x80\x87\x9a\xa4v\x11\x06\x8c\xf1A\x18C\x17\xd6\xbc<\
\xa0D#hx\xe5\xfb\xa0u\xed[\xdb\x98\xb5*\xfe\
\x00\x00\x06\x84v\x81)\xcb\x95m\x99:\xcb\x12\xca^\
\xc6^Tc\x0f\xae\xb5#\x1d\x00\x00\xf6\xe0g\xff\x89\
\xe9]\xefZ\xf2\x02k\xdc\xa9\xefO\xb2\xdb\xe4\x0c\xd9\
'\xfb\x90;>\x86Z*\xe7\xc7\xc3\x11\xe8]\x9b\xa1\
\xb7n\x06\xf82\x95\xc6$\x12\x97!\x12\xb0\xa7FP\
\x18:\x0b\xb1\x96\xba\x02\x9c!v\xd5\x0b\x11\xbbn\x95\
\x09\x825-\xfe%\x98\xe24\x0f\xe2K7\xcd\xa2b\
\xff\x7f\xf2\xe6\xd7\xbd\xceC\xab\x02I\xdd;\x00\xd6\xe0\
\x1d\x7f\xc8\xf5\xcd\xdfZ\xb2\xc6\xbf\x9d\x06%\xff\x13\x10\
9\x8f-\x0b&d\xd9H\xdds\x02\xc6X\xed\xfc\x7f\
\xa8\xf1F\xe8\xdd\xdb\xa06u@~%$\xfeB\xb0\
\x93c(\x0c\x9d\x87\x9d\x9e^\xf5\xbb\xf4\xf6N4\xfe\
\xde'\xc0\xf4\xd8\xd2\x17\xd5\x83\xf8\xcf\xc04 \xb4\x0f\
\x8c/\x91\xceE Q<\xf5)\xa5\xe5\xe6/xk\
X\xb0\xa8\xeb\xa7\x1d]\xb8\xed2\x8al~\x10L-\
\xff\xad\x11\x05P\xf2G\x80\xbd\xfa/b-cM\xe7\
\x90\xba\xe7$\xec|mD\xce\x94h\x02\xa1M;K\
\xc2/\x91\x04\x0b\x91\x99D\xa1\xff\x14\xactrU\xd7\
\xf3p\x08\x8d\xbf\xfb\x01h\x9d\xbb\x17\x9f\xac'\xf1\x9f\
\x81\x85\x80\xf0\xbe%;\x08\x12\x99&+>\xf3\x12\xd6\
\xf2\x8e{=\xb6,0\xd4\xad\x03@\xa3\xbdq\xa2\xc6\
\xc3Pb\xe5\xf7\x8e\x90\x05J\xfe\x14\xb0F<\xb6,\
\x98\x14\xcf\x8e\x22\xfdh?\xc8\xae\xfe\x90\xbf\x12\x8d!\
\xd4\xb3\x13js'\xea\xf8+ \xa9\x12\xec\xf4\x14\x8a\
\xfd'aeVv\x04\x18gH<\xef\xf7\x11\xbe\xfc\
es\x07\xebQ\xfcg\xe01g9`\x89\x00/Y\
\xe9)F\xa7v\xb3\xc6wm\xacXC\x95R\xb7O\
?\x1a\xf9\x1f?#\xa5\xa5|\xa5?B\xa9\xd0\x8f,\
!\x0d\x00\xd9G\xcf\x22w\xaa\xfa\xbf\x1fJ(\x02}\
\xd3vh\xad\x9bP\xc7\x1f}I\x95b\xa7'P\xec\
?\x05\xe8\x0a\xaf\x9e\x00\x00 \x00IDAT+\xb3\
\xf2\x8e\x9b\xf0\xeeK\xd1p\xc3\xfb\x01{\xaa~\xc5\x7f\
\x06\xa5\x19\xd0w,](\xc8\x18x\x925\xbd\xf6\xa0\
\xb7F\x05\x83\xba|\x0a\xda\x83\xbd\x9fcz\xcf\xd2\x05\
!r\x8f\x83r\x8fxhQ0\x11E\x13\xa9_\x1f\
\x879\xbd\xfe\xe2%A@\x09G\xa0o\xda\x01\xad\xa5\
\x07u\xfa\x91\x97\xd4\x0c\x04kj\x04\x85\xfe\xd3\x10\x85\
\xe5\xf3p\xb4\x96&4\xbcp/\xb8\xe6B\xf7\xcdj\
\x15\xff\x19\xb4M`\xda\xd2;\xbcQ<\xf6\x7f\xb2\xe6\
[\xde\xef\x9dA\xc1\xa0\xee\x9e\x864x\xc7!\xd26\
\xdd\x0f\xc6\xcbo\xa05\xfa\x9d\x06?u\xbe\xdd\xcf\x9a\
H#y\xcf\xe9\xean\xdd\xcb\x15\x847m\x87\xd6\xb9\
]\x16\xef\x91\xd4\x14D\x04s\xbc\x0f\x85\xfe3\xc02\
=\x07\x94\xb0\x82\xc4\xf3wCk\x8e\xaf\x7f\xb0j\x17\
\xff\x19B\xbb\x97\xdc\x1eHd\xd9\xacp\xf4\x95\xac\xf5\
\x1d?\xf3\xd8*_\xa9+\x07\xc0\xe9\xf0\xb7\xeb\x18\x94\
\xe8\xf6\xb2\x17\xd8I\xd0\xf4\x7f\x00dxkX\xc0(\
\xf6O \xfd\xe0\xf9\xaa^\xef\xd7\xdb:\x11\xda\xbc\x07\
L\x8b\xf8m\x8aDR1\xc86`\x0c\x9dEq\xa8\
\x0f@\xf9\xef+\xe3\x0c\xf1k\xb6 \xbc\xbd}\xed\x03\
\xd4\x8a\xf8\x03\x00S\x81\xd0\xfe\xa5w\x06\xd8\xe9\x09\xe4\
G\xb7\xb3\x8e\x9b\xea\xa6s`]M\x8bD\xbc\xf3[\
K\x8a?\x99\xa0\xd4\xcf\xea^\xfc\x0b\xcf\x0c!}\xff\
\xb9\xaa\x15\x7f5\xde\x88\xf8\x81k\x10\xdeq\x85\x14\x7f\
I\xcd\xc3\x14\x1d\xa1\xcd\xfb\x10\xbf\xe29\xd0Z\xcb\x0b\
<\x09B\xfa\xa1\x0b\xc8=\xb5\xc6\xce\xa5\xb5$\xfe\x00\
@\x16P<\x05\xa2%\xa2\x9aJ\xa2\x15\xa1\xc8\x7fx\
k\x94\xbf\xd4M\x04\x80\x86>u#i[\xff\xad\xec\
~\x7f\x99\xf4\x07\x00\xc8>r\x16\xb9\xd3\xd5\x99\xec\xa7\
\xe8a\x84\xb6\xed\x85\xda\xd4\xe9\xb7)\x12\x89o\xd8\xc9\
1\x14\xfaN\xc0\xce\x97\xcf\x0f\x08okD\xe2\xd9e\
\xb6\x09^L\xad\x89\xff|\x96\xeb\x1eH \x14\x8e}\
\x84\xb5\xde\xf2w\xde\x1b\xe6=u\xe1\x00P\xe6\xb6N\
\xca\xf7<\x03\xa67\x97\xbd \xf7\x98\xd3\xe4\xa7^\x11\
\x02\xa9\xbb\x8f\xa38Z}\xc5}\x18\xe7\xd0{\xb6A\
\xef\xdc\x01&[\xf2J$ \x120\x87\xcf\xa28x\
\x0e$\x16\xe72\x85:\xa2hx\xc1>\x80/\x11\x00\
\xaee\xf1\x9fa\x99\xc6A$\x0a\x05\x96\x198\xc0\xba\
n\xaa\xf9\x19a},\x01d\x9b\xff\xf7\x92\xe2_<\
\x0f\xaa\xe3\xee~\xc2\xb00u\xe7\x91\xaa\x14\x7f%\xd1\
\x84\xd8\xa5\xd7!\xd4\xbd[\x8a\xbfDR\x821\x0e\xbd\
{\x17\xe2\x97?\x07jS\xcb\xa2\xf3\xc5\xd1\x1c\xa6\xee\
<\x02a\x94I\x1e\xac\x07\xf1\x07\x00s\x10d\x97\xaf\
\xab\xc0x8\x8ch\xc3\x7f{l\x91/\xd4\xbc\x03`\
\x0f\xdc\xf1iR\x1a\x7f\xa7\xfc\xc9$(\xf3k,\x95\
<S\xeb\xd8\xd9\x02\xa6\xff\xeb0\xacT\x95\xe5=p\
\x05\xe1m{\x10\xdb\x7f5xx\x03\xd9\xcd\x12I\x0d\
\xc3\xf4(\xa2{\x0e!\xb2\xebr0u\xe1\xa6'+\
e`\xfa\xce\xa3\xb0\xb3\xf3\xb6\xf8\xd6\x8b\xf8\xcf`\x9c\
\x05\x89|\xf9sj\xfb^{\xf2\xdf\xfe\xa7\xb7\x06y\
OM/\x01P\xffm\x07I\xdf\xfc \xb8\xba8\xed\
\x93,\xd0\xf4\xff[\xb7e~\xedT\x1e\xd3\xbf8^\
u\xdb\xfc\xb4\xa66\x84\xb6\xef\x07\x97\x09~\x12\xc9\xaa\
!\xbb\x88b\xffi\x18\xa3\x03\x0b\x8es]A\xe3\x8b\
\xf6@m\xdbZ_\xe2?\x03\x8f8;\x03\xca\xa5\x86\
\x09\xd3f\xa9'^\xccz\xdeW\xb3=\xe0k\xd6\x01\
\xa0#\xbd\xbahkx\x86)\xf1\x9de\xcf\xa7\xef\x01\
\x8a\xc7\xbd6+\x10\x98\xd3\x19\xa4~y\x12\xc2\xac\x9e\
Z\x07\x5c\x0f!\xbcm\x9fL\xf2\x93H6\x80\x9d\x1a\
G\xfe\xec\xd1\x05\xad\x87\x99\xca\xd1\xf4\xaawC\xdb\xf2\
,\x1f-\xf3\x11\xb5\x0dL/_\x11^XS\xa3|\
\xe4\xe8V\xb6\xe7\x83\xd5]\x0dm\x09jv\x09@\xb4\
\xf0\xbf[J\xfcQ<S\xb7\xe2o\x8d\xa7\x90\xfaE\
u\x89\xbf\xde\xd6\x85\xd8e\xcf\x96\xe2/\x91l\x10\xa5\
\xa1\x0d\xf1\xcb\x9e\x0d\xadu\xae\x01\x16Y\x02\xd3?\xf9\
'\x98\xe7\x9f\xf0\xd12\x1f\xb1\xc6AV\xf9\xddO\x5c\
m\xee\xa0\x96\xee\xefzl\x91g\xd4d\x04\x80\xce\xff\
\xd9!\x8a\xeey\x00\x8c/n\x03e\xa7A\xd3\xff^\
\x97\xfb\xfd\xcd\xb1\x14\x92\xf7\x9c\x02YU\x92\xf3\xa0\xaa\
\x88l\xdd\x03\xadu\xb3\xdf\x96H$5\x875=\x8a\
\xfc\xd9\xa3\xa0R%A\xc6\x19\x1a_\xfeG\xd0w^\
\xed\xb3e>\xc0\x14 t\xc9\x12E\x82l\x1b\xc5\xa7\
_\xc6\x9a\xff\xe8W\x9e\xdbUaj.\x02@\x04\x86\
\xf0\xa6o\x95\x15\x7f\x22P\xfaWu)\xfe\xc6\xc0$\
\x92wW\x8f\xf8+\x89&$.\xbdN\x8a\xbfDR\
!\xd4\xa6\x0e\xc4/\xbfnv\xa7\x00\x09\xc2\xf4\x9d\xff\
\x82\xe2\xa9\x07|\xb6\xcc\x07\xc8v\x92\x02\xa9\xdc\xf3Q\
Q\xa0n\xfb.Qo\xcd\xe9\xa5\xea\xb7\x01n#\x86\
z?\xcb\xf4\xf8\xa5\xe5\xceQ\xee\x91\xbal\xef[<\
7\x86\xd4C}@\xd9\x0fw\xd0`\x08o\xd9\x09\xbd\
k\x07j4@\xe5\x0b\xa1+^\x07\x96\xd8\xb2\xba\x8b\
\x89\x80\xdcc\x805\xbc\xf2\xa5\xa6\x8d\xe2\xf15V\x98\
\x93\x04\x06\xa6F\x10\xdds\x15\xcc\xf1\x0b\xc8\x9f?\xe5\
\xd4\x04\xf9\xd9\xb7\xd1\x00Bh\xf7s\xfd6\xcf[D\
\x16\xb0\x86\x00\xadg\xf19\xa5\xb9GL\x1d\xf8*\x80\
?\xf1\xdc\xae\x0aRS\x1e\x0d\x9d\xfb\xd8\x0e\xa6\xb5\xff\
Y\xd9\x93\xe6\x10\x90\x7f\xcac\x8b\xfc\xc7\x18\x98B\xfa\
\xe1\xea\x10\x7f\x1e\x8e ~\xe0j\xe8];!\xc5\xdf\
'\xd6 \xfe\x92Z\x81Ak\xdb\x86\xf8e\xd7B\x89\
\xc4@\x82\x90\xfc\xd9wP<\xf9\x1b\xbf\x0d\xf3\x1es\
\x08d\x97o\xb7\xcc\xf4\xad\xef\xa2\xc9\xef^\xee\xb1E\
\x15\xa5\xb6\x1c\x80H\xc7\xbf\x96-\x00/\x0a\xa0\xf4/\
Qo\x1d\xfe\xcc\xe1i\xa4\xee?\x0b\x12\xc1\x17\xffP\
G\x0f\xe2\x97>\x07<\xd6\xe4\xb7)\xf5\x8b\x14\xff\xba\
\x86\x87\x12\x88\x1e\xb8\xd6I\x10\x14\x84\xe4\xcf\xbf\x07\xe3\
\xf4o\xfd6\xcb{\x8c\xf3 \xb2\x16\x1df\x5c\xd3\xa0\
\xb4}\xdf\x07\x8b*F\xcd8\x00\xf6`\xef{\xa04\
]\xb7\xe8\x04\x01\x94\xb9\x07\x10\xd5W\xe9n#X\x13\
)$\x7fs&\xf0\xe2\xcf\x18Gd\xfb>\x84\xb6]\
\x0a\xc8j~\xfe!\xc5_\x02\x80q\x15\x91\x9dW\x22\
\xb2\xf3\x00\x18\x18\xa6\xef\xfa&\x8c\xb3\x8f\xf8m\x96\xb7\
\x90\x01\x18\xe7\xca\xe7\x03h\xed\xfb\xed\xb1\xef}\xd6{\
\xa3*CM8\x004\xfc\xb1\x0e\xa6\xb5\x7f\xa9\xec\xc9\
\xc2a\xc08\xef\xb1E\xfeb%sH\xde}:\xf0\
\x1d\xfd\x14=\x8c\xd8%WCk\xdf\xea\xb7)\xf5\x8d\
\x14\x7f\xc9Eh\xad\x9b\x10;p\x0d\x94P\x04\xc9\xff\
\xfe\x06\x8c\xc1g\xfc6\xc9[\xec$`\x8f\x95=\xc5\
#\xdb?N\xb9\x7f\xaa\x89\xec\xe4\xdap\x00\xa8\xed\xdb\
`Z\xe3\xa2\x13v\xdaI\xfc\xab#\xecd\x0e\xc9_\
\x1c\x0f\xfc>\x7f\xb5\xa1\x19\xd1\xcb\xae\x03\x8f-\xfe\xb5\
I<D\x8a\xbfd\x09x\xa4\x01\xb1\x03\xd7Bmn\
E\xea\xc7_\x855~\xceo\x93\xbc\xc5\x18\x00\x892\
\xf5\x7fx8\x0c\xb3\xfb\x87\xde\x1b\xe4>U\xef\x00P\
\xffm7Ak\xbda\xf1\x09\x802w\x03T\xa6\xe1\
E\x8dbg\x8a\x98\xfe\xe5\x89\xc0\x8b\xbf\xde\xb9\x19\xd1\
}\x87\xc0\x14}\xe5\x8b%\x95C\x8a\xbfd%\xb8\x86\
\xc8\xce\x83\xd0\xbb\xb7c\xfa?\xbe\x0c;UO\xbb\xa8\
D)\x1f\xa0L$U\xed\xbe\x96&\xbe\xf5N\xefm\
r\x97\xaav\x00\x88zU\xd2;\xbe\x0c\xd0\xe2\x94\xf1\
\xc2Q'\xf3\xbfN\x10E\x13\xc9_<\x13\xec\xda\xfe\
\x5cAt\xcf\x15\x08o\xbd\x042\xcb\xdfg\xa4\xf8K\
\xd6\x80\xde\xb9\x13\xe1m\x97`\xfa\xff\xfb\x12D!\xed\
\xb79\xde!\xd2\x80=\xbe\xf88\x03\x83\xb6\xed\xaf\x89\
\xbe\xbe\xb8\xdeL\x15Q\xd5\x0e\x80\x18f\x9f\x03\x8f.\
^\x8b\xb13\xa0\xdc\xc3>X\xe4\x13B \xf9\xcbc\
\xb0\x0b\xc1\x15\x7f\x1e\x8e\x22~\xe9\xb5\xb2\x9co\x10\x90\
\xe2/Y\x07jc'\x22[/E\xea'_\x01\xac\
\xc5Y\xf25\x8b9\x00\x12e\x8a\xc7\xa9\x89\x161\xd5\
P\xd5\x1d\x03\xab\xd6\x01\xa0\xb3\x1f\xefbJ\xdb\xfb\x17\
\x9f\x00(so]U\xfbK\xdd}<\xd0-}\x95\
D\x13b\x07d\xeb\xde@ \xc5_\xb2\x01x\xa4\x11\
\xa1\xee]\xc8\xde\xfb\x7fWEm\x11W \x1b0\xcb\
\xef\x0a\xe0\xa1m\xef\xa0\x89\xeaM\x08\xacZ\x07\x00\xd1\
\x96\x7f\x00\xd7b\x8b\x8e\x17\x8f\x01f\xbf\x0f\x06\xf9C\
\xe6\xe13(\x8e\x06w\x8b\xa3\xd6\xda\x81\xe8\xde\xab\xc0\
\x94r5\xb6%\x9e\x22\xc5_\xe2\x02L\x0dC\x895\
\xc18q\xaf\xdf\xa6x\x87\x9d\x06\xec2\x0d\x83X(\
\x04\xa5\xf3;\xde\x1b\xe4\x0eU\xe9\x00\xd0\xf0\xc7\xae#\
\xa5\xe5\xb5\x8bN\x88\x1c([?\x85+\xf2\xc7\x86\x90\
?3\xe5\xb7\x19K\x12\xea\xde\x8a\xc8\xce+\xc0\xe4\xfe\
~\xff\x91\xe2/q\x15\x0e\x91\x1c\x835r\xc2oC\
\xbc\xc3\xec+\xbf\x14\xa0\xf7<\x9fF\xbe\xb98\x11\xbd\
\x0a\xa8J\x07\x00\xac\xebkN\xfb\xa6\x85P\xe6\x9e\xba\
\x09\xfd\x17\xfb&\x90yj\xd0o3\x96\x80!\xbcc\
?B\x9b\xf7A&\xfb\x05\x03\x91}Z\x8a\xbf\xc4u\
\xac\x0bG`O\x07\xf59\xe42d\x03f\xb9\xbe\x17\
\x8cSd\xf3\xd7<\xb7\xc7\x05\xaa\xce\x01\xb0\x06\xef\xf8\
CR\x1a\x0e.:Q8\x01\x18}>X\xe4=\xd6\
d\x06\xe9\xdf\x9e\x07\x82\xb8\x04\xc7\x15\xc4\xf6\x1d\x84\xde\
\xb6\xca\xc63\x12o\xb0\x83\xbbL$\xa9bH\xc0:\
\xfd[\x88\x5c\x99\xf0x-b'A\xd6\xe2\x7f+S\
\x9av\xd8C\x7f_u\x8d\x82\xaa\xca\x01\xa0#\xbd:\
W\xcbT\xfc\x13\x05P\xf6A\x1f,\xf2\x1eQ\xb0\x90\
\xbc\xe7T \xab\xfc1UG\xec\xc0\xd5P\x1a\xda\xfc\
6E\x22\x91x\x04\xd9\x02\xe6\x89\xfb@V\x9d\xd4\x5c\
1\xfb\x16\xf6\x0a \x02\x19g\xc0\x14\xfbv:\xd2[\
U\xc5M\xaa\xca\x01@\x0b\xff\x02x\xb8\xfb\xe2\xc3\x94\
{\x18\xa02\x15\x9bj\x90\xd4\xdd\xc7 \x8a\xc1\xdb\xee\
\xc7\xf50b\x97\x1c\x82\x12i\xf0\xdb\x14I\x19\xec|\
e\x1cF\x11\xbc\x8f\xa2\xc4\x07\xc80`\x9e\xb8\x17u\
\xb1\xe4G\xd6\x5c\x8d\x99\x92\xf8\xc3\x9e\x06x\xb4\x1bm\
JU\xf5\x09\xa8\x1a\x07\x80\xfa>\xb5\x89\xd4\xd6?^\
t\xc2\x1a\x07\x0a\xc7}\xb0\xc8{\xd2\xbf=\x0ds:\
x\x8e\x8e\x12\x8e v\xc9!\xb9\xcdO\x22\xa9cD\
f\x0af\xdf\x11\xd4\x85\x13`\x8d\x81\xec\xec\x9c\xf8\x97\
 \xd6\xfa\x01\x1a\xed\xed\xf2\xd1\xb25Q=\x0e\x80\x1e\
\xfb\xca\xa2V\xbf\x04P\xe6~\x04s1\xdc]\x8ag\
\xc6P87\xbd\xf2\x85\x1e\xc3C\x11D\xf7\x1f\x02\xd3\
\xa3~\x9b\x22\x91H|\xc6\x1e~\x06\xf6T\x99\xcay\
\xb5\x06\xd9\xa0\xa9\x7f\x05\xac\x8b\x9e\xc9\x5c\x8dB\xe8_\
\xf6\xc7\xa8\xb5S\x15\x0e\x00\x9d\xfb\xd8\x0e\xf0\xe6\xdf[\
t\xa2x\x02\xb0j\xbf6\xb55\x9dC\xfa\xd1\xe0%\
8*\x91\x18b\x97\x5c\xbd\xc8/\x93H$u\x0a\x01\
\xd6\x99{!\x8a5<)#\x01J\xff\x02\xc8=\x02\
\x18\xa7\x17\x9fV[\xdfH\xe7n\xdf\xe1\x83ek\xa6\
*\x1c\x00\x84[\xbf\x02\xa6,\xac\xb9Lf]\x94\xfb\
%\xcbF\xea\x9e\x93 \x11\xac/\x94\x1aoD\xf4\x92\
\xab\xc1\xb4\xb0\xdf\xa6H$\x92\x00A\xb6\x0d\xf3\xf8\x9d\
\x00\xab\xc1%\xc1\x19\xf17\xce9/\xb3\x0f\x96i8\
\xc7t\x0aE\xfe\xdas\xdb\xd6A\xe0\x1d\x00\xea\xbfu\
/\xa9\xcd\xafZt<\xf7\x08 j\x7fkS\xea\xee\
\xe3\xb0\xf3\xc1\xaa\xbb\xad44#\xba\xefY\xb2\x9b\x9f\
D\x22)\x0b\x15\xb20\x8e\xdd\x05\xf0\x84\xdf\xa6\xb8\xc7\
E\xe2\x0f\xc0)>\x97{b\xf1\xb5j\xcb\xebh\xe0\
\xf6}\x9e\xd9\xb6N\x82\xef\x00h\x8d\x7f\x0b\xf0\x85\xb3\
\x7fk\x1a\xc8\x1f\xf5\xc9\x22\xef\xc8>\xd9\x07c<\xef\
\xb7\x19\x0bP\xe3\x0d\x88\xed\xb9r\xd1\xafD\x22\x91H\
\xe6#\x92C\xb0\x86N\x00\xac\x06\xca\x80\x97\x13\xff\x19\
\xf2O\x01vr\xe11\xa6\xa8Pc\x8b\xb7\xac\x07\x8c\
@;\x00t\xe1\xb6\xcb\xc0\x9b\x17\x95X\xa4\xec}\x00\
\x82\xdd\xf3~\xa3X\x13\x19\xe4N\x8c\xf9m\xc6\x02\x94\
h\x02\x91\xbd\xcf\x92\xe2/\x91HV\x85}\xe1A\x08\
CE\xc0\xa5fy\x96\x13\x7f\x00\x80\x00e\xee[\xfc\
6\xde\xf2j\x1a\xbe\xed\xb2\x8a\xda\xb6A\x02\xfd[!\
\xbd\xf1o\xc1.*\xf9[<\x03\x985^zR\x08\
\xa4\xee;\x0d\x04h\xdd\x9f\x87\xa3\x88\xee\x97a\x7f\x89\
D\xb2z\x88\x04\xccc\xff\x0e\xa8U\xda0oE\xf1\
/a\x0e\x00\xc5\xf3\x0b\x8f1\xa6\x10k\x0ct.@\
`\x1d\x00\x1a\xbc\xe3\x10\xd4\xa6\x17-<h\x83\xb2\x0f\
\xf9d\x91w\xa4\x1f8\x1d\xa8u\x7fE\x0f#\xb6O\
v\xf4\x93H$k\x87\xf2\x19Xg\xef\x02\xd4N\xbf\
MY\x1b\xab\x15\xff\x99\xcbs\x0f\x02tQdZi\
~\x19\xf5\xdf\xb6\xb8t}@\x08\xae\x03\xa0\xc4\xff\x0f\
\x80-\xb4\xaf\xf0\x0c \xd2>Y\xe4\x0d\xc5\xf3c(\
\xf4\xa7\xfc6c\x16\xae\x85\x11\xb9\xe4\x10\x98.\xb7\xfa\
I$\x92\xf5a\x0d\x1f\x81==\x04(\x8d~\x9b\xb2\
:\xd6(\xfe\x00\x00;\x05\x14\x8e]|T!\xb5)\
\xb0u\x01\x02\xe9\x00\xd0\xd0\xa7\xae\x85\xd2\xf4\xbc\x85\x07\
-P\xfeI\x9f,\xf2\x06Q\xb0\x90~\xb4\xdfo3\
fa\xaa\x8e\xe8\xfeg\x81\xcb\x22?\x12\x89d#\x10\
`\x9d\xfc)\x08-\xc1O\x0a\x5c\x8f\xf8\xcf\xbc5\xff\
\xb8S*x>j\xe3\x0b\xa9\xff\xd6\xe7\xb8c\x9c\xbb\
\x04\xd2\x01\x00o\xfa\xf2\xa2\xd9\x7f\xfe\xa9\x9a\xdf\xf6\x97\
\xba\xf78\xc8\x0cHr#W\x1c\xf1\x97\xe5}%\x12\
\x89\x0b\x90Y\x84y\xf4\xbb@h\x17\x82*=\x1b\x11\
\x7f\x00\x8eF\xe5\x8f\x5ct\x90qR\x9b\xbe\xb0Q\xd3\
*A\xe0~\x0b4|\xdbe\xa44<w\xc1AQ\
\x00\xe5\x9f\xf6\xc9\x22o\xc8\x1f\xee\x879Y\xf0\xdb\x8c\
\x12\x0c\xb1\xdd\x97\xcb\xc6>\x12\x89\xc4UDr\x18V\
\xffo\x00=\x80I\x81\x1b\x15\xff\x99\xdb\xe4\x9f\x00\xc4\
E=[\xd4\xe6\xe7\xd1\xd0\x1d\x97n\xe8\xc6\x15 x\
\x0e\x00\x1a\xfe\xf2\xe2\xd9?\xe5\x9f\x00\xc8\xf0\xcb\xa4\x8a\
cg\x0a\xc8>3\xea\xb7\x19\xb3\x84w\xec\x83\xd2\xd8\
\xee\xb7\x19\x12\xb7`\x00x\x1d4h\x91T\x05\xf6\x85\
{A\x16\x07\x94f\xbfM\x99\xc3%\xf1w\xeee\x80\
\xf2O]|T\x01\x8f~f\xe37w\x97@=\x15\
h\xe8\xd6vR\xb6\xf4\x81\xabs\x8bDv\x164\xfd\
\xfd\xc5\xeb*5\xc4\xf4]\x87aN\x05\xa3\xcb_\xa8\
g\x1bB\x9b\xf6\xfam\x86d\xadp\x80\x87t \xa4\
\x83k*\x98\xee\xfc\x81\xa6\x82k*\xc0*\xf3U\x17\
\xa6\x0d{l\x0a\x94/B\x14\x8dZ/\xcf!\xd9 \
deA\xf9Q(-\xdb\x10z\xee\xe7\x81\xc2Q\xff\
'wn\x8a\xff\x0cL\x05k\xba\x09Pb\xf3\xc6\xb1\
\x8bL\xf4mc\x9d\x7f\x15\x98\x066\xaa\xdf\x06,\x80\
\xc7\xffb\x81\xf8\x03\xa0\xfcc5-\xfe\xf9\x13#\x81\
\x11\x7f\xb5\xa5\x1d\xa1M{\xfc6C\xb2\x12\x0c\xe0a\
\x1d,\xa2\x83G\xc2`\xe1\x10xX\xab\x98\xc8/\x07\
\xd7\x14\xf0\x9e6\xe7\x05\x11D\xd1\x04\x15\x0c\x88\x82\x01\
\xca\x17 r\xc5zh\xd6)Y\x0ea\x82\x0a\xe3\xa0\
\xc2\x08\xc8pv8Y\xd9>(}?\x83\xba\xe9z\
\xa0x\x1c\xbe}H*!\xfe@)i\xfd\x09\xb0\xf8\
\xef\xcc\x1dcJ\x08\x22\xf6)\x00\x1ftw\xb0\xf5\x13\
\x98\x08\x00\x9d\xed\x0dS\xacm\x08\x5co\x9a=h'\
AS?D\xadN+\x84ab\xeaG\x87!,\xff\
\xff}j\xbc\x11\xd1}\x87\x00\xae\xac|\xb1\xc4s\xb8\
\xae\x82\xc5\xc3\xe0\xf1\x08x<\x02V-\xbf'! \
rE\x88l\x1e\x22\x93\x87\xc8\xd7\xeeR\x9ed>\x02\
T\x9c\x02\xe5G@\x85\x09\x94\x13x\x16nD\xe4U\
\xdf\x03cy\x7f\x8a\xbbUJ\xfcg\xe1`\xcd7\x02\
\xca\x5c.\x15\x093\xc9\xb3c]lGo \x12\xbe\
\x02\x13\x01\x10!|\x8c\xcd\x17\x7f\x00\x94}\x18\xb5*\
\xfe\x00\x90\xb9\xefT \xc4\x9f\x87\x22\x88\xec\xbdR\x8a\
\x7f\x90`\x00\x8fG\xa0$\xa2`\xf1\x08\xb8^\xa5\xe5\
\x979\x9fuZ\xd0\x09\x90iA\xa4s\xb0\xa73N\
t@RS\x90\x99\x06\x15FA\xf9Q@\x5c\xdc%\
\xef\xa2k\x0bI\x98O\xfc\x1d\xf4k>\x0d\xd8io\
k\xbcT\x5c\xfc\x01@\x80r\x8f\x82%\xe6\xea\xd91\
\xae5\x8a0\xfb\x10\x80/Vp\xe0U\x13\x18\x07\x80\
\xa9-\xefYp\xc0\x9a\xa8\xf0/\xc7_\x8a\xe7\xc7Q\
\x1c\x0d\xc0\xb6F\xae \xba\xf7\xa0\xac\xf2\x17\x10xX\
\x07o\x8aAiJ\x80\xa9\xb5\xe7\x901M\x85\xd2\xd2\
\x00\xa5\xa5\x01dZ\xb0\x93\x19\x88\xc9\x0c\x84\xb1\xbcX\
H\x02\x8c(\x82\xf2#\x10\xb9\x11\xc0^[\xf32\xf3\
\xec\xcf\xa1l{9\x94\xf6\xab\x80\xe2Q\x80\xec\x0a\x19\
9\x0fO\xc4\xbfD\xf14\x109\x08\xa8s\x09\x8fL\
i|?\x11\xbe\xc4\x98\xff\x8bc\x81X\x02\xb0\xfa?\
\xfd6\x1e\xde\xfc\xcd\xf9\xc7(\xfdK\xe7?\xaf\x06!\
K`\xf2GOA\x18\x1e|\xd8W \xba\xe7\x0a\xa8\
MUV\xa2\xb3\xc6`\x9a\x0e\xb5\xfb\x00X\xc4\x00\xd7\
\x82\xd5\xfd\xd1+\xec|\x01\xf6x\x0a\x22\x95\x959\x03\
U\x01\x81\x8ciPnh\xc9\x10\xffj\xe1\xf1.D\
^\xf1=\x00\x99\xca\x8b\xb2\x97\xe2?Ch/X\xe2\
\x05\x0b\x0e\x09\xa3\xef\x16\xb5\xe7/\xff\x97wF\x94'\
\x10\xdb\x00\xb9\xd6\xf0g\x0b\x0e\xd8i\xa0x\xd6'k\
*O\xe6\xa13\x81\x10\xffP\xcf6)\xfe>\xc2C\
Qh\xbb\x9e\x8b\xd0\xa1\xb7Ai\x8d\xd5\xad\xf8\x03\x80\
\x12\x09C\xdf\xd2\x81\xd0\x15/\x82\xb6\xfdZ@\x95M\
\xa7\x02\x89(\x82\xb2}\xb0\xc7\x1e\x86\x98|\x1aT\x18\
\xc7F=6\x91\x19\x86q\xf4\x1f\xc1\xd4V@iZ\
\xf9\x0d\xeb\xc5\x0f\xf1\x07\x80\xe2)\xc0\xce,8\xc4\x95\
\xe6\x8f{kDy|\x8f\x00\xd0\x85\x8f_O\xd1\xbd\
w\x034k\x0be~\xe3\xd4\xfd\xafA\xac\xe9\x1c\xa6\
\xeez\xc6\xf7Y\x8e\xda\xd0\xec$\xfd\xf9\xff\x11\xa8;\
x\xbc\x0d\xea\xd6k\xc0\x1bw8\x99\xfb\xb9\xc7\x00k\
\xd8o\xb3\xfc'\xb4\x17\x08\x97v\xa1XE\xd8c\x87\
a]x\x14d\xc9\xc4A\x7fqo\xb6\xbf$\x5cG\
\xf4\x95\xdf\x04\x8bw\x97\xb6\x06\xba\xbc\xf3\xcb/\xf1\x9f\
!|\x19X|~5`F\xcc8\xf7|\xd6\xf3\xf9\
\xdf\xf8c\x90\x83\xff\x11\x80P\xdbm\xf3\xc5\x1f\x22\x0f\
\x14O\xf8hPe\xc9<t\xc6w\xf1W\xf40\x22\
\xbb\xaf\x80\x14\x7fo\xe1\xe18\xf4K^\x06\xfd\x8a\x9b\
\xc1\x9bw9\xf5\xae\xf2OJ\xf1\x07\x16\x8a?\x00\xa8\
!(\xdd\x87\x10:\xf46h[\xaf\x01\xb8\xff\x8f\xaa\
\xba\xc3.@d\xce\xc1\x1e{\xc8\xb5\xd9\xfe\x92\x08\x03\
\xc6\x93\x7f\x0f\xc64@s\xb9J\xa0\xdf\xe2\x0f\x00\xc5\
c\x80\x98\x9f\xf8O\x8cX\xe26\xdf\xec)\xe1\xeb\xb7\
\x8a\xfa>\xd2B\xacaA\xcb_\xca\x1f\xf6&\x11\xc4\
\x07\x8a}\xe3\xbe\xef\xf9g\x8c#\xb2\xe7\x0a0E\x86\
X=CQ\xa0n\xbb\x0e\xfa\xc1\xb7\x80\xb7\xecsf\
\xfd\x04 \xff\x84\xd3G\xbc\xde\xb9X\xfc\xe7\xa3\x86\xa0\
l\xb9\x0e\xe1g\xbd\x19J\xcb\x16o\xed\xaaS\xc8L\
C$\x8f\xc3\x1e{\x18\x94\xb9\x00\xd8\xde<\xb3\xac\xfe\
\x07a\x8d\xdc\xef\xeeR@\x10\xc4\x1fp\xea\x02\x14.\
\xea\x11\xa06\xbc\x98\xce\xff\xb1\xaf\xe5\x10}u\x00\x84\
\xda\xf4a\xf0y\xe9\xe7d:\xe1\x9fZD\x00\xd9\xc7\
\xfd\x7f\xd8\x87w\xee\x07\x8fVIK\xce\x1a\x80\xb7\xed\
D\xf8\xaa\xb7@\xdd|\x0d\xa0\x94\xb2\xfa\x09@\xfe1\
)\xfe\xc0\xf2\xe2?\x9fp\x13\xb4\xfd\xaf\x83~\xe0\x15\
\xb25uE\x10\xa0\xc2(\xc4\xc4c\x10\x13\x8f\x83\xf2\
#\xf0>TI0\x1e\xfb*H\xd8\x80\xb6\x05`\x1b\
\xdc\x05\x13\x14\xf1\x9f!\x7f\xc4\xd1\xb8\x19\x98\x1a\x12z\
\x97\xafE\x81|u\x00\x18o\xfa\xc3\x05\x07\xf2\x01(\
\x0bY!\xb2O\xf7\xc1\xce\xfb[\xd10\xd4\xd1\x03\xad\
e\x93\xaf6\xd4\x0dj\xc8\x09\xf7\xef{\x15\xa0\xcf\xeb\
\xa88;\xf3\x1f\xf2\xcd\xb4\xc0\xb0Z\xf1\x9f\x81\x01\xbc\
y7B\x07\xdf\x0c\xa5}w\xe5\xec\xaa'\xec\x02D\
\xfa,\xec\xd1\xdfBL\x1f\x03\x99\x99\x95\xdfSAD\
\xf2\x02\xcc3?\x04\xe3\xfa\xc6\x96\x02\x82&\xfe\x00@\
E\xa0pl\xc1!\xc6\x1b\xde\xe2\x935\x00|t\x00\
h\xe8\xf6\x17B\x89\xec\x98;`\x83\x0a\x87\xfd2\xa7\
\xa2\x88\xa2\x89\xfc\xa91_m\xe0\xe1(B\x9b\xf7\xf9\
jC\xbd\xc0\x9b\xb7 \xfc\xac?t\xc2\xfd\xf3\x913\
\xff9\xd6*\xfe\xf3\xd1\x22\xd0\xf6\xbc\x02\xfa\xbe\x17\xcf\
EU$kbA\x98?\xdb\xb7b\xd1\x1e/1\x9f\
\xfe&\x84\x99\x02\x94V\x80\xaf\xa3\x1dy\x10\xc5\xbf\x04\
\xe5\x9f\x06h^\xf17%\xb6\x8b\x06o\xbd\xde/{\
\xfcs\x00\x10[\xb8\xf5\xafx\xc2\xe9\xa5\x5c\x83d\x1e\
:\x0b\xb2\xfc\xcc\xfcc\x88\xee\xba\x0cP\x02S\xf7\xa9\
6a\x0c\xda\x8e\xe7@\xdf\xffZ\xe0\xe20\xb5\x9c\xf9\
\xcf\xb1\x11\xf1\x9f\x81\x01\xbc\xed\x00\xc2\x07o\x06\x8fU\
p\xebXM!@\xf9a\x9f\xc3\xfc+C\xc54\xac\
\xc3\xff\x04\xc6\x18\xa0o\xc5\x9a\x92\x95\x03,\xfe\x00\x00\
\x91u\xb6\x05\xce\x83x\xe3G}\xb2\xc6\x1f\x07\x80\xc6\
>\x91\x80\xda\xf8\x92\xb9\x03\xe4xF5\x889\x95\x81\
1\xe4a\x89\xcb2\x84\xb7\xec\x94\xeb\xfe\x15\x86i\x11\
\x84\xae\xf8}(=\x87\x16\xb7\xde%\x00\xf9\xc7\xe5\xcc\
\x1fpG\xfc\xe7\x13n\x81~\xf9MPZ\xb7\xbaw\
\xcfZ\x83lPn\xc0\xd9\xbb\x9f<\xe1{\x98\x7f5\
\x18'\x7f\x0c\x91\xee\x03\xe3\x11@]ek\xf2\xa0\x8b\
\x7f\x09\xca?\xb9\xc0\xef\x22\x9ex9\x8d\xf6\xae#\xd4\
\xb1q|q\x00\x84\x1d\xfb \x98:7E2\xfb\x00\
;\xe9\x87)\x15'\xfb\xe8\x05\x90\x8fN\xb6\xd2\xd0\x0c\
\xbdk\xc7\xca\x17J\xd6\x0d\x8f\xb6 t\xc5M\xce\x1e\
\xe6\x8b\x99\x15\x7f\x1f\x9a\x9d\x04\x0d\xb7\xc5\x7f\x06E\x87\
\xb6\xf75P7]\xe9\xfe\xbd\xab\x19a\x802\xe7a\
\x8f\xfd\x16\x22u\xda\xb3l~W\x10&\xcc#_w\
~\xd6z\x00\xb6B/\x8c*\x11\x7f\x00\x80=\xedh\
^\x09\xc6\xb5\x88\xb0\x95?\xf5\xc3\x14_\x1c\x00\xc6\x1a\
\xde6\xff5\xd5h\xe6\xbf5\x91\x869\xe1cu7\
\xae \xba\xe3\x00\xe4~\xff\xca\xc1\x1b\xbb\xa0_\xf6\x06\
 \x9cX|r6\xec/\xc5\xbfb\xe2?\x03gP\
\xb7_\x0fm\xe7s+7F\xb5`\xe7!\xd2\xa7\x9d\
\xfd\xfb\x99\xf3\x80\xa8\xcev\xea\xe6\xf9{`\xa7N\x82\
1\x05\xd0\x96I^\xae&\xf1/A\xf3\x0b\xdd1\x1d\
<v\xed\x07\xfc\xb0\xc3s\x07\x80\x86o\xbd\x0eJ|\
.\x85\xd7N\x03F\xbf\xd7fxB\xe6\xb1\x0b\xbe\x8e\
\x1f\xddy\x00L\x8f\xfajC-\xc3\xdbwA?\xf0\
z@+\xd3HI\xee\xf3\x9f\xa3\xd2\xe2?\x0f\xa5\xfb\
*'9\xb0\x0e\x99K\xec{\x04\x94\x1dX\x98lV\
\x8d\x90\x80y\xf8\x9f\x9d\x9f\x95\x96\xf2\x09\x81U(\xfe\
\x00\x00\xe3\x82S\x1e\x98\xe9`\xa1\xbd \xa5u\x13\x8d\
|\xef\xe5^\x9b\xe1}\x04\x80\x1a>\xbe\xa0\xeco\xe1\
\x19\x041\x11e\xa3\x98c)\x98\x93\xfe\xb5|\xd6\xdb\
\xba\xa06w\xf96~\xad\xc3\xdbwA\xdf\xfd\xf2\xf2\
-\x94\xa5\xf8\xcf\xe1\xa1\xf8\xcf\xc0\xdb\x0e@\xdf\xf7R\
O\xc7\xf4\x13*N@L>\x11\xe8\xc4\xbe\xf5b\xf5\
=\x00{\xfaX\xf9\x84\xc0j\x15\x7f\x00Ny\xe5s\
`\xa1\xbd\x00\x0f\x811\x06\x0a%\xfe\xdck+<u\
\x00\x88\xbe\xae\x09\xa5a\xce\xcb!\xbbf\xcb\xfef}\
\x9c\xfd3UGh\xab\xdc\xf2W)x\xfb\x0e\xe8\xbb\
o(_\x9eV\x8a\xff\x1c>\x88\xff\x0c\xbcm?\xb4\
\xdd/X\xf9\xc2*\x86\x8a\x13\x10\x13\x8fCL\x1d\x01\
\x19)\xbf\xcd\xa9\x0c$`>\xedD\x01\x9c\x84\xc0\xd6\
\xd9\xe3\xd5+\xfe\x00x\x1c,\xb4\x1b\xc4\xe6*\xb22\
\xad\xed\xd9D__!\xd9\xc1e3\xbc\x1c\xcc\x1e\xea\
\xbf\x99qm.\x8eS<\xe3\xd4\xfe\xaf1\xcc\xe1$\
\xcci\xff\x12n\x22;\xf6\xcbR\xbf\x15Bi\xd9\x0a\
}\xf7+\xe4\xcc\x7f%|\x14\xff\x19\x94\xce\xcb\xa1m\
=\xe8\xab\x0d\x95`\x81\xf0\x9b\xfe\xee0\xf2\x02k\xf0\
\xb7\xb0'K5b\xb4\x1e\x80P\xfd\xe2\xdf\xf8\xbb\x00\
\x0f\x03\xf6\xd4\xdcq\x16\x0ac\x22\xf1>OM\xf1t\
0\x16[P\xf9\x8fj\xb4\xe3_\xe6\x09\xfff\xffZ\
S\x9bl\xf1[!xC;\xb4\xbdR\xfcW$\x00\
\xe2\x0f\x00\xb0\xd3P\x1as\xe0\x8d1\xbf-q\x01\xaa\
;\xe1\x9f\x85h6\x17\x80A\x05\x99\xfd\xd5/\xfeJ\
)i\xd8\xba\xa8@\x9c\xd6\xfcVO\xcd\xf1j :\
\xd2\xabCi\x98\xabxdM\x00\xd6\x88W\xc3{\x86\
10\x09+\xe9S9c\xae \xb4m\xbf?c\xd7\
8<\x14\x83\xbe\xff5@\xb9\xc8\x8a\x14\xff9\x02$\
\xfe\xc8>\x08\x90\x09}S\x1bx\xa4Z#bu,\
\xfc\xf3\xb0\x06\x1f\x85=\xfe\x14\xc88\x03\xa6u\x02\xbc\
\x0a\xfbA\xf0\x04X\xe3k\xe6\xc4\x1f\x00D\x064/\
\x0aNJ\xf3\x954\xf8#\xcf2\xb7=s\x00\xec\x16\
q\x0b\xb8:\xfb\x0f\xab\xd5\xad\x7f\xb9\xc3\xfem\xf9\x0a\
o\xdb\x03.\x1b\xa5\xb8\x0f\xe7\xd0.y\x15\xa0\x95\xf9\
^J\xf1\x9f#p\xe2_r\xc49\x87\xb6\xb5\x13L\
\xa9\xa6\x96\xc2\x04*\x8c\xc1\x1e\x7f\xb4$\xfc\xc1/\xde\
SY\x08\xc6\x91\xaf8{\xe8\x99\x06\x16\xa9\xb2\xa5\x1d\
\x1e\x07k|5\xa0\x94\xd9\xc90/\x0a\xc0\xb8\xa6!\
Z\xf4\xac&\x80g\xdf\x08\xceb\xb7\xcc\xbe \xd3Y\
\xff\xaf1\xcc\xa9\x8cok\xffJ\xa2\x09z\x9b\xcb}\
\xb4%\x00\x00m\xd7\xf5`\xb12\xcb*R\xfc\xe7\x08\
\xaa\xf8\x97`\x9a\x0au\xf3*+\xca\xf9\x0c\x15' \
\xc6\x1f\x83\x98~\x06\xb0j\xb3<\xfaz\xb0\x87OA\
\xa4\xcf:/\xc2\x07\x16\xce\xa4\x83\xcc\xc5a\xff\x8b\xb1\
'Ad\xcf\xbdf\x897{c\x98G\x0e\x00\x9d\xed\
\x0d\x83\xc7\x7fg\xf6@\xe1dMv\xfd\xcb=\xe9O\
=\x03\xc69\x22\xdb/\x81,\xf8\xe3>J\xc7n(\
\xed\x97/>!\xc5\x7f\x8e\x80\x8b\xff\x0cJ\x22\x0a\xb5\
=\xb8%\xb1\xc9\x98\x9a\x0b\xf5[Y\xbf\xcd\x09\x1eD\
0O\xfd\xc4\xf9\x99q\xb0\xe8\xd5\xfe\xda\xb3\x1aV\x12\
\x7f\xc0\xd9\x0dgO\xce\xbdT\x1a/\xa3\xd1\xef{R\
\x1a\xd8\x13\x07@\x84\xf0Vp-<\xf3\x9a\x8a'\xbd\
\x18\xd6SD\xc1\x801\xea\x8f\xb7\xae\xf7l\x03\x0f\xfb\
RJ\xba\xa6a\xa1\x08\xb4\x1d/X\xecW\x11\x80\xfc\
\x93R\xfc\x81\xaa\x11\xff\x19\xd4\x8ef\xf0H\x99\xc2M\
>Bf\x0ab\xf2I\x88\xc9\xa7\xebv\x8d\x7f\xb5\xd8\
\x83g@\xc5i\xe7\x85\xbe{n[`\x10Y\x8d\xf8\
\xcf`\xcd9\x00\x8ck\xaaP\xd9\x07+h\xd9,\x9e\
8\x00\x9c\x85\xe7\xc2\xffvjq\xe6c\x0d\x90}\xb2\
\x0f~\x14\xfdW\xf40B\x9d\xb2\xd6\x7f%\xd0w\xbf\
\x08P\xcbu\xf5{\x120k\xb3z\xe5\x9a\xa82\xf1\
\x07\x000\x06uS[0\x82ev\x0eb\xfa(\xc4\
\xc4\x13 \xa36{\xa1\xb8\x0d\xd96\xcc\xd3\xff\xe9\xbc\
`\x00\x8b<\xcb_\x83\x96b-\xe2\x0f\x94\x92\x01\xe7\
\x96\x8f\x19\x8f\xfdA\x85,[@\xc5\x1d\x00\x1a|O\
T\xf0\xc4sf\x0f\x14O\xa1\x96*U\x01\x00\x84\x80\
\xd1\xef\xcf\x178\xb4mo\xf9mi\x92\x0d\xc1\xdb\xb6\
\x835\xed\x5cx\x90\x00\x14\x9e\x96\xe2\x0fT\xa7\xf8\x97\
\xe0a\x1dj\x9b\x8fK\x01v\x01\x22u\x12\xf6\xd8\xa3\
\xa0\xc2\xb8\x7fvT)\xd6\x85\xa7\xe7\x1a\x1b\xe9;\x00\
\xa5\xd9_\x83.\xa6\x5c\xb6\xffj\x98_\x13@m\xb9\
\x84&\xbe\xdb\xe0\xaea\x8b\xa9\xb8\x03 X\xd7;\x98\
\xa2\xcdV7\xa2\xe2\xe9J\x0f\xe99\xb9\xc3\x03\x10\x96\
\x0f\xb3\xffD\xb3\xdc\xf3_\x09\x14\x0e}\xfb\xf3\x16\x1e\
\x9b\x11\x7f\xc3\xdf\xfe\x0e\x81\xa0\x8a\xc5\x7f\x06\xb5\xbd\x09\
\x5cW+`\xd42\x08\x03\x22u\x0a\xf6\xf8#\xa0\xdc\
\x10jn\x22\xe4\x11d\x18\xb0\xce\xdf\xe5\xbc`\x00\x8b\
\x06hG\xc0r\xd9\xfe+aO\xcc\xfe\xc8\xb8\xa6\x08\
\xae|\xc8E\xcb\xcaRq\x07\x80Q\xe4\xe6\xd9\x17\xd6\
\xb8\xb3\x8d\xa3\xc6\xc8\x9f\x9dX\xf9\x22\xd7a\x88l\x0d\
\xc0C\xb8\x06\xd1\xb6\x1e\x02BMs\x07\x08@\xfe)\
)\xfe@M\x88?\x00\x80s\xa8\xddm\xee\xda\xb4$\
\x02\x94\x1b(\x09\xff`\xf57\xe9\x09\x00\xe6\xd9\x070\
\xeb@\xe9\xbb\x00%\x00\xc9\x9dk\x0d\xfb_\x8c(\x80\
\xc4\x5c\x1e\x19c\xf17\xbad\xd9\x92T\xd4\x01 \xba\
Q\x81\x12\xbff\xf6u\x0d&\xff\x15\xce\x8dA\x14\xec\
\x95/t\x99PG7x4\x00\x1f\xfa\x1a\x83i:\
\x94\xcey}\xe5g\xc3\xfe}K\xbe\xa7n\xa8\x15\xf1\
/\xc1\x13\x11\xf0\x86\xca&\xcfRq\x02\xf6\xd8\xa3\x10\
\xa9\xd3U\xdb\x967\x88\x88l\x16\xf6\xc8\xc3\xce\x0b\xc6\
\xc0\x22W\xf8k\xd0F\xc5\x7f\x86y\xc9\x80P\x9a/\
!\xfa~E\xd7w+\x1b\x01\xe8\xdf\xf7r(!'\
\xfb\x9f\x00\x14\xcfVt8?(\x9c\x18\xf5~P\xae\
@\xef\xd9\xe5\xfd\xb8u\x80\xba\xf9Y\x80R\xda\xb0\x22\
\xc3\xfes\xd4\x98\xf8\x03\x00\xd4\x16\xe8{^\xb3\xf1\xfb\
\x94\x81\xcc\xb4\xd3\xa1o\xea\x08`\xd7^\xbf\x93 `\
\x9e\xbbg\xeeEh/\xc0}\xaa\x0b\xe0\x96\xf8\x03\xa5\
\x9a\x00Nd\x83)\x11\x0d\x93FE\xa3\x00\x15u\x00\
\x04\xd3\xde4\xfb\xc2\x1c\x00Dm\xedm\x15y\x03\xd6\
\xb4\xf7-\x7f\xc3\x9bw\x82\xcd\xed\xaa\x94\xb8\x85\xa2B\
\xe9(\xcd$\xa4\xf8\xcfQ\xa3\xe2\x8f\xe8\xb5@\xb8\x15\
j\x97\x8b\x9d3E\x11\x22u\xb2\x94\xd9_\xa3\x1d\xfa\
\x02\x82=6\x00*\x96\x12\xe7\x18\x07\x8b\x94\xa9\xd7Q\
i\xdc\x14\x7f\xc0)\x92'\xe6\xaa>\x12O\xbc\xc5\x9d\
\x1b\x97\xa7\xb2\x11\x00\x1e\xbaa\xe6G*\x9e\xaa\xe8P\
~\x90?2\xe0\xf9\xce?%\x1c\x81\xd6\xb1\xd5\xdbA\
\xeb\x04m\xd3\xa5\x80\x1a*\x89\xffa)\xfe@m\x8b\
?s\xa2\xab\xea\xa6k7~O\xb2!\xd2ga\x8f\
=,\x13\xfc\xbcB\x08X\xe7\xef\x9c{\x1d\xde\xe7m\
\x8f\x00\xb7\xc5\x7f\x86\xf9E\x81X\xfc\xb9\xee\xde|!\
\x15s\x00h\xec\xf3\xddLk\xeep^\xd8\xd5\xdb\xbd\
i\x19\x0a>l\xfd\xd37\xed\x00c\xd5T\xd3\xbcJ\
`\x80\xd2y\xd9<\xf1?\xef\xb7E\x15\x87\x88`\xe7\
LXi\x03\xc6T\x01f\xda\x80\x9d3Av)I\
\xad\x0e\xc4\x1f\x00\x10n\x84\xd2\xb5w\x9d7$P~\
\xd8\x11\xfel\x9fL\xf0\xf3\x18\xab\xef\xc99_\x8b\xa9\
@\xc8\xa3fh\xeb\xdd\xea\xb7\x1a\xec)P\xe9s\xc4\
\xf5\xa6&J\xfe\xb0b_\xc2\x8a\xed\x83\x11F\xfe\xad\
,\xc4\x9cr\x1b\xc6\xf9\x9a+\xfd[\xbc0\x01Q\xf4\
6\xf9\x8f\x87\xa3\xd0Zz<\x1d\xb3^\xe0-\x9b\x00\
\xad\xb9\xa6\xc3\xfeV\xd6Da \x0bc\x22\x0fk\xaa\
\x00;g\xcf\xae7.\x80\x01jT\x83\xd6e \xbc\
i\x1az\xd76(\x89\x0e\x7f\x8a\xe7TZ\xfcgN\
u_\x09{\xf8\xc4\x9anGf\x1a\x94:\x0d2e\
\xa8\xdf/D6\x07{\xfcq(\xedNA \x169\
\x00\xca?\x09\xa0\x82\x8e\xd8F\xb6\xfa\xad\x06\xb2\x01;\
\x09\xa8\xcd\x00\xc0\x84`\xef\x05\xf0\xb1J\x0cUA\x07\
\x80\xff\x81R\xaa\xb8I\xb58\xfb?\xe1}+\xe3\xf0\
\xa6]\x08F\x09\xb3\xdaCm\xdfW\x9ba\x7fA\xc8\
\x0fd\x90=1\x0dcr\x95\xf9*\xe48\x0b\xd6\xe9\
\xf3\xc8\x9f>\x0f\xe0>\x84\xda\x9b\x10\xbb\xf2*\x84\xb7\
\xec/\xdf\x12\xb9\x12x$\xfe\x00\xc0\xa2\x9d\xe0\x0d\xed\
\x10\xa9UT)%\x0b\x22s\x1e\x94\x1d\x84\x0c\xf5\xfb\
\x8fu\xee\xd7\xb3\x0e\x00x\x14\x08m\xaf\x5c\xb3\xb9J\
\x85\xfd/F$\x018\x05\x8e\x98P_\x8b\x0a9\x00\
\x15\x89%\x13\xf5r\x1en\xb9\xa4\xf4\x020j\xabr\
\x9a(X\xab\x7f\x98\xba\x04\x8f\xc6\xa0\xb6\xc8\xa2?\x15\
A\xe1`z\xb6\xe6\xc2\xfe\xc6x\x1ec?\xbb\x80\xa9\
\x07\x877\xfcy-\x8eMc\xf2\xe7\xbf\xc4\xd8\xbf\x7f\
\x1b\xc6\xe0\xf1\xca\xeb\x9e\x87\xe2?{Y\xf7\xcaId\
T\x18-\x85\xfb\x07 \xc5?\x18\xd8\xa3}\x0b\x12.\
Y\xf8\xd2\xca\x0c\xe4\x95\xf8\x03\x80\x9d\x9c\x8b\xce\xe9m\
;*\xb5\x1d\xb02\x8b\xc9C\xe2eL\x8b:\xd3\x04\
k\x08 \x7fZ\xe4V\x8a\xfc3\x03\x9e\xd7\xfd\x97\xb3\
\xff\xca\xc1\xe3a0\xe1\xc3v\xceJ!\x08\xa9\xc3\xe3\
\x18\xffu?\xcc\x94\xbbKof2\x83\xf1\x9f\xfe\x17\
\x92\x0f\xfc\x04\xb0*\xf4\xbd\xf6A\xfc\x01\x807\xef\x01\
\x94\xf2AQ2\xd3\x10\x13O@L\x1f\x03\x84\xb9q\
\xbb$\xaeA\xb6\x0d\xab\xef\x17s\x07\xb4.\xf7\x9b\x04\
y)\xfe\x00@\xd6\xec\xae9\xa6\x84U$\xad\xdf\xab\
\xc40\x15q\x00\xec\xbc\xf1\xee\x99\x9f\xa9\xd6B\xaa\x00\
\x8c\x01o\x93\xff\x94h\x02jS\x87\xa7c\xd6P\xc5\
\xab\xe6\x00\x00 \x00IDAT\x13JC\xcco\x13\
\x5c\x83\x04a\xf2\x81!d\x9e\x99\xaa\xe8\x045{\xf4\
$\xc6\x7f\xfco\xa0\xa2\xcb\xeb\xdf>\x89?\x00@\xd1\
\xa0\xb4_T_\x83,\x88\xf4ig[\x9f\x5c\xeb\x0f\
,\xd6\xc0S\x0b^\xb3\xf0e\xee\xdd\xdck\xf1\x9fa\
^\xd5\x5c\xbbH\xef\xab\xc4\x10\x95\x89\x00h\x89\xe7\xcf\
\xfe\x5cc\x0e\x80\x9d\xca\xc3\xcaz;\x03\x90\xb3\xff\xca\
\xc2c\x1en\x1d\xaa$\x820\xf5\xe00\x0a\x83\xde\xd4\
\xdb0\xc6\xa70\xfe\xe3\x1f\x80\x0a.\x09\xa3\x9f\xe2?\
\xf3\xb6\xf6\x99\xdd\x00\x04\xca\x0d\xc9p\x7f\x95 \x92\x93\
\xa0\xec\xd0\xdc\x81\xd0.w\xb6\x04\xfa%\xfe@)\x0f\
\xc0\x81\xa9M.\xecU]\x8c\xeb\x0e\x00\x9d\xfdp\x13\
\x8f\xb49E\xb6\xadi'\x9b\xb1\x86(\x9c\x18\xf6t\
<5\xde\x08\xa5\xa9\xdd\xd31\xeb\x09\x1e\xd6\xc1\xd4\xda\
\xe8\xa6\x98:<\x81\xc2@f\xe5\x0b]\xc4\x9cJc\
\xf2g\xff\x01\xd8\x1b\x14\xed\x00\x88?\x00\xb0\xf8f\x80\
L\x88\xc9'!R'e\xb8\xbfZ \xc0\x1a\x98W\
\x19\x90)@h\x83\x05\x9e\xfc\x14\x7f\xa0\xd4\x1b\xa0\x00\
\x10\xc0x!Ac\x9fp\xdd\x10\xd7\x1d\x00[\x89\xbc\
\x1e\xac\xb4\xfd\xcf\xac\xad\xd9?\x00\x14\x87\xbc\x0d\x03\xea\
\xdd\xdb<\x1d\xaf\xde`Q\x8f2\xda+Lq$\x8b\
\xcc\x89\xa9\x95/\xac\xc8\xd8\x93H>\xf4\xf3\xf5O\x92\
\x03\x22\xfe\x0ey\xf0\x88-\xab\xf8U!\xf6\xd0\xd1\x05\
\xafYx/\xd6\x1d9\xf5[\xfcg\xb0S \xf3\x02\
`O0d\x99\xebu\xab\xdd\x8f\x00\x14\xad?\x98\xfd\
\xb9\xc6\xb2\xaa\xad\xe9\x1c\xec\x9cw\x0d=\x94PD\xae\
\xfdW\x18\x1e\xa9\xfe\x92\xcad\x0b$\x1f\x1d\xf55J\
\x9d=r\x02\xe6\xf0:\x9a}\x05E\xfc\xc9\x00\xac1\
\xc0NCiw\xb14\xb0\xc43\xec\xd44(;o\
\xc7\x99\xd2\x08\xa8\xeb\x88\x9e\x06E\xfc\x09\xa0\xf4/\x9c\
\xcf%\x00\xcb\xb0oq{\x08\xd7\x1d\x00\xa6%\x0e\x01\
\x00D\x110k(\xb3\x1a@\xf1\xa4\xb7\xe1\x7f\xad{\
+\xe4\xda\x7fea\xb1\xeaw\x00\xb2\xa7\x93\xb0\xb2\xfe\
w\x9a\x9b\xba\xe7W\x80\xb9\x86\xed\x86A\x10\x7f\x22\xc0\
N\x01\xd6\x84\x93y\x0d\x80\xb7\xec\xde\xb8=\x12\xef!\
\xc0\xea\xbbg\xc1!\x16Zc\x11\xbd \x89\x7f\xf6>\
 s\xaf\xa3\xa5\x00\x98\x96\xb8f\x85w\xad\x19W\x1d\
\x00\x1a\xfeX\x8cG\xdb\x9d\xea\x05\xc6\x05T\xb4\x1a\x93\
\x0f\x14\x87\xd2\xde\x0d\xa6\xaa\xd0e\xd5\xbf\x8a\xc2\x14\x06\
\xaek~\x9b\xb1!\xc8\x16\xc8\x1c\x9f^\xf9B\x0f\xb0\
\xd29\xe4N=\xbe\xba\x8b\x83 \xfe\xa2\x08\xd8c\x8b\
\x9a\x94\xb1P\x13\x94\xc6\xae\x8d\xdb%\xf1\x1c{\xf8\x99\
\x85\x07B\xbb\x9d\x12\xc1\xab!h\xe2_8\x0a@8\
\x8d\xf4\x00\xb0X{\x1b\xf5}\xc4\xd5\x8ceW\x1d\x00\
;]x\x13\xb8\xc2\x008\xeb\x165\x849\x95\x81\x9d\
\xf7n\x96\x15\xea\xdc\xbc\xe4\x9ed\x89;\xb0*\x17\x7f\
\x00(\x0cf!\x0a\xfe\xcf\xfegH?\xfa8`\xae\
\xd0\xfe\xd6o\xf1'\x01\xd8SN\xd3\x15*_\xce[\
\xe9\xbad\xe3\xb6I<\xc7N\xa5 2\xf3\x96\x9e\xb9\
\x0e\xe8\xabh\x9e\x16H\xf1/\x1d*-\xa53\xae2\
#k\xbe\xc1\xcd\xe1\x5cu\x00D\x919\xeb\xff\x04\xc0\
\x1ct\xf3\xd6\xbeS<\xe9\xe5r\x06\x83\xde\xbe\xc5\xc3\
\xf1\xea\x14\xbd\xfa\x1d\xac\xdc\xf9`%\xab\xd9\x05\x03\xf9\
sG\x96\xb9\xc0g\xf1\x179\xc0\x1a\x05\xc4\xf2K\x15\
\xbci\xfb\xc6l\x93\xf8\x86=p\xff\x82\xd7+.\x03\
\x04X\xfc\x018\x11\x80\x99\xfc\x1eC\xbc\xd9\xcd!]\
u\x00\x98\x1e\xbb\x12\x00`O\xac\xf8\x05\xab6\xccQ\
\xef\xc2\xffz{7\x98V\xfdk\xd3A\xa7\x16\xc2\xff\
\xc6\xe8\x0a\xb3m\x1f\xc8\x1e~\xaa|B\xa2\x9f\xe2O\
6`M\x96\xb6%\xaf\x9c-\xc9\xe3r\xf9\xadZ\xb1\
F.JF\xd5\xb68=\x02\xca\x11t\xf1\x07\x00\x91\
w\x22V\x00x8q\x95\x9b\xc3\xba\xea\x00\xf0xG\
\x0b\x00\xc0\x1cZ\xe1\xca\xeaB\x14M\xd8\x1e&Y\xe9\
\x9d\xab\x08YI6L\xb5/\x01\x18cy\x90\xbd\xfe\
\xd4\x7f\xc6\x01\xae\x01j\x98A\x0d3(:\xc05\x86\
\x8dv\x9b6&R\xb0\xa7/z\x06\xf8)\xfe\xa2\x00\
X\xe3k*I\xce\xa2m\xc0L73IU!\x92\
\x93 s^=\x0c\xc6\x9c\x5c\x80\x8b\xa9\x06\xf1\x9f\xa1\
\xa4\xa9<\xd6\xeejQ\x18\xd7b\xa0\xd9;ox\x0d\
\xd3\xe3\x1c\x00\xa8\xc6\x1c\x00\xe3\xec\xb8g;\xac\xd4\x86\
\x16\xf0\x88\xcf\x1f\xc8:\x81i\xd5]\x00\xc8\x98\x5c[\
-~5\xcc\xa0%\x18\xd4\x08\x83\x1av\x92 \x97B\
\x98\x04\xbbH0s\x043\x03\xd8\xc5\xb5}\x03\x0a\xfd\
\xa7\x11k\xeev^\xf8%\xfe$\x9cr\xaa\xeb\xe9E\
\xc28\x94\xd6\xcd\xb0GO\xaf\xfd\xbd\x12\x7f!\x82=\
\xf2\x10\xd4\xcd/\x9e=\xc4\xf4\x9d\xa0\xfc\xbcr\xc1\xd5\
$\xfe\x00\xc8\x1a\x02\xc3\x01\xb0P\x03/\xdc\xf5\xca\x1b\
\xc27\xfc\xd7]n\x0c\xefZ\x04\x80%\x9a\xdf\x0e\xc0\
\x89\xaeY\xden\x97\xab4\xc5\x01\xef\x0a\xac\xe8\x1d\x9b\
<\x1b\xab\xde!^\xdd\x0e\x809\xbd\xb2\xb01\x0e\x84\
\x9b\x19\x9av\xa9h\xd8\xa1 \xd2\xc6\xa1\xc5\xd8\xb2\xe2\
\x0f8\x91\x00-\xce\x11\xedP\xd0\xb8SA\xc3N\x05\
\xe1\xe6\xd5G\x07\xf2gJ\xc2ig\x80\xeco\xbd\x17\
\x7fQp\xf6Oo\xa0\x11\x99\xd2(\xf3p\xaa\x15{\
\xe4\xe9\x85\x07\xd4v\x80\xc7\x9d\x9f\xabL\xfc\x018\x11\
\x80\x92\x0f.\xc2\xf1w\xbae\x82k\x11\x00\x1ei\xba\
\x1a\x80\x93Y[c\xeb\xff\xd6*\x1e\xb4\xae\xa0jP\
\x1ae\xd9_\xafXI\x04\x83\x8e\x9dY^T\xb5\x04\
C\xac\x93\x83k\x1b\xffw\xaa!\x06\xb5KA\xb8\x15\
\xc8\x8d\xda0R\xcbG\x04\x8c\xb1)\x88\xec0\xb8}\
\xd8\x9dn\xa0\xab\x15\x7f\x12\xce:?m\xfc\x19\xc4\x13\
\xf2\xbbX\xad\x88\xf1R\xe2\xdc\xccG\x9f\x01\x08m\x07\
\x8a\xe7\xaaO\xfc\x81R\x1e\xc04\xa06AI\xb4\x5c\
\xe7\x96\x19\xaeE\x00\x94x\xab\x13\xef\xab\xb1\xf0\xbf9\
\x92\x84\xb0\xbc\xa9g\x10j\xeb\x02\xab\xf2YiU\xc1\
\xab\xdc\x01\xc8\x95\xdf\xc2\xc68\x10\xeb\xe6HlV\x5c\
\x11\xff\xf9p\x0d\x88oR\x10\xeb\xe1+F\x03\x8c\xf3\
w{+\xfe\xb3\xb3~w& ,\xe2rKY\x89\
g\x88b\x11\x22ul\xc11\x16\xda_\x9d\xe2?C\
ig\x9d\x12ku-C\xd5\x15\x07`\xe2\xcb\x91-\
<\xd1\xa9\x01\x00\xd5\xda\xf6\xbf\xf3\x13\x9e\x8d\xa5\xb5\xcb\
\xf0\xbf\xa7Pe\x9aaz\x01\x09\x82\xb0\x16;\x00\x8c\
\x03\x89-\x0aBM\x95\xfd\xb7\x85\x1a9\x1av(\xe0\
\xea\xd2\x0e\x861\xe5\x82\x10\xafF\xfc\x89\x9c\xd9\x91=\
\x057\x8b\x8f\xb1p\x8bk\xf7\x92x\x8f=\xf4\xe8\xdc\
\x0b\xa6\x03\xf1\xe7\x01j\xb3\x7f\x06\xe1\xffg\xef\xcd\xc3\
$I\xef\xfa\xce\xcf\xfbFD\x1eU\x95uWw\xf5\
\xf4=\xd3\xd7\xdc\x87\xa4\xd1X\x02I \x81\xb1\x0e\xcc\
\xb5\xc0>fml\xef.k\x1b\xf1x\xf1c\xb3\x06\
$\xda\xc6\x87\xb4\x08q-`\x04,\xe2\x900#q\
y\x11\x08$\x8d\xe6\xd01#i4g\xcf\xd5\xc7\xf4\
\xdd]\xf7\x95wD\xbc\xef\xfe\x91U\xdd]]yD\
dFdFd\xc5\xe7y\xf4h:\xf3\x8d\x88\xb7\xaa\
2\xe3\xfb\x8b\xdfI\xfb\xe2\x0f\xe8\xf5\xd0\xba\xc8\xedH\
\xcd}\x98@\x8c\x80@\xee\x12\xc6\x9e;~D\x98\xd9\
\xf5\xf8\xffL\x10\xa7\x8c\x0c\xd5\xd9\xeeLW3\x86G\
\x91\x99$\xf9\xaf\xab\xc48\x04\xa0]\xb5\xa5\x9aM\x88\
\x9a\xf8\x9b\x03\xdd\xf9\xb9\x8c\x94 \xb7\xbf\xb1\x11`/\
u\xf8\xf4\xefI\xfcmp\xe7k.\xd2\xa0I\xf7X\
,\x12:\xc2\x99?S\xfb\x0f\x91B\xa4\x8f d\x06\
\x8c\xd1\xdem\xa8\x03\xf1\x07j\x1e\x00\x0d\xc2\x1a\xc0\xdc\
\xf3\xc0\x0f\x05\xb1\xa5`\x0c\x80\xf1\x1d\xef\x06j\x16x\
\x18_\xc4\x1e\xa1l\x07U\xe8\xce8\xd0T\xf2\xf4\xdf\
u\xa4\x88\xb3\x01\xb05\x06?0-\xbb&\xfe\x1b\x18\
)\x18\xda[?\x1c\xd0*G\xa1)^\xc4\xdf\xcd\xaf\
\x97\xf7\x85S\xa2+\x8c\x14\x98I?\x8e\xb8\xa2\x96\x17\
A)D\xfa\x08\xc8\xf5\x92\xce^\x19\x00\x9d\x8a?\xd4\
\xb4U\xad\x00`NN\x052\x190\x10\x03\xc0\xccM\
\xdd\x01\xf4_\xfc\xff\xe2bw\xca\xff\xa4\x815\xba\xb3\
\x1bWJ\xb8\x01\xad{8>\xafc6\x0b}jX\
\x84\xee\xf6o\x84\x99\x11\x0cLo\xbd\xb6[p\xd1\xaa\
\x8d\xdfq+\xf1\xd7nmx\x8f\x0a\xb99\x97\x00#\
;\x1c\xee5\x12\xc2C)\xdc|\xe9\xba\xf8\x03\xc8a\
\xef\xb3\x01\x82\x22\x08\xf1\xdf`#\x0f`x\xea\xee\xce\
O\x16\x80\x01\xf0\xfaq2F\xae6\x00H;\xfde\
\x00Tg\xba\xd3f55\xb5\x0b\x92\xe4\xbf\xae\xa3\xec\
\xf8\x1a\x00\xc2\x145\x9f? d}\x01\xee&\xe9\x11\
\x89\x95\xdbl\x94h\xad\xfd\x8f\xcfn%\xfe\xaa\xb4\x9e\
\xe8\x17@Y\xa1\x07Db\x00\xc4\x1aw~s[j\
!\x04\xc8.\x86Z\x83\x14\x7f@\xdb\xb5<\x00#7\
5q\xf2W\xe9\xb8SU\xc7w\x8d,\xdc'\x87w\
\xd6\xbe\xf9\xebs\x8b\xfb\x05g\xb1\xd8\x95\xebX\x13\xc9\
\xe4\xb1\x9e\xa0\xe2;\xadR\x0e\x1e\xc3\xc8\x8e\x00\x90\x99\
`c\x06WO\x19\x9c\xde\x1a\x0aP\x15\x1f\x06@3\
\xf1\xbf\x96\xe8\xb7\x8c\x97V\xbeA\xa1\xd3\x83]\xbbV\
B\xf0\xe8\xf9\x17\xb7\xbeht\xc9\xa8\x0bX\xfc\x81k\
\x1ak\x0c\xef\x10\x83\x8bt\xec\x05\xe8\xd8\x00\x90\xc3c\
\xef\x90\x99\xd1\xf5\xd1\x9a\xddI\x98\xeb\x0a\x9a\xae\xb4\xff\
\x95\xa94\xc6`\x0f\x13S\xb61\xca\x89\xa9\x07 }\
\x042\x871r\x83\xeb\x8d~\xa2Q\xcd MAf\
|\xb3!\xa2*\xf5K\x15\xb7\xd0T\xfc\xab\xebc{\
\xbb\x9f_$\xcd\x06=\xe4\x13b\x81\xbb\xf0\x1aZ\xdd\
\xf4\x19\x94]0\x00\xc2\x10\x7f\x00w\x15T\x15\x99\x1d\
\xc7\x1a\x19\x7f[\xa7\xa7\xeb\xf8\xce\x91\xd9}\xf0;\x10\
\xd4\x92q\xbah\x99\x87\x8d=\xb3\xdc^\xfc\xd2'\xd6\
\xc4Nn\x8e\xe7&t\x07\xed\xc6\xd0\x03\xb0.\xfe\x00\
\xe6H\x8eT\xaeuW\xbfn\x92\x19\xdf\xec\x05PU\
\x0f\xbf\xe3f\xe2\xaf\xf2\xb5x\x7f\x83\xb1\xbd\xa1c\xc4\
{^\xc4vG\xdb%\xd4\xca\xab\x9b^\x132\x05\x22\
\xc4\xe4\xce\xb0\xc4\x7f\xe3\xe4\xee\x22\x08Aj\xe7\xde\xef\
\xec\xf4l\x1d\x1b\x00\x227y}\x02`\x1fQ\xbd\xda\
\x9d\xa7\x0dk,I\xfe\xeb\x15:n\x1e\x80\x1b\xc4\x1f\
\xc0\x1a\x9f\xeaY\xe2_#\x84!H\x8f^7HZ\
\x0e+j$\xfeZ\xadO\xef\xeb\xde\x14\xcez\x08#\
\xc9\xcd\x89;\xee\xfc3[_\x0c\xab\x19P\xa8\xe2\xbf\
\xcez\x18@\x8eL\xde\xd7\xe9\xa9:\xba{\xcc}\x98\
\x9c121\x0e\xa0\x9d\xf9N\xf7\x12\x1d\xcc\x09\xec\xc5\
\xf0\x93\x8c\x8cT\x06\x99\xb8\xff{\x86\xae\xd3H'\xb2\
\xdc$\xfe\x00\xd6\xc4\x14F\x97\xcb\xfe\xbc\x90\x1e\xbb.\
\x9aM\xbd,\x0d\xc5\xbfZ\xab\xed\x0f\xa2\x8b`\xa7\xc8\
T\xafw\x90\xd0!j\xaeKy\x00\xdd\x10\x7f@;\
\xb5\x87mcdr\xc7\xecq\x86:9WG\x06\x80\
\xaap\x8f9\xbak=\x01\xb0O\x0c\x00s\x021\xfc\
n\xdc\xe5\xe5\xf0/5\x99<\xfd\xf7\x12\xb7\x14\x13\x03\
\xa0\x8e\xf8\x03X\xe3\xd3\x88Ng\xf7\x86\x80\x91\x023\
\xbbn\x984\xf2\x004\x12\x7fU\xe8\xad\xcb\xff&T\
p\xe3R\x12z\x84Zxu\xeb\x8b2G\xa0\xa1\xd7\
.\x89?pMk\xcd\x91]B\xc1]\x9d\x9c\xaa\xa3\
O\xb7B\xde+\x07'\xd7\xbbqu\xa7d.T6\
\xc4\x7fu\x11e\x87\x9f\x00\x98\xd4\xfe\xf7\x16U\x0a\xff\
o\xdc1\x0d\xc4\x1f@\xa4S\xc8\xe1]\xa8\x95K]\
\xdeTkR9\x81S\xd2\x94.\xe5q\x8a[\x9bi\
\xc9!\x03!\x1e\xb9\xf6o\xad]\xdc\x95s\xe8j\xb4\
\xee#\xb2t\x99\x80\xc7)$t\x19U\x98E\x95\xe6\
\x91\xd9\xc9k\xaf\x09a\xa0\xe5@\xcd\xe0\xec\x94n\x8a\
?\xac\x0f\xbbr\x10C\x93\x08!\xef\x05\xf5d\xbb\xa7\
\xea\xc8\x00\x10B\xdc'\x06\xc6\xc0\x99%\xf6\x09\x80\xeb\
\xe2\x8f\xccP=\xff\x5c\xe8\x9732Y\xe4\xe0H\xe8\
\xd7Ih\x8c[G\x98\x22E\x13\xf1\xdf\xc0\xd8q,\
\x92\x06\x805$`\xb6\xd6\x0e\xb8~K\xe0\xebB\xaf\
\xca\xabT\xaf\xbc\x8c\xb6\xa37Eth\x8f\xc4\xda\x9d\
\xe4\x01\xc4\x1d\xb5x\x02\xb9\xfb\xed\x9b_4\x86;7\
\x00\xba-\xfe\x00(p\x16\x90\x03\xe3(Ct\x94\x07\
\xd0\x91\xff\xd0\x9a\xbc\xe5!!\x8d\xf8\xbb\xffo\x10\x7f\
\x00{\xe6\xf5\xf0/9\xbe#\xf4k$4\xc7\xc9G\
\xd8\x00\xf0 \xfe\x00\xc6\xf8m5\x9f{\xc40\xd2\xa2\
\xe9\xa0\xa0\x0d\x9c\xc5\xf3T.<\x1bI\xf1O\xe8\x1f\
\xdc\xa5W\xb6\xbe(;\x0a\x9f\xf7H\xfc\xd7q\x16\x10\
\x86\x8556\xdd\xd1h\xe0\xb6\x0d\x00}\x1ci\x8cN\
\x1e\x86\x98'\x00\xde$\xfe\x00\xeeb\xf8\x13\x0d\xcd\x91\
d\xd6x\xafqV#j\x00x\x14\x7f\x00\xcc\x14\xe6\
-\x81t\x05\x0d\x1c\xa3I\x09\xbdV\x0e\xd5K/b\
\xcf\xbf^k\xf2\x93\x90\x10\x22z\xe5\xcc\xd6\x17\xe5 \
m\xe7\x01\xf4R\xfc\xb9\xae\xb9\xe6\xe8\xe41}\xbc}\
\x1do\xfb\xc09\x83\xdb\x8c\xd1\xa9\x9aj:1-\x01\
\xac#\xfe\x00n>\xe48\xa44\x90C\x89\xfb\xbf\xd7\
\xa8\xaa\x8b[\x8eX\x1e\x80\x1f\xf1_\xc7\xdc\xf5\x00\x18\
\x1dw\x05\x0d\x1c+]\xff\xe6\xaa\xabE*\xe7\x9f\xc1\
-\xc4\xf4\xbe\x91\x10;\xd4\xea\xb9-\xaf\x09al\xb9\
\xf7{\xa2\xc7\xe2\x0f\xd4\xaad\x00ct*;\x0b\x07\
\xda=M\xfb\x1e\x00\xd7\xb8\xd3\x18\x9e\xaae\xeb\xba+\
\xed\x9e\xa6w4\x10\x7f\x9c\x0a\xba\x12n\x09\xa056\
\x81\x08f\x0eSB\x878\x9d\x8e\xac\x0d\x926\xc4\x1f\
\x00+\x8du\xf0\xa1\xe0\xf7\xd3!F\x9d{\xab[X\
\xa0r\xfe\x19t\xb5;m\xb6\x13\x12\x00\xd4\xdaU\xb4\
['\xcc$}\xb6z\x8e\x82\xf8\x038K\xa05\xc6\
\xc8$\x1a\xe3\x8evO\xd3\xbe\x01 \xf51#7\xbe\
\xde\xa8#f\x1d\xd5\x1a\x89?`_|)t\x8f\xa4\
92\x11\xee\x05\x12<S]\x8c\x88\x01\xd0\xae\xf8\xaf\
cL\xdd\x8d\x1c?\x10\xdc~\x02\xc0Hm\xbe\xbd8\
\x8b\xe7\xa9^>\x81V\x11\xf3\xba$\xf4?\xcaA\xad\
6\x0a\x03x$*\xe2\x0f\x80\x02\xb5\x8614\x8e\x90\
\xfaX\xbbgi\xdf\x00P\xdc.\x07F\xe2\xf7\xf4\xdf\
D\xfc\x01\xec\xabujF\x03\xc6\x18N\x0c\x80( \
$T\x97\xba\xdf_~\x0b\x1d\x8a?\x00\x12R\x87\xde\
\x89\x8c\xd0\xf4:\x91\xaa\x0d,\xd4\xaeM\xf5\xd2\x0bI\
\xbc?\xa1\xa7\xa8\xe5z\xfd\x00<\x1a\x00\x91\x12\xffu\
\xdc\x15\xc4\xc0(Zq{\xbb\xa7h\xdb\x00\x10B\x1c\
\xab\x0d\x01\x8a\x91\x01\xd0B\xfc\x01\x9c\xf9\xf3\xa1n\xc1\
\x18\x18BZ\xd9P\xaf\x91\xe0\x0d!\x05\xf6|\xb9+\
3\x1f\x1a\x12\x84\xf8o`e\xb1\xee\xf8nD*\x1a\
\x9f/\x01\xa0\xf2\xeb\xf1\xfe\xc5^o'a\x9b\xa3\x97\
\xebx\x00D\xa6\xf1\xe8\xe9k\x07FP\xfc\x01\xdc\x15\
dv\x14\x84\xe8\xbe\x07@HyT\xa4\x87\xd0q\xf1\
\x00x\x10\x7f\x00g9\xdc\x91\xc6\xe6h\xf2\xf4\x1f\x19\
\x84F\xd9\x0a{\xb1G%hA\x8a\xff:\x223J\
\xfa\xee\x1f@\xa6;,q\x0a\x00]\x9e\xc3\x9ey\x0e\
mG\xc0\xcb\x92\xb0\xedQu*\x01\x84\x10\xcd\xbd\x00\
Q\x15\x7f@\xbb\xab\xc8\xcc0\x18\xb2\xbb9\x00\xf3\xff\
\x89\xdd\xc6\xc8\xf8\x08B\xc6\xa3\x03\xa0G\xf1\x07P\xc5\
poV\xe6pR\xfe\x17\x156\xba\xe8V\xae\xf6 \
!-\x04\xf1\xbfFf\x84\xd4=?\x80\x1c\xea\xd5g\
M\xa3\xd6\xce\xa0\x96_F\x1a1\xcb\x0fJ\xe8[\xd4\
Z\x83\xf2\xeeF\x06@\x84\xc5\x1f\xa8\x85\xdf\x85\xc4\x18\
\x1a\x19\x9d\xf9\xcf\xb4\xd5V\xb6-\x03\xc0v8l\x8c\
\x8c_\xdfD\x94\xf1!\xfe\xb8N\xa8-\x80\x854\x90\
\xb9\xa4\xfc/*\x08Y+S+_\xcaw\xf7\xc2a\
\x8a\xff\x06\xa9!Rw}\x1f\xc6T\xc8\xd7\xb9\x19\xed\
\xa0\x96N\xa0\x0b\x17\x01\x90f\x12\xf3O\x88\x06\xaa\xb4\
\x88VufL\xd4\x1b\x0d\x1cu\xf1\x87k\xdak\x8e\
N\xe2\xba\x1ci\xe7\x14m\x19\x00B\x18\xb7\xc9\xa1Q\
\xd0\x0e\xa8\x08\x97\xf3\xf8\x11\x7f\xc0^\xd8Z+\x1a$\
Fn8)\xff\x8b\x10\x1b\x1e\x00{\xb5\x8a\xbd\x1a\xfe\
\xf4G\xa0;\xe2\xbf\x81aa\x1d\xf9\xfb\xa4\xee\xf8.\
D7\xba\x05\xaa\x0aj\xf1yt\xe5z\xbc\x7f\xc3\xc8\
JH\xe89\xcaE\x17\xebx\x01\xe4M93q\x10\
\x7f\x00\x95\x07\xed\x22\x87F\x10\xda\xb8\xb5\x9dS\xb4\xa9\
F\xfa\xa018\xbc\xee\xfe\x8f\xa8\x85\xefS\xfc\x01\xdc\
\xf9\xb0\x0d\x80d\xf4o\xa4\xb8A\x9bJ\xe7\xba\x10\xca\
\xea\xa6\xf8\xdf\x80\x1c;D\xfa\xfe\x1f\xc6\x18\xdf\x1d\xda\
5\xb4\xbd\x8a;\xff\x0c\xda\xde\xecM\x89\xe0\xb0\xc2\x84\
m\x8c*\x5c\xd8\xfa\xa2\xc8p\xedf\x10\x17\xf1\x07@\
\x83\xbb\xb6^\xf9\xa3\x0f\xb6s\x86\xf6\xbe\x9e\x9a\xdbd\
v8\xba\xee\xff6\xc4\x1f\xc0Y\x0a\xb7\x05\xb014\
\x16\xea\xf9\x13\xfcaX\xd7\xff\xbbxv-\xdcj\x80\
\x1e\x89\xff\xf5\xeb\x0fc\x1d\xfb^\xac\xdb\x1e\x84\x80\x9f\
\xcauy\x0e\xb5\xf8<\xa8:^\x94\xc4\x01\x90\x10!\
t\xfe\xe2\x96\xd7j\x89\x80\xe9\x98\x89\xff:\xee\x0ar\
h\x18\xa0-\x0f@{\xd3\x00\x85\xb8U\x0e\xe4\xa2\x99\
\x00\xd8\xa6\xf8\x03\xa8\xd5p+\x00\x8c\x81\x5c\xa8\xe7O\
\xf0\x87\xb4\x04\x1b\x1e,Uv(_\xca\x93\xdd\x1b\xc2\
\xdf\xa8\xd7\xe2\xbf\x81\xcac\x0c\xac\x22\x0f\xef\xc1\x99]\
\xc2]\xcew\xec\xc0\xd3\xf9s\xa8|c\xcfYf\x5c\
b6h\x09\x1c\x07\xcc\xc1\xf8\xee=a+\xaa\xd0\xe8\
!/\x8b.|!^\xe2\x0f\xa0V\x90\xd9a\x04\xa2\
\x8b\x06\x00\xfaV\x99\xc9\xa1\xdd\x88\xf5\xf2\xee@\xfc\x01\
\xdc\xb5\xa5\x807t\x1dc \xd7\x9d8l\x82g\xc4\
M\x9f\xfe\xfc\xcbKd\xf7\xe4\x82}j\x8d\x8a\xf8\xbb\
y(<\x09\xba\x82\xb0L\xac\xddS\x18\x13#83\
\x8b\xa8\xb5v*_\x14j\xe55ti\xb6\xe9*k\
P`%\x22\x9a\x10\x15\x0au>\xaf\x1a\xa8\x9e\x8e\x9f\
\xf8\x03\xda]AfF\x01\xdd\x9d\x1c\x80\xb9\x0f\x93\x03\
&Ef\x08\xd4Z;\xd7\x0c\x87\x0e\xc5\x1f@\x97\xc2\
\xcb\x067\x86\x93\xec\xff\xa8a\xa46\x0b\x93\xbdR\xa1\
t1\xc0\xcft\x04\xc5\xffFd&Ej\xff4\xd6\
\xfe\x9d\xc8\xac\x0f\xe3TUP\x0b\xcf\xb5\x14\xff\x84\x84\
\xa8\xa1n6\x004h\xfb|t\xc3\xd9\xadp\xd7\x10\
\xb5\x9e\x1f\xd3\x17>\x8a\xef\x0e`\xbe\x0d\x00\xa7\xc4^\
\x00a\x0d\xd6\xb2\x10\xa3@\x00\xe2\x0f\xa0\xca\xe1\xf5\x85\
7\x07\x93\x04\xc0\xa8Q\xcf!\xb3vb\x01\x1dD\xbb\
\xda\xc8\x88\xff\x1a\x14\xbe\xbaE\xfco\xc4\xc8\x0d\x90\xba\
m7\xd6\xad\xbb\x90\xb9\xe6\xf7\x10\xed\xe4q\x17\x9eE\
\xdb\x112\xfe\x13\x12<\xa2\x8a7\x84y7\xc4\xdf\x99\
\x03s\xbcw\x9b\xea\x04U@\xa4\x06\x01D\xba\xc0\x1e\
\xbf\x87\xfb6\x00$\xe6\x1e\x00ae\xa2Q\x02\x18\x90\
\xf8\xe3\xd8(\xa7N\x8dh@\x18\xc9\xf8\xdf\xc8!\x0c\
\x8147{\x01\x9c5\x9b\xd2\xb9\x0e\xc5-R\xe2\xff\
$ho%\x8e\xc6@\x86\xd4\xfeiR\x87v#\xc7\
\x86\xb6\x84Btu\xa9\x96\xec\xe7Fd\x80RB\x82\
Oti\x09\xed:\x9b\xc5\x1f@\x0e\xd3Ac\xdc\xde\
\xa1\x8a5-\x06\x5ce\x86o\x00h\xa9k\x171D\
\xad\x0f@/\x09J\xfc\x01w-<w\xa6\xb4\xd2\x88\
\xd4@h\xe7Oh\x9fz#k\xd7N,\xa0\xdd6\
;\xd8\xc5T\xfcoDfR\xa4vO\x91:\xb4\x1b\
cl\x08\xcc\x14\xba<\x8bZ|\x11\x92I~\x09q\
F+tui\xb3\xf8Cmj\x95\xe1s4p\x14\
\xd0U\x84Y\x9be \x85\xde\xeb\xf7p\xdf\x06\x80\xd0\
z\xb70-\x04=~\x0a\x08P\xfc\x01T~>\x90\
\xf3\xd4\xc3\x18L\xb2\xff\xa3\x8a\x99\xdd\x9a\xa0\xe6\x16\x1d\
\xd6^jcxM\x1f\x88\xff\x8d\xc8t\x0ak\xefA\
\xd2\xf7}\x1f\xa9;\xfe\x01\xc6\xce\xfbZ\x0fNIH\
\x888z\xed\x99\xcd\xe2\xbf\x81\x8c\xe7}Z`#\x0c\
\x13\x8d\xf6\xed\x01\xf0]\x05\xa0a\xb710\x04\xaa\xe0\
\xf7\xd0\xe0\x08X\xfc\x01\xdc|x\x15\x0dr\xb0\xf7\x83\
Y\x12\xeaS\xcf\x00\x00(\xbc\xbaLf\xf7\x10\xa9q\
\x8f\x9f\xb1>\x13\x7f\x00-\x87\x10\x99\xdb\x11\xd8\x18\x93\
\x070&~\x14\xb5\xb6\x80s\xf6\xcb\xd8\x17\xbe\x02n\
2\xe4'!~\xe8\xc2I\x18\xaa3\x94M\xc6\xf4>\
\xad\x0a\xc8\xec jm\xc5w\xa7/\xffA\x0f\xa1w\
\xcb\xec \xa8\x1e}\xf9C\x10\x7f\x00\x9d\x0f\xaf\xa7\x81\
\x91\x8d\xa7e\xb9\x1d0\xb3\x02Q\xc7\x06\xd0Z\xb3\xf2\
\xf5\x19o\xa1\x80\xbe\x14\xff\x01D\xe60pC^\x8c\
\x009<A\xea\x9e\xef&\xfb\xce\x0f\x92:\xf6=\x88\
T\x92\xdb\x92\x10/t\xb5~\x8e\x8f0bz\x9fV\
EDf\xf0zx\xde\x07m\x84\x00\xe4.\x99\xca\xf6\
\xc6\x00\x08I\xfc\x01\xdcrxe 2\x13\xc3\xd8\xd2\
6AH0\x07\xea{\x01\xec\xd5*\xf9\x97[\xf4\x86\
\xe8W\xf1O\x1f\xa1YC\x04\x99\x19\xc0:\xf2md\
\xdf\xf9A\xd2\x0f\xfcsDn_\xc7\xd7MH\xe8\x06\
\xba\xd2 \xc97\xae\x1e\x00]\xc2\xc8d@\xcbi\xbf\
\x87\xb6\x11\x02\xd0;\x84\x95B\xeb.\x1b\x00!\x8a?\
\x80*\x85\xe5\x01\x10\x88\xc4\x00\x884\xd6\x90\xc0.\xd4\
/\xfd\xcb\xbf\xbaDzz\x80\xd4d\x9d\xf2\xb8\xbe\x14\
\xff4\x22}\xc8s\x13\x7fa\x99\x98{\xee\xc1\xdcu\
\x17\xee\xfci\xec3\x8f\xe1\xce\x9f\x00\x9d\x8c\x01N\x88\
&\xdan\x10\xbe6\xe2i\x00hU\x01+\x05\xe8\x1d\
~\x8fm\xa7\xeea\x8aT\x0aT\xb9\x8dC\xdb$d\
\xf1\x07\xd0\xe5pr\x1a\x8c\x81!D2\x11%\xd2\xa4\
\x86\x1a\xff}\xb4\xd2,~\xf5*n\xd1\xde\xfcF?\
\x8a\xbf\xb0\x10\xa9#[[$z\xc1\x90\x18;\x0f\x93\
y\xe8\x9f\x93}\xeb\xbf\xc3\x98~ I\x18L\x88&\
\xd5\x06\xf7\xfa\xb8z\x00T\x09\xac4@\xb8\x06\xc0\xe2\
\x87\x18\x012\xc2L\x81\xee\x92\x01\xd0\x05\xf1\x07\xd0\x95\
pz\x1a\x18\x031\xfdPm#d\x0a\xccLcw\
\xb7*;,~\xe5\x0a\xcaY\x7f\xaa\xedK\xf1\x97\x88\
\xf4Q\x90V\xeb\xc5\xcd\x10\x029\xbe\x8b\xcc\x9b\xfe\x09\
\xd9\xb7\xfd{\xcc=o\x05\xd9f\xc7\xf1\x84\x84\x10\xd0\
\xd5\x06\xdek9D,\xa7W\xe9\x12\xd2J\x01\x0c\x5c\
>\x8e\xafzs_\x06\x80c\xd7,\x0caZ\xdd\xf1\
\x00tI\xfc\x01t5\x9c\x9fG&\x06@,H\x8d\
4\xff\xe2\xdbK\x15\x96\xbf6\xd3\x9f\xe2\x8fF\xa4o\
\xafYBA!@\x8eL\x91\xbe\xff\x07\xc9\xbe\xfdg\
1\xf7\xbd\xbds\xe3\x22!!\x00\xb4\xdd\xc0\x00\x10\x12\
\xa4\xefn\xba\xbdG\x95\x11f\xed\xbb+|z\x01|\
\x19\x00Zo\x18\x00\xe9\xf0=\x00]\x14\x7f\x00e\x87\
\xd3\xe0D&\x15\x00\xb1 =\x22Z\x86\xbd\xcb\x97\xf2\
\x94\xce\xf7\xb0\xfcu\x83\xa0\xc5?sWm\x1cj\x18\
\x08\x90\xb91\xd2\xf7~\x1f\xd9\xb7\xff\x0c\xd6\x81w\x81\
\x11\xd2\xb5\x12\x12\xbc\xe04\xf9\xdetIo\x02E\x97\
\x11\xd6\xb5\xefT\x98\x06\x801\x0e\x1b\x1e\x80\xceo>\
\x0d\xe9\xb2\xf8\x03\xa1%-\x19\x99\x18Z\x94\xdb\x10a\
\x08R\xc3\xad\xdd\x7fKO<F\xe9t\x0f\xa7\x86\x05\
)\xfe\xba\x8a\xc8\xdc\x19\x9e\xf8\xdf\xc8\xba!\x90\xba\xfb\
}d\xdf\xf13X\x07\xdfU\xbf\x0dcBB\xd8\xb8\
MZ\xbe\x8b\x18\x1a\xa7\xdaF\x98\x1ba6c\xd2\xcf\
\xa1\xbe\x0c\x00!\x18\xab\x1d%A\xdb-V\xb7I/\
\xc4\x9fZ\xb2W\xf0\x08D*1\x00\xe2Bv\xc2h\
\x1d\x01\xd4\x9a\xa5G?G\xe9\xf5S\xdd\xd8\xd2f\x02\
\x15\xff\x0a\x22{_\xf7\x9fx\x04\xc8\xc1\x91k\x86\x80\
\x99\x18\x02\x09]F\xebf\x06@\x0c?\x8b\xba\xca\x86\
\x94\x0b\x89\xaf\xa9s>=\x00\xba\xd6\xf5C\xbb@\x08\
O\xcc=\x12\x7f\x00T\xf0?\x8f\x91\xce\x10\xcb\xa4\x92\
m\x8aLAj\xd4\xc3\xdfKk\x96\x1e\xf9\x0c\xa5\xd3\
\xaf\x84\xbf\xa9\x0d\x02\x15\xff2\x22{\x7f\xcf\xdd\x9dr\
p\x98\xf4\x86!\xb0\xf7mI\xb2`Bwhv\xaf\
\xef\x867,h\xb4\x0b\xa2\xf6\x00+64\xda#\xfe\
<\x00lX\x17!<\xfd\xf7R\xfc\x01\x82\x18\x01{\
\x13\x22\x13Ckr\x9b\x93\x9d\x94u;\x03nAk\
\x96\x1e\xfd[J\xa7N@\x18\xce\xa3\x1b\x09R\xfc\xd5\
\x1a\x22\xfb@\xcf\xc5\xffF\xe4\xe00\xe9\xfb\xbe\xbfV\
>\xb8\xe3>\x12\xa39!T\x9a\xdd\xeb\xe3\xe8\x01\x80\
k\x1eyM\x88\x1e\x00\x055\xebB\x05l\x00\xf4Z\
\xfc!\x14\x03@&\xee\xff\xd8!-Az\xcc\xa3\x00\
\xad\x87\x03V\xbf\xf1D(\x0e1 0\xf1\xd7h\xb4\
\xbb\x84\x18xs\xa4\xc4\xff\x1a\x02\xe4\xd8N2\x0f\xfe\
(\x997\xffx\xd2Y0!4\x9a\x85{E\x1c=\
\x00pm2\xaf\xd8\xd0h\x8f\xf8\xf3\x00\xe8\x8d\x93\x07\
\x981\x1f\x05\xf1\xa7\xd6\xfb=hd:1\x00\xe2H\
vRzm\x84\x07@\xfe\xb9\xa7Y~\xec3h\xbb\
Il\xb1\x1d\x02\x14\x7f\xdc\x15\xc4\xe0[{\xfe=k\
\x89\x14\x18;\x0f\x91\xfd\xd6\x7f\x8du\xc7\x0f\x82\x99\x8c\
\xd1N\x08\x98f\x09\xdfqL\x02\x84k\x06@\xa8\x1e\
\x00`\xb8\xf6\x7f\x01=\xeeDD\xfc!$\x03 \xa9\
\x00\x88%\xc2\x10\x0c\xec\xf4\xf7\xd5(\x9e>\xc9\xc2\xdf\
\xfc\x19n!\xa0\x86RA\x89\xbfV\xe0.!\x06\xdf\
\x12\x89\xef\x99W\x84i\x90:\xf4V\xb2\xdf\xfa\xef0\
v\xdc\xdf\xeb\xed$\xf4\x13\xcd\x06|\xc55\x04 \xd6\
\x1f>t\x88\x1e\x00\xa4\x1e\x02\xd0N\xc5\xd7au\x89\
\x90\xf8\x03\x880r\x00R\xd1\xf8\xd9\x12\xfc\x93\x1e\x95\
X\x83\xfeb\xd1\xd5\xd9K\xcc\xfd\xc5'\xa9\xce\x5c\xe9\
\xec\xe2A\x8a\xbfZB\x0c~Kd\xbeg~\x91\xb9\
12\x0f\xfe\x13\xd2\xf7\xff\xf3d\xf2`B \xe8f\
I;1\x0d\x01hg=,/\xb4\xaf\xc13~=\
\x005\x7f\x9c\xdba2R\xc4\xc4\x1fBI\x01HJ\
\x00c\xce\xe0.\x7f\xa1\x00\x00U\xca3\xffW\x0f\x93\
\x7f\xf6\xeb\xe0\xb4\xf1\xa1\x0a\x5c\xfc\xbf5R\xdf\xb3\xb6\
\x90\x02s\xef=d\xdf\xfeS\x18\xbb\xde\xd8\xeb\xdd$\
\xc4\x9d\xa6%\xdf1\x9d_\xe1^{(\x0f\xaf\x150\
z\xbdOb'\x06@\x04\xc5?\x1c\x04\xd2\x8a\xa75\
\x99PCZ\x82\x81\x1dm\x0cr\xd2\x9a\xd5o|\x99\
\x85\xbf\xfbK\xdc\xd5\xbc\xf7\xe3\x02u\xfb/\xf6\x87\xf8\
\xdf\x80\xc8\x0e\x92y\xc3\x8f\x90\xba\xe7\x1f\x83\x91\x18\xd7\
\x09!\x10\xd7\xc1m\xd7\x0c\x00\x7f\xbd\x8c}\xfe\xb4z\
\x00@9m\xb6\x01\x8e\xb0\xf8{*\xfd\xf2\x81L\xa5\
H\xca\x99\xe2OzLb\x0d\xb5\xf7w\xac\x5c>\xcb\
\xec\x9f\xff!\xa5S/\xb5.\x15\x0cL\xfc]p\x17\
\x10Co\x8b\xe4\xf7\xacc\xa4\xc0:\xf0\x06\xb2o\xfd\
IDn\x7f\xafw\x93\x10Gd\xb3\xefs<=\x00\
\xeaZX^\x87\xe8\x01\x80\x9au\xd1N\x19`\x84\xc5\
\x1f@\x07l\x01l\x0cgH\x88?C\xbb\x0d\x8c&\
\xd3\x02\x9b\xa1\xed\x0aK\x8f\xfe\x1d\x8b\x9f\xff\x0cn\xbe\
A\x82`\xa0\xe2\xbf\x88\x18z{d\xbfgA!G\
w\x90}\xeb\xfb1\xf7\xbd\x83\xc4\xd0N\xf0\x83h\xf6\
y\x89\xab\x07`}\xbe\x81\xd8\xd0h\x8f\xb4i\x00\xf8\
\x8cmF\x5c\xfc\x01D\xe0\x06@2\xf9\xac_\x10\x12\
r{\x0c\xa4\xd1\xfeg\xa4|\xee$\xb3\x7f\xfaq\xf2\
/<\x8bvn\xc8B\x0e\xfc\xc9\xbf\xff\xc5\x7f\x03\x91\
\xb2H\xdf\xfb=\xa4\xee\xfeG\xc9\xa4\xc1\x04\xef\x18\xcd\
d/\x9e\x1e\x80\x8d\xca<\x1d\xb2\x01\x90\x01\xd0\xcd\xca\
(n&\x06\xe2\x0f \x9a\xba\x85\xda8_*\xb9!\
\xf5\x13\xd2\x82\xc1\xdd\xb2\xa3gMmWY}\xeaQ\
\xe6\xff\xf2\x93T\xaf\x5c\x06'\xe0\x98\xff\xd0;\x22\xff\
=\x0b\x1c!\xb0\x0e\xbe\xa9\xd6<(5\xdc\xeb\xdd$\
\xc4\x81fO\xf9\x22\x9e\x06\x80v\xaf=\x94\x87j\x00\
\x98\xb5\x8by4\x00b\x22\xfe5\x026\x00\x8c\xc4\x00\
\xe87\xacA\xc1\xc0\xb4\xec\xf8\xa3b/\xcd3\xff\xd7\
\x9fb\xe13\x0fS\x99]\xe9\xe8\x5c\xd7\xb2\xfd\xb7\xd1\
\x93\x7f=\x8c\xa9\x03d\xde\xf2\xaf\x11C\xbb{\xbd\x95\
\x84\x88#d3\xd9\x8bg\x08@;\xd7\x9a\x90\xf9\xb2\
`\xfc\xfe\xb4\x06x4\x00b%\xfe\xb4p\x0b\xf9\xe7\
\xfax\xc6\x84~\x22=&\x19\x0c\xc0\x08@k*s\
k,<z\x91\x85/]\xa2\xba\xec\xbf\xb7\x86F\xf7\
O\xa9_\x00\xc8\xe1\x092oy?\xc6\xc4\xed\xbd\xde\
JB\x94i\x16\xee\x8di\x0e\xc0\x0d\x9a\xecKx\xda\
2\x00\x9avR\x82\xf8\x89?-\x12C\xda9_\x92\
\x04\xd8\xb7\xa4G%\x83;\x030\x02\xd6\xa9\x5c)2\
\xff\xf9\xf3,>y\x15\xa7\xe0-\xc1\xb6\xd6\xdew9\
\x11\xff\x9b\x90\x99,\xe9\x07\xff\x19\xc6\xe4\x1d\xbd\xdeJ\
BTi\xea\x01\x88}\x08 |\x0f@\xd3\x06'1\
\x14\x7f \x04\x0f@b\x00\xf43\xd7<\x01A\xa1\xa1\
|a\x8d\xb9\xcf\x9ec\xf9\xebW\xb1W\x1b\xe7\x05\xc4\
\xaa\xb7\x7f\x0f\x10V\x8a\xf4\x9b\xfei\xe2\x09H\xa8\x8b\
\x88i\x9c\xbf)\xd7\x1f\xca{\x18\x02\x88\xab\xf8\x13|\
\x15\x80L\xaa\x00\xfa\x9e\xf4\xa8\xacu\x0b\x0c\xf0\x9cZ\
i\x8ag\xd7\x98\xfb\xbbs,~\xf92\xd5\xc5\xd2\xd6\
Ej-v\xbd\xfd\xbb\x8d\xb0R\xeb\x9e\x80\xc4\x08H\
\xb8\x89\xa6\x0f{\x01\x0f\xf4\xea\x16Nw\x0c\x00\x09\xd4\
\x9fzf\x8e\xc7V\xfc!\x84\x98\xbd\x91\xe4\x00l\x07\
\xd2\xa3\x92\xdc\x01\x03i\x06\x5c\x8b\xae\xa1|\xb9\xc0\xfc\
\x17.2\xff\xd8%*3\xb5\x1e\x02Z\xad\x22\x06\x1e\
\x8a\xed\xf7\xac\x9b\x08+E\xfa\x8d\xff\x0c9v[\xaf\
\xb7\x92\x10%\x9aygu<\x0d\x00ew'\x09\xb0\
v\xb1\xeaM\xbf$s\x1c1\xfc\x9ex\xdf\x94\x02n\
\xdb\x1b\xb4G!!\xba\x98Y\xc1\xf0\x01\x03#\xa4\xa8\
Ou\xb6\xc8\xc2\xe3\x97\xb8\xf2'\x8fQ\xbed\xa1E\
\x12^\xf2\x8aH\xa5H\xbf\xf1\x9f\x222c\xbd\xdeJ\
BD\x10V\xb3fy\x01M\xba\xed2\xed\x8e\x22\xf7\
k\x00\xa8\xda\xc5\x9c\xeb\xaf\xf4\x83\xf8\x032\xe3k\x88\
Rkb\x9aM\x9a\xd0\x1e\xd2\x82\xe1\x83f\xdbm\x83\
[\xe1,\x9c\xa5x\xea$\x97\xff\xe0\x13\x5c\xfc\x95\x0f\
\x92\x7f\xee\x11t\xbb-\xb9\xb7\x192\x9b#\xf3\xe0\xff\
\x0eF\xbc\xefQ\x09\xc1 RM\x0c\x00\x1dO\x03\xe0\
\x86\x87r_\x96\x80_\x95r\xa1\x16\xa7\xd4\xae\xea\x1b\
\xf1\x07\x10\x99\xa1`O\xd84\xd34\xa1\x1f\x11\x12\x86\
\xf6\x1ad&\x835\x02\x9c\x95\xcb\xd8\x0b\xe7\xae\xfd\xbb\
:\xb7\xc8\xcc\xc3\x9f\xe6\xc2/~\x80\xfc\xd3\x7f\x8d\xae\
\xae\x05z\xbd~D\x8e\xdeB\xfa\xfe\xff%1\xcc\x13\
\xa0\x99\x01\x80\xd3\xe4\xbdh\xa2\x1d\xf7\xc6q\xb6\xe1\x1b\
\x00\x00Z\x8f\xf6\x8d\xf8\x03\xc8\x81\x5c\xa0\xe7KB\x00\
\xdb\x13\x01\x0cL\x19\x0c\xef7\x90V\xe7\x9f\x01wm\
\x16{\xf6T\xdd\xf7\xec\xd5\x023\x7f\xf6W\x9c\xfd\xf0\
\x07X\xfc\xdc\x1f\xe3\xac\xcct|\xbd~\xc6\xdcu\x17\
\xd6\xe1\xbf\xdf\xebm$\xf4\x18a5y\xd8\x8b\xa1\x07\
\xe0\xa6\x90\xbc/\x03\xc0o\xa6\xda\xf5\x93\xf7Y\x22\x92\
\x91\x1d\x0d\xf4|Z\x04\x9b\x1d\x9e\x10/\xcc\x01\xc1\xc8\
\xad\x92\xc2\x15Eu\xd5\xe7\xec\x8cuTq\x89\xea\xd5\
Wo\xb4\xee\xeb\xaf+WYz\xf4\x09\x96\x1e{\x82\
\xdc=w3\xf2\xe6o#\xbd\xf7h\x8b\xa9g\xdb\x10\
\x01\xd6\xe1\xef\xc0\x9dy\x09\xb5r\xae\xf5\xfa\x84\xbeD\
dF\x9a\xbc\x1b?\x03\xe0\xa6\xf8\x7fw\x0c\x00]\xa9\
S\x9e\x14c\xe4P\xb0IB\x89\x07 AH\xc1\xd0\
n\x83\xca\xa0\xa28\xa3|=\x5c\xa8\xf2\x1a\x95\xcb'\
\xfc=\x91hX{\xee\x05\xd6\x9e{\x81\xf4-;\x19\
}\xeb\xdb\x19\xb8\xe3AdS\x97\xe7\xf6B\x18\x06\xe9\
\xfb\xff\x11\xa5\xc7\x7f\xa1\xbd\xa9\xa6\x09\xb1G\xa4\x9ax\
{u\xfcB\x00\xaa\xbai\xcf\xbe~\x00\xbf!\x80k\
'\xd7\x95\xfe\x8a;\xca\xdcd\xa0\xe7k\xdeo:a\
;\x91\x1e\x95\x8c\xdcf\x90\x1a\xf6f\x14j\xbbD\xf5\
\xf2\x8b\xa0\xda/I\xaa\x5c\x9ea\xe6S\x0fs\xfeC\
?\xcd\xe2\xe7\xff{\x12\x1e\xb8\x019\xbc\x93\xd4\xd1w\
\xf7z\x1b\x09=B\xa4\x9by{c\xe8\x01(o\xd2\
\xfcP=\x00\xd7\xd2\x8eUi\xd5\xe7\xa1\xd1\xc6\xc8M\
\x05z>-\x8c$\x04\x90p\x0di\xd6\xbc\x01\xf6\x88\
\xa2pU5|\xf8\xd4N\x85\xca\xc5\xe7\xd1Ng\x13\
\x027p+U\x96\xbe\xf88K_|\x9c\xc1c\xb7\
1\xfa\xd6w\x929p\xcf\xb6OR5o}\x07\xce\
\xd5\x17PKgz\xbd\x95\x84.#\xd2M\xbc\xbd*\
\x98\xef]7Q\xe5M7\x13_\xaey\xbf\x06\xc0\xb5\
\x93\xf7\x9b\x01 \x07\xc7\x11@{\xd1\xda\xad$!\x80\
\x84zXC\x92\x91\xdb$\xa5y\x97\xca\x82\xde\x14\xde\
\xd7\xae]\x13\x7f;\x9c\xf2\xbe\xc2+\xa7)\xbcr\x9a\
\xf4\xce\x09F\xdf\xfeN\x06\xefx3\xc2\xf25=\xb4\
o\x10\x86$}\xf7\x0fPz\xe2\xd3PF\x9a\x00\x00\
 \x00IDAT#\xb1L\xfcJh\x13!\x10V\
\x13\x0f\x80\xf6?\x94\xab\xd7\xa8\x1b<\x00\xc2\xa7\x01\xe0\
\xf71\xa0\xb8\xf1\x1fn\xbe\xbf\x0c\x00\xa4\x810\xfb\xb0\
GtB\xe4\x10\xa2V)0r\xc8 =\xb6n(\
*\x97\xea\xe5\x13\xe8j\xb1\xf9\xc1\x01P\x99Y`\xe6\
\xe1\x879\xf7\xa1\x9ff\xf9\x8b\x7f\x82*\xcc\x87~\xcd\
(\x22Gwc\xedyc\xaf\xb7\x91\xd0ED:\x05\
F\x93\xfb\xbc\x8a_n\x9b\xaa\x5c\xf7\x00\xa8\x1b4\xda\
\x0b>\x0d\x00q\xdd\x03P\xecl\x8ey\x14\x11\xa9\xe0\
:\xac\xe9\x16\x99\xdb\x09\x09\xd2\x14\x0cN\x1b\x0c\x1f\x94\
Px\x05U\xea\xeew\xca-WX\xf8\xfcc\x9c\xfd\
\xf0q\xe6\xff\xc7\xefa\xcf\xbd\xde\xd5\xebG\x01\xf3\xe8\
\xbbk]\x9c\x12\xb6\x05\x22\xdd\xbc\xe1\x9b\x8e\xa5\x07\xe0\
\xba\x01 n\xd0h/\xf83\x00\xc4u\xf3H\xad\xf5\
\x9f\x01 \xb3\xc1u\x03\x14*q+&xCV\xcf\
0\xb2o\x85\x89;LR\xb9\xee\x87\x8e\xb4\xabXy\
\xea\xeb\x9c\xff\xe5_\xe0\xea'\x7f\x05{\xa6~\xdf\x81\
~D\x0e\x8ca\x1e\xf8\x96^o#\xa1K\xc8\x81\xe1\
\xe6\x0bT\xfc\xbaknN\x02\xf4\xe7\xc2h?\x04\xb0\
\xba\xe4\xf3\xd0\xe8c\x0c\x8f\x07v.\x1d\xc3l\xd2\x84\
\xee\xa3\x0b\x17\xd0\xc5\xcb\x00X9\xc1\xf8\x1d&\x13w\
\x98\xa4G{\x93\xa4W8\xf1*\xe7\x7f\xf5\xa3\xcc>\
\xfc\x9b\xdb\xa6r u\xe8\x9d\xdb>)r\xbb Z\
\xf5{\xd1\xf13\x00\xdc\xc2\xa6\xc4\xc5\x10C\x00J\xe4\
\xaf_\xb4\x14\xcb\x8c\xc9f\xc8\x91\x1d\x01\x9e-\x09\x01\
$4G\x97\xe7Pkg\xb7\xbcn\xe5\x04cG\x0d\
&\xee2\xc9NJzQN\xb2\xf6\xdc\x0b\x9c\xff\xc5\
\x9fg\xf9\x0b\x9fD\x95\xfb\xcf\xdbw\x0d\xad\xa0\xfa$\
\xc6x\xb0\x9d@\x13\xa2\x89\x1clQ\xee\x1d\xb3\x10\x80\
VzS\x0e\x00Z\x14\xfc\x1c\xef3\x04\xc0\xf5;\x81\
\xd6\xa8J\x7f%\x02\x9a\xe3\xbb\x03;\x97NB\x00\x09\
M\xd0\xf6\x0aj\xe5U\x9a\x19\x8a\xd6\xa0`\xe46\x83\
\xc9\xbb-\xb2S\x92n\x17\x96hW\xb1\xf0\xc8\x978\
\xff\xd1\xff@\xfe\xd9G\xa0\xdf>\xd3Z\xa1\xd7\xbe\x00\
\xd5\xb3\x98\xbb\x82\xed\x03\x92\x10M\xc4\xe0\xae\xe6\x0bb\
\x16\x02P\xa5\xea\xa6[\x88\x16\xf8r\xcd\xfb2\x00\xb4\
f\xd3\xa3\x80*\xf6W\x18\xc0\x9c:\x18\xd8\xb9D\x92\
\x04\x98\xd0\x08\xb7\x84Zz\xc9s\xf9\x99\x99\x85\x91[\
\x0d\xa6\xee7\x19\xbcE\x22\xba\x5c\xac\xe2\x16\xca\xcc|\
\xea\xd3\x5c\xf9\xf8GpV.w\xf7\xe2aq\x83\xf8\
\x03\x18\xb9,Fn{\x96Dn'\xe4\xc0-\xcd\x17\
\xc4,\x04\xe0\x167{\xe1\xc5M\x1a\xdd\x0a_\x06\x80\
\x90\x9bO\xae\x0b}f\x00\x8c\xef\x0d\xcc\xdd\x9ax\x00\
\x12\xea\xa2l\xdc\xa5\x13m\xb5\xa1\x95\x96 \xb7\xd7`\
\xea>\x93\xa1=\x12iv\xd7%P<}\x96\xf3\xbf\
\xf4!\x8a/=\x1a\xef\x08\xd7M\xe2\xbf\x81\xb13\xb8\
\x1c\xa0\x84\x08\x22\x04b\xa0\x89\x07@\xeb\xd8\x85\xb5u\
\xf1\xa6\xfb\x88\x0c\xd1\x00\xd0\xb0|\xe3\xbf\xdd\xb59?\
\x87G\x1fi SA\x95\x04\xc5\xf9\x0e\x99\x10\x0e\x0a\
\xb5|\x02\x9c\xcej\xfd7\xba\x0aN\xddo\x92\xdbo\
`\xa4\xbbg\x08h\xdb\xe1\xca'\x1ef\xf1\xb3\x1fG\
\xbb\xf1\xbaY\x02\x0d\xc5\x1f\xc0\x98\x18N\x92\x01\xfb\x18\
\x99\xc94\x1f\x90\xa5\x0a\xc4\xad\x15\xf0\x16\x0f\xc0M\x1a\
\xdd\x0a_\x9fv\xa9\xc5&\xeb\xc2Y\xe93\x03\x00\x90\
\xd9`\x06\xa7h7~C%\x12\xc2E\xad\xbc\x86\xae\
\x06\x977#$\x0cNK&\xef3\x19=\xe2}\xd6\
@\x10,}\xe9k\xcc|\xf2W\xd1\xd5|\xeb\xc5Q\
\xa1\x89\xf8CmP\x901\x96$\x03\xf6+\xa2\xd5\xc8\
w\x15\xbf\x9c6wms\xc8B#\xc23\x00\xb6x\
\x00\x96f\xfd\x1c\x1e\x0b\x8c\xdcD0'\xb2\x13\x03 \
\xe1:j\xedut)\x9c\xef\x8b\x002c\x92\xf1\xdb\
M&\xef\xb5\x18\x9c\xeeN\x9e@\xe1\x953\x5c\xf9\xf8\
\xaf\xc4\xc3\x08h!\xfe\x1b\x98\x13\x89\x01\xd0\xaf\xc8\xe1\
\x9d\xcd\x17\xb81\xf8\x1c\xdf\x84\xda\x5c\x02\xb8%O\xaf\
\x15\xfer\x00\x84\xbb\xa9g\xa83?\xd3w\x9ens\
\xa2E\x92\x88GT2j4a\x1d]\x9eC\x17.\
t\xe5Zf\x06r\xfb\x0dv\x5c\x0b\x0f\x84{\xbd\xd2\
\xb9K\x5c\xfd\xc4\xaf\xa3\x9d\x08'Oy\x14\x7f\x009\
\x9a\xa3\xeb\xe5\x16\x09]A\x0e\xefi\xfa\xbeV\xf1\x9b\
p\xeb\xacm.[\xd4\xda\xf5\xe5\x96\xf7[\x06\xb8\xe9\
\x11\xc6-\x14\xd0n\xf8\xbd\xcb\xbb\x895}4\x90\xf3\
h'1\x00\x12@\xdbk\xa8\x95\xd7\xba~]a\x08\
\x06\xa7%S\xf7Y\x8c\x1d[o,\x14\x92\xae\x15O\
\x9dc\xf1o\xff\x10\xa2X\xf9\xe2C\xfc\x01\x84i`\
\x0c%\xd5\x00\xfd\x88\x1c\xbd\xad\xf9\x027^!\x00\xed\
\xaaZ\x19\xe0\x8d\x98\x84g\x00\xc8\xd4f\x03\x00\x0d\xaa\
\xb8\xe0\xe7\x14\x91\xc7\xdaww \xe7\xd1nb\x00l\
{T\x15\xb5\xfc\x12h_#\xba\x03'=Rk,\
4yOx\xe1\x81\xe5\xaf<C\xe9\xb5\xaf\x04\x7f\xe2\
N\xf0)\xfe\x1b\xc8\x91\xe0Z\x82'D\x04)\x91C\
\xb76_\xa3\xe2\x15\x02p\xf3u\x9a\x169!\x1a\x00\
S?\xc5\x1a7\x8d\x1b\xd4\xf9\xfe2\x00\x84\x95A\xa6\
;\x1f\x0a\x94x\x00\xb6;\xaaV\xeb\xefF\xa7\xb3\xd8\
\xb5\xf0\xc0}&\xb9}\x06F*X\x97\xc0\xec\x9f\xfe\
Yt\xba\x06\xb6)\xfe\x00r(\x98D\xe0\x84\xe8 \
\x07\x06\x9aO\x01\x04p\xe3\x15\x02Pk[\xee-\xf9\
[\x8e\x87:\x0d\x10`\xb3\x85\xe1,\xf7_\x22\xa09\
\xdc\xa2_\xb4\x17\x9c$\x09p;\xa3V^C\xdb\xd1\
t)\x0aS0\xb8K2u\xbf\xc9\xd8\x11\x03k(\
\x18C\xc0)\x94X\xfd\xea\xdf\x04r\xae\x8e\xe8@\xfc\
\x01d.1\x00\xfa\x0d1\xd4\x22\xb9[\xbb\xa0\xe2\x15\
\xcevV\xb7\xcc\xfd\xf1-\xc6m\x18\x00b\xd3E\x9c\
\xc5+\xfeO\x11q\x8c\xc9\xce\x13\x01U\xe2\x01\xd8\xb6\
\xe8\xc2\x85\xd02\xfe\x83&=&\x99\xb8\xf3\x86\x01D\
\x1d\xda\x02K\x8f\x7f\x05U\xeaa\x83\xb0\x0e\xc5\x1f@\
X\x06\x22e\x06\xb7\xa7\x84\x9ec\xb4\xaa\x00Py\xe2\
\x96\xd1\xee\xac\xdc\x9cx+|\xd7\xe5\xfb\xff\x94\x0bu\
\x15}\xfd.\xe1\xccu'\xbb\xb9\x9b\xa4v\x1e\xa2\xf4\
\xf2\xb3\x9d\x9d$\xf1\x00\xf4\x1c\x99\x19\x82\xf4P\xfd7\
\xddR\xed\x7f\x81\x5c(U\xfb\x1f@u\x09U\xa9`\
\x8c\xb5\xe89\xee\x01wu\x01\xba\xd4lgc\x00\x91\
S\x94\xe4/+\xca\x8b\xaa\xad\xfb\xa1\xaa:\x14^\xf8\
2\xb9\x07\xdf\x1b\xfc&[\x11\x80\xf8o \x06\xb2\xe8\
j\xbc\x5c\xc2\x09\x8d\x91\xc3\xfb\x9b/p#\x12\xba\xf2\
\x81\xbbz\x93\x01 \x94\xef\xf1\x9d\xbe\x0d\x00\xad\xc4\xc5\
\x1b\xabd\xec\x99+\xb5\xb6\xa62\xa8\x0ez\xbd\xc7\xda\
\x7f\x1f\xf0\xe9\x8e\xce\xa1\xaa\x11.\x8b\xda&\x88\xdd\xf7\
cM\xdf\xbb\xf5\x0d7\x0f\x85'\x83\x99\xfce\xe4`\
\xe0\xa1\x9a\x01\xa0\x1dp\x16\x08\xaa\x9bX\xf9\xab\x1f\xc3\
\x9d;\x11\xc8\xb9\xbcb\x0e\x08F\x0f\x19\xd8y\xc9\xda\
y\x97\xea\x9a\x7f+`\xe5\xc9\xaf\x90{\xd3\xbbk\x9d\
\x8a\xbaE\x80\xe2\x0f \x07R(_-U\x12\xa2\x8c\
\x1c?\xd6|\x81\x13\xb3\x5c6\xad\xb74\x01\x12Z\x5c\
\xf0k\xb5\xfb\xfe\x86\x0a\xc9\xa5M\xfbp]T\xa9\xbf\
:\x02\xca\xa1\xc9\x8e[\x02\xabj\x05\xedq\xd8KB\
H\xb8u~\xff\xa1\x89\xbf\x02w\x89 [\x89\x8a\x1e\
\x1a\xd5\xd6\x90`\xfcv\x93\xd1\xc3\xfe{\x09Tf\x96\
q\x16\xcf\x86\xb2\xaf\xba\x04,\xfe\x002\x13r\x03\x85\
\x84\xae!\xb3YD\xa6\xf9\xb4G\xed.vi7\xc1\
\xe0\x16*\xe8\x9b\xeeoZp\xd1\xefy|\x1b\x00\x1a\
\xb1\xe5\x22\xee\xcaU\xbf\xa7\x89<F \x89\x80\x89\x17\
\xa0\x97huS\x18&,\xf1\x07p\x97k\x1e\x80 \
1z\x1c\x87\x16\x90\x19\x97L\xdec\x91\xdbg\xf8z\
\xa0/\x9f\xedR\xef\x83\x10\xc4\x1f@\x046\x13$\xa1\
\xd7\xc8\xd1\x16\xf1\x7f\x00'f\x06\xc0\xf2Vm\x11u\
\xb4\xb9\x15\xbe\x0d\x00\xa9\xea\x18\x00\xf3\xbe\xaf\x1by\xac\
\x1d-bF\x1eP\xd5\xe8\x94\x80mKn\xcc\xc3p\
\xd7\xa0\xf0\xd5\x90\xc4\x7f-\x98\xf3n\xb9N4DH\
H\x18\xdc%\x99\xbc\xcb\xc2\xcay\xcb\x12,\x9e|%\
\xe4]\x11\x9a\xf8\x03\x88t4~\xf7\x09\x9d#\xc7Z\
\x8cy\xd7n\xec\x9a\x00\xd9\xcb[+\x16\x94r\xc37\
\x00\x5c\x9c-\x17\xa9\xf6c\x22\xe0\xfe:\xb1c\x9f\xe8\
\xc4\x00\xe8)\xcaYO\xa0s\xf3Px\x0at\x00\x09\
u7\x8b\xbf\xaa\x84\xd7@$\x15\xad\x864F\x16&\
n\xaf\x8d\x22nE\xe9\xdc\x85ZX$,B\x14\x7f\
 \xa9\x02\xe8#\x8c\xa9\xbb\x9a/p\x97\x89\xdb\x14@\
gi\xab\x01`\xd0\x85\x10\x80Y\xe7\x22\xce\x95\xf3q\
\xab\xa0hI\xea\xc0\x03\xcdGGz@U\x03\xca2\
Oh\x0b\xedV\xc2u\xfbkw\xfd\xe6\x11\x0e2=\
\x1c\xda\xb9\xdbF\xc0\xd0n\x83\xb1\xa3F\xd3\x8e\x82\xce\
j\x09U\x09\xa9\x1c0d\xf1\x87ZK\xe0\x84\xf8#\
L\x139\xdc\xa2\x05p\xdc\x12\x00\x01wy\x8b\xb6\xe8\
\xca\xf0\xe6\xfc</\xf86\x00v\x1c'\x0fl\x1e\x0a\
\xb4\xb2\x12\xd9\xa6'm#\x0d\xcc\x5c\x83\x122\x8f\xe8\
\xa4\x12\xa0\xa7\xe8\xf2Jxn\x7f\x08<\xe9\xeffD\
&\xba\x93\xe9\xd2\xa3\xb5\xe9\x83\x86\xd5\xd8HvWC\
\xb8\xb1vA\xfc\x01\x10\x02at\xb1\x8a!!\x14\xe4\
\xe8D\xcb\xe1NqK\x00TU\x07\xb7\xb8\xc5\x9by\
u\xefO\xe2\xfb\x89\xb3\xcdO\xb88}\xf3+\xeeJ\
\xff5\x042;\xcc\x03p\x93\x10@OQ\xc5|8\
n\x7f\xa8\xd5\x0d\xebp\x9b=\x89tt\x0d\x00\x00k\
P0~gc#@\x15\x03\xae\xa3\xef\x96\xf8o\x90\
x\x01b\x8f\x1c\xdb\xd7zQ\xdc\x12\x00\x17\xeb\xe9\xbc\
8\xd3\xce\xb9\xda4\x00\xf4\x96\x8b\xb9\x8b\xfd\x97\x07\x90\
\xbe\xf5\xbe\x8e\x8e\xd7\xe5\xc4\x03\xd0K\xdcJ\x00\x02]\
O\xfcU\xb1+mC\xe5\xc0T\xe8\xd7\xe8\x14#\x0d\
c\xb7\x1b\x08s\xab\x11\xe0\xe6\x03\xf4\x0av[\xfc\x01\
z;\xc3)!\x00\x8c\xc9\xdb\x9b/\xd0@\xcc<\x00\
\xf5\x12\x00\xb5\xd6[\x1e\xca\xbd\xd0\xae\x8fk\x8b\x01P\
\xbd\xdc\xd6\xf5#M\xfa\xc0\x1b;\xca\x03P\xa5\xf8\xb5\
\x97\xec't\xb9\xc3;x=\xf1\xd7v\xd72\x86E\
z\xb8\x96y\x17q\xcc\xac`\xf4\xb6\xadm\x84\x95\x1d\
\x90\x87\xa4\x17\xe2\x0f\xd8\xa5\x90\xe6''t\x07)1\
\xc6\xefl\xbeF\xad\x80\x8aW\xae\x96\xbdP'\xe9X\
\xf0z;\xe7j\xcf\x00\x10[\xdd\x0d\xf6\x85S\xd1\x9c\
\x07\xde\x09f\xa6\xa3<\x00\xad5\xba\x12\xaf\x01\x13\xfd\
\x84*wP\x97_W\xfc7\x9a\xfdt\xe9snJ\
\xe4\xa0\x87\x1a\xe6\x08\x90\x1e\x95\x0c\xec\xd8|;\xd1v\
\x00\xe1\x97\x1e\x89?\xd0q\x12pBo\x91\xa3\xe3`\
d\x9a/\xb2}w\xcf\xed9\xceBa\xcbk\xb2\x8e\
&{\xa1-\x03@+w\xcb\xc5\x9c\xb55ty\xbe\
\xde\xf2X\x93\xda\xd5\x22\x83\xb4\x05\xaa\x9c\x18\x00\xbdB\
+\x85[m\xc3\x0bPO\xfca=\xee\xdf]\xbf\xb0\
\x9c<\xd0\xd5\xebuBn\xef\xe6\x11\xc3\xda\xed\xf0w\
\xd5K\xf1O\x88=\xe6\xd4\x91\x96k\xb4\x1d\xaf&v\
n\xb1\x8a*m\xf5\xac\x89:\x9a\xec\x85\xb6\x0c\x00\x13\
\xea\xb6\xf9r\x16\xce\xb5s\xbaH\x93>\xf4PG\xc7\
\xbb\xe5\x90j\xc4\x13<\xe1\x16|z\x01\x1a\x89\xbf\xca\
\x83\xee~N\x871\xd1\x99\x01\xdaM\x84\x01C\xbb\xaf\
\xdfRd*\xd5du\x0b\xa2 \xfeN\x92\x04\x10g\
\x8c]ol\xbd\xc8\x89\x97\x07\xc0\x99\xdf\xfa\xf4\x0f\xa0\
\x1ahr+\xda2\x00\xa6\x8es\x19\xd82>\xc9\x9e\
m+\x0c\x11i\xac}\xf7vT\x0e\xa4J\xf5\xff`\
\x09\xdd\xa1\x9e\xb5\xdc\x90F\xe2\xaf\xedZ?\x81\x1e \
Go\xa5\xe3\x19\xbd]$3%1\xd2\xb5\xfd\x0a\xab\
M\x03 \x0a\xe2O\xcd\x83\x94\x10Od&\xd3\xba\xfe\
_\x95c7\x05\xd0^\xac{\x1fZ\x9c>N[\xf3\
\xc7;(t\x15[z}V/\x9ej\xfftQE\
\x08\xcc\xf1\xf6\xb3\xb1U)\x09\x01\xf4\x12g\xc5c\x1c\
\xba\xa1\xf8\xeb\xee\xc6\xfdoBf\x86\x90\xc3{{r\
\xedv\x10\x02\xb2S\xb5\xdb\x8a1\xd8F\xfeLD\xc4\
\x1f@\xbb}\x96\xd3\xb4\x8d\x90\x13{Z/\xb2g\x88\
[\x92\xb63_OO\xc4\xcb\xed\x9e\xafm\x03@\xa0\
\xb7\x18\x00\xf6\xa5\x0bh'^\x19\x95^H\x1fl\xbf\
-\xb0SL*\x01z\x85\x00\xaaK\x1ez14\x12\
\x7f\xa8e\x09w9\xee\xbf\x09\x01\xe6>\x0f\xae\xcc\x08\
\x91\x9d\x12 \xc0\x18\x1e\xf7w`\x84\xc4\x1f@;\x89\
\x07 \xae\x18;\xefn\xb9F\xc7\xcc\xfd\xaf]\x85\xb3\
T\xcf\xa3\xbcU\x8b\xbd\xd2\xb6\x01\xa0\x05[.\xaa\x95\
\xc2]>\xdf\xee)\xa3\x89\xd6\xa4\x0ffZ5\x93j\
\x8crQv\xd2\x0f\xa0'H\xb0\x97Z\xfc\xee\x9b\x8a\
\x7f1\x12%B\xe6\xce{\x88S\x18\xc0H\x09\xacA\
\x819<\xe1\xfd\xa0\xa8\x89\xbf\xab\xfb\xaf\xaai\xbb \
\x04\xc6\xce7\xb5^\x17\xb3\x04@g\xbe\x80V[?\
\x93\xa2\x8e\x16{\xa5\xfd\x10\x80\xae\xefvpf\xfa(\
\x0f@kt\xfeQ$\x970\x86\xda\x9f\x0e\xa6\x83\xee\
\x88\x96\xe0\x09!\xc0-:\xb8\x8d\xfa\x014\x13\x7f\xed\
DfB\x98\x18\x18\xc3\xd8\xd1\xa2\xa1I\xc4\x1880\
\x82H\x8dy[\x1c1\xf1\x07pK\x01\x8fvN\xe8\
\x1art\x02a\xb5\x18\xa4\xa5\x1dp\xe3U\xb5V\x9d\
\xab\xaf#\xaa\x81\x16{\xa1m\x03@j\xf7D\xbd\xd7\
+\x17\xbb0\x06\xb4\x1b\xac\x8b?\x95Z^Cj\xba\
\xfd\xc1,N!^\x89&\xfd\x82X\xaf\xe3vV\xea\
x\x01\x9a\x89?\xbd\x8d\xfboA\x80u\xdb\xb7\xf7z\
\x17\xbe\x18<t\xa8e\x0fv \x92\xe2\x0f\xe0\xac\x06\
\xd0\xc3 \xa1'\x98S\x87Z/\xb2\xaf\xf46\xb4\xd7\
\x06\xce\x5c\xfdDd\xa9\xdd\xee\x1b\x00S\xb5n\x80[\
vT={\xaa6\x85-\xce\xdc$\xfe\x00\x99\xc3\xed\
7dq\xf3\x89\x01\xd0\x13\xd6\xf5\xc7^\xbc\xe9\xf3\xd8\
T\xfc\xa9=\xf9\xebh=\x01\x1a\x93\x87\x90#\x1e\xfa\
\x9aG\x84\xd4\xfe;Z/\x8a\xa8\xf8\x038\xab1\xbf\
\x87mc\xcc=ok\xb9FW}O\xce\xed)Z\
i\xec:\x0d\x80\x80\xd5\x1d?\xd7^\x17@\xe8$\x09\
\xf08\x0a\xc4\x8b7\xbf\xae\x1d\x07w)\xc6a\x80:\
\xe2\x0f`\xe4\xb2\x18\x03\xed\xcd\x08w\xf2I\x22`/\
\x10\xeb\x9f\xee\xca\xc2\x0dq\xfcV\xe2\xafJ]\xe9\xf3\
\xef\x1b!H\xdd\xf5\x0f\x89C.\x800M\x8c\xf1\x16\
\x06@\x84\xc5\x1f\xc0\xf6Z=\x92\x10)\x8c\xe1Q\xc4\
\xd0\xee\xd6\x0b\xedx\xcd\xaeq\xe6\xf2hwkR\xaa\
F</D\xfb\xe2\xd2\xe1\xbcK\xfd\x5c\xbdW\xed\xb8\
\x86\x01\x1a\x88\xff\x06\xe9\xe96\xa7\xb3\xb9v\xd2\x12\xb8\
\x17\xackeu\xb6T\xfb\xf2\xb4\x12\x7f\xedF&\xee\
_\x0fc\xfc\x10\xd6\xee\xfb{\xbd\x8d\x96X\x07\xef\x07\
\xb3I\xc8,\xe2\xe2\x0fI\x08 \xae\x18\xbbZ\xf4\xfe\
\x07p\xd7bW\xff_\xb9R\x7f\xbf\xb2\x81\x06{\xa5\
#\x03@@\xdd\x8b\x97\xcflq\x0cD\x9f\x16\xe2\x0f\
\x90\xbemG\xdb\xa7w\x8b\xd1\x15\x96~E\xaeOs\
\xd5\xae\xa6\xbah5\x17\x7f\x00w\x19\x88p\xe9\x97\x00\
\xeb\xce\xefE\xa4\x22<&XJ\xcc\xfdM\x5c\xb01\
\x10\x7fH<\x00\xb1D\x80\xb9\xb7\xb5\xfb\x9fj\xbc\x9e\
\xfe\x01\xec\xab\xf5\xf5C#zg\x00\xa0U}\x0f\xc0\
\x95\x8b\xe8\xf2rG\xa7\xee*\x1e\xc4\x1f\xc0\x1c\x1fB\
\xa6\xdb\x9b\x11\x9e\xe4\x01t\x1fy\xc3\x9c\xfa\xea\x92h\
.\xfe*\x0f:\xfa7}\x91\x19&\xfd\xc6\x7fLT\
C\x01\xa9\xdb\xeeG\x0c4\xc8U\x88\x89\xf8\xa3\xa1:\
\x97x\xec\xe2\x8612\x8e\x18\x98n\xb9N\xc7\xcc\xfd\
\xef\x16\xab8+\x0d\xca\x91\x85\xfb|'\xe7\xee\xc8\x00\
\x90Y^\xa0\xc1#\x93=\x1b\x93\xae\x80\x1e\xc5\x7f\x83\
\xf4-\xedU\x038I)`\xd7\xb9\xd1\x00(\x9d~\
\x1dT\x83\xac_\xed\xf4\xac\xd5o;\x18\x93GH\xdd\
\xf9\xbe^oc\x0br(\x87u\xa8\xc1\xbe\xe2\x22\xfe\
@u\xb1\x8c\xeat\x94tB\xd7\xf1\xe4\xfe\xd7n\xad\
\x02 F\xd8W\x1az\x8f]\xb2t\xe4n\xef\xc8\x00\
\x98\xfa)\xd6\x80W\xeb\xbdW=W\xb7J0Z\xf8\
\x14\x7f\x80\xec\xb1]m]J\xe5W\xd1\x8d\x04(!\
\x14\x84\xbc\xa1\x140_\xc6]\xbd\x5c\x7fa\x94J\xfe\
<b\xdd\xfaN\xac\xa3\xdf\xd9\xebm\x5cGJ\xd2\xf7\
\x7f?Xuj\xffc$\xfe\x00\x95\xcb\xc9\xfc\x8e\xd8\
!\x04\xe6\x9ew\xb4^g_\xad\xcd\xf6\x88\x11\x95\xab\
\x0d\xbd\xc7/M\xff[:\xfa\xb0v\x98\x04\x08Z\xf3\
\xf5z\xafWN\x9d\x88v'\xad6\xc4\x1f\xc0\x18\xce\
b\xe4\xfc7\x05\xd2J\xa1\x92~\x00]G\xde\xf0\xa7\
*_\xa8\xf3\xb7\x8e`\xc9\x9f'\x04\xa4\x8e\xbc\x87\xd4\
\xb1\xbf\xdf\xeb\x9d\x80\x80\xcc}\xdf\x89\x1c\xab\x93\xa0\x18\
3\xf1\x07(_Y\xf7\x06E3\xca\x92P\x0792\
\x8e\xc8N\xb6\x5c\xa7\xed\x98u\xaa\xd5\x1a{\xa6\x81\xf7\
\xb8\x81\xf6\xfa\xa1c\x03\x00Y\x7f\x13nq\x15w\xa5\
\xc1\x13W\xaf\xd9\xb8)\xf9\x14\xff\x0d2{}\xf68\
_\xc7\xc9/\xb6u\x5cB\xfb\xdch\x00\x14N\xbc\x02\
\xea\x06\xeb_WA\xc5\xf8iO\x80u\xe4\xddd\x1e\
\xfcQ0\xda\xefT\xd9\xd9\x1e\x04\xe9\xbb\xdf\x81\xb1\xbb\
\x8e!\x12C\xf1\x87\xeb\x1e\x00a$\x16@\x5c0o\
\xb9\xa7\xf5\x22\x0dT\xe2U\xa2^\x9d\xcf\xa3\xed\xfa\x9e\
c\xd1@{\xfd\xd0\xb9\x01\xa0\xd4\xd7\x1a\xbdU\xbd\x14\
\xc1j\x00\xad\xd1\xf9\xc7\xa0\xda\xfe\x07!st'H\
\xff7\x07gu\xa9\xedk&\xb4\xc7\x8d\x06\x80\x93\xaf\
\xe0\xcc\x9f\xa9\xfdC\xeb\xf5\xac\xff\xf8cL\xdfO\xf6\
\xed\xff\x06c\xac\xbbS\x03\x85)\xc9\xbc\xf1}\x98\xfb\
\xbf\xf7z\xd3\x85\x0db*\xfe\xceZ\x95\xear\xad\x09\
\xd0\xcd?RB4\x11\x86\x81\xb9\xff]\xad\x17:W\
cg\xf07\x89\xff\xe36\xd1^\xaft\xfc\x11\xcf\x8f\
\xf3\x1cP\xb7mV\xf5\xd4\xb3\x9d\x9e>X\xdat\xfb\
\xdf\x8cLY\xa4\xc63\xbe\x8fSk+\xa0b\xe8n\
\x8e1fz\xb3\xa1Vxe=7\xa5\xd7S\xfe\x02\
F\x0e\xed\x22\xf3-?I\xfa\xfe\xefG\xa4\xdb\x18\xc3\
\xeb\x13c|\x8a\xcc\xdb\xfe\x15\xc6\xaewnu\x95\xc7\
T\xfc\x01\x0a'W\xae\xa5\x83$\x1e\x80x`L\xef\
GX\xad?\xf3\xbar\xa6\x0b\xbb\x09\x96jc\x03\xa0\
\xbcDg\x09\x80\x10\x80\x01p\xf8'\xa8\x80x\xa1\xde\
{\x95K\xaf\xa3\xcb\x11q{\x07$\xfe\x1bd\x0e\xfb\
\xef\x09\xa0\xb5\xc6M\xf2\x00\xba\x8a\x91\xd9|\x13/\x9e\
\xba\x80Z;\x1b\x89)\x7f\x81#$\xe6\xde\xb7\x91}\
\xd7\xcf\x91y\xe0\x070r>\xa6\xf1yD\x0e\xe5\xc8\
\xbc\xf1\xbb\xc9\xbc\xe5\xdf!\x87\xea\xf4\x5c\x8f\xb1\xf8\x03\
\x14N^\xf7\xd2\x09\x19\xe1\x1c\xa6\x84kX\x07<\xcc\
\xc9\xd0t\xe4\xf5\xed\x05\xaal\xe3,7*G\x15\xcf\
\xdey\x9c\x8e\xeb\x96\xdb\xebm{3Z\x7f\x05\xc1\xd6\
\xa1\xe5\x1a\xec+/\x93:\xf8\xd6@.\xd36\x01\x8b\
?@z\xdf$\xf2\x9b\x17Q\x15\x7fO\x91\xce\xdaB\
(7\xe6\x84\xfa\x18\x19\x81\xe0z\x8e\xbf\xb2\xab\xac~\
\xed/\x19}\xdb\x0f\xf6r[\xa1\x22\x8c\x14\xc6\x9eo\
\xc5\xd8\xfd\xad\xa8\xfc9\xdc+\xcf\xe2\xce\xbc\x84\xbb<\
\xd3Vb\xae\xb0L\xcc]G0\xf7<\x80\x1c\xbf\x07\
d\xba\xfe\xc2\x98\x8b\xbf[\x1e\xa22{\xfd\x9e\x9a\x84\
\x00\xa2\x8f\x1c\x1cDN\xdc\xddz\xa1s9\x9a-\xbe\
\x9b\xd0\xe4\xe9\x1f\xad\xf5W\x82\xb8F \x06\x80\x96\xe2\
\xcbB\xeb\x9f\xa8\xf7^\xf9\xd4\xd3\xbd5\x00B\x10\xff\
\x0d\xd2\xbb\x86)\x9d\xf5\x17\xd7wV\x97I\xdf\x12\xf8\
V\x12\x1a \x04\xc8\x8c\xc0-\xd7\x84\xcf\x9e=\xc9\xf2\
\xe5eF\xde\xfc\x9d\x88\xf4h\x8fw\x172\x02dn\
?2\xb7\x1f\xeb\xc8?D;y\xf4\xda\x05tq\x1e\
U\x5c@\x15\x16\xd0v\x11\x9c*86B\x0a\xb4i\
!RC\xc8\xc1q\xc4\xe0\x04rd/2\xbb\x1b\x8c\
l\xf3k\xc5\x5c\xfc1\xc7\xa9\xe6\x0f\xa0\x9d'\x80Z\
TC\x98I\x08 \xea\x98{\xbd\xb5\xc6\x8e\xa3\xfb\xbf\
r\xa1\xb1\xf7\x5c\x22\xbe\x1c\xc45\x021\x00L\xe5~\
\xc9m`.WN\xbd\x82~G\xdeS\x8c&pB\
\x14\x7f\x80\xec\x9d\xbb}\x1b\x00\xee\xda*\xda\xad\x22\x8c\
&]\xe9\x12\x02\xc5L\x83[\x067?\x87\xbb6\x07\
\xc0\xda3\x8f0\xfc\xd0\xf7\xf5xg\xddE\x98C\x88\
\xb1\xdba\x0c\xda\xebg\xd9\x80>\x10\x7f1\xfc\x1e\xd6\
\xfe\xe6\x93\xd7^\x92\xe9\xa4\x0a0\xf2H\x89\xb9\xdfC\
/\x0c\xadc\xf7\xd9T\xb6\xd3\xb8\xfc\x0f\x10\xb8\x81x\
\x00\x02qrM\x1d\xe72\xd4\x1fI\xa8\x95\xc2\xbe\xfc\
R\x10\x97\xf1G\xc8\xe2\x0f`\x0c\xa5\xb1\xc6\xfc&\x03\
j\xdc\xd5\x85P\xf6\x93P\x1f3+\xd0\xae\xbd\xa9;\
\xe5\xe2\xe7\x1fGW\x22\x92\x9f\x12g\xfaD\xfc\xed\x95\
\x0a\x85\x97\xae'-\x1b\xe9D\xfe\xa3\x8e\xb1c/\x22\
=\xd2z\xa1}9v9?\xd5\x0b\xcbh\xd50\x5c\
wr\xc7q\xae\x06q\x9d\xc0\xa2\x5c\x1a\xbe\xd4\xe8\xbd\
\xf2\xa9o\x06u\x19otA\xfc7\xc8\xde\xd1\xba\xf7\
\xf4\xcd8\xcbs!\xec$\xa1\x11\xc6\x80\xc0\x9e=\x85\
v\xae\xc7w\xddR\x95\x95\xa7\xfe\xae\x87\xbb\xea\x03\xfa\
D\xfc\x91\x19V\xbf\xfe\x18\xfa\x86\x0a\x1d\xa3A\x9aC\
Bt\xb0\x0ex\x18\xfc\x03\xe8.\xe8@\xd0\x94\xcf7\
}8i\xa8\xb5~\x09\xcc\x00\x90\xd00&Q~\xed\
E\xb4\xdd%\x0b\xac\x8b\xe2\x0f\x90\xde3\x81\x91\xf5\x17\
I\xa9..\xa0u\x84\xa7\xce\xf5\x19\x86^\x84\xcaV\
\xa3k\xf1\x91/\xe3\xae]\xec\xc1\x8e\xfa\x80>\x12\x7f\
\xb7Xa\xf5\xa9'6\xbdm\xa4\x93\x0c\xc0(#\x07\
\x071v\xbc\xa1\xf5Bm\xc7/\xfb\xbf\xe2`\xcf6\
\x9bM\x12L\xfc\x1f\x024\x00\x1c\xa9\x1em\xf8\xa6r\
\xb0/\xbf\x1c\xd4\xa5\x1a\xd3a\x87\xbfv\xc9\xde\xea3\
\xab_9\xa8|\x7f4\xa1\x89<\xdaA\xad\x9d\x225\
\xba\xd5\xa5\xabm\x97\xc5\xbf\xfb\xb3h\xb7\xac\x8e\x22}\
$\xfe\x00k\xcf<\x81*on\x10c\xf8o\xf3\x91\
\xd0E\xac[\xdf\x8a\xa7,\x8d\xca\xa9\xd8\xf5\xfe\xaf^\
\x5cjzO\x12\xd2}4\xa8k\x05f\x00\xec\xfe\x00\
\xaf\xd2 \x0f\x00\xa0\xfcZ\xc7M\x8b\x9a\xb3\xf1\xe4\xdf\
\x03k/{\xc7-H\xd3\xdf\xaf\xd2Y\x99\x09i7\
\x097\xa2VO\x83[!3V\xfff\xb1\xfa\xcdW\
\xa8\x9c}\xba\xcb\xbb\x8a1}&\xfen\xa9\xc2\xf2\x17\
\xb7\x86\x82\xac\x81\xc4\x03\x10UD*\x85\xb9\xef;<\
\xad\xd5\xe5WB\xdeM\xf0\x94\xcf7M,\x7f}\xe7\
\x078\x1d\xd4\xb5\x82\xfd\x94k\xbe\xd0\xe8\xad\xf2\xa9\x17\
\xd0\x95\x90F\xaej\x8d\xce\x7f\x11*\x81\xfd^\xfc!\
%\xa9=\xfe\xc6\x04\xdb\x8b\xf3!m&a\x03]Y\
@\x97j\x86V*'\x1b\xd6u\xcf\xfe\xf9\xa7\xd0v\
2\xae\xb9%}&\xfe\x00K\x8f}\x16\xb7\xb4\xf9\xbe\
$M\x81\x99x\x00\x22\x8bu\xe0>\xf0RE\xe5,\
\x80\x13\xaf\xfb\xac*\xdb\xd8s\x8duRk\xfe6\xc8\
\xeb\x05j\x00h)>\xd7\xf0M\xe5b_z.\xc8\
\xcb\xad_\xb4\xc7\xe2\xbf\xce\xc0\xbd{\x11\xc2{\xe6\xb0\
\xaa\x94Q\xa5\xc6\x8d\x1e\x12:D;\xa8\xd5\xeb\xa1 \
a@j\xb8\xfe\xc7\xbd\xba\xb0\xc6\xd2#\x9f\x8a\xdbD\
\xe0\xee\xd2\x87\xe2_\x9d\x9de\xf5\xcb[\x9fY\xac!\
\x91\xd4\x00F\x14a\x18\x98\x07\xdf\xe7im\x1c\x9f\xfe\
+\x17\x97\x9b\xba\xff%M4\xb6\x0d\x025\x00\xaa\x96\
\xfb9\xa0ak\xbc\xd2+O\x06y\xb9\xc8\x88?\x80\
\x91IaM\xb5h\x96r\x13I5@x\xa8\xfc9\
p7\x8f\xa8h\x14\x06\x00Xz\xe2\x1bT\xce%\xa1\
\x80\xba\xf4\xa1\xf8\xa3`\xe1\xaf?\xb5)\xf3\x7f\x83T\
.Q\xff\xa8b\xec>\x8aH{\xf0\xb6j\xa7\xeb\xb9\
`APi\xee\xfew\xcbi\xf7\x8bA^/P\x03\
`\xff\xbfg\x09D\xc3\x9a\xbf\xca\xd9S\xe8R@\xa2\
\x17!\xf1\xdf`\xe0\xee=\xbe\xd6\xdb\x0b\x81\x94r&\
\xdc\x84\xb6\xd7\xd0\x85\xad\xa3\xa83\x13\xa2q{W\x0d\
W\xff\xf8\x93\xa8\xe2l\xb8\x9b\x8b\x1b\xfd(\xfe@\xe1\
\xc4\xd7(\x9e<Q\xf7\x10k(1\x00\x22\x89\x10\xa4\
\x0e\xbf\xd7\xdb\xda\xca\x99\xda\xb8\xef\x18\xa1JU\xec\xf9\
f\xa1H\xf1\xb5\x9a\xc6\x06G\xf0\x99.Z7vQ\
hM\xf5l\x00=\x01\x22(\xfe\x00\xd6d\x0ek\xcc\
{\x01\xb1[*\xa2\x8a\xc9p\xa0`\xd1\xe8\xd5\xd3\xd4\
\xf3\xe7\x0bC\x90\x19o\xfc\x91w\xf2%f\xfe\xfb\xef\
\xa0\xddx\xdd8B\xa3O\xc5\xdf^^f\xf6/\xfe\
\xa4\xee!B&\x06@T1v\xecA\x0c\xee\xf6\xb4\
VW^\x0dy7\xc1S>\xbb\xd84\x0c\xa9\x9bi\
k\x9b\x04n\x00hT\xd3M\x16\x9f\xfbRgeW\
\x11\x15\xff\x0d\x06\xef\xf1\xe9\x05XL\xbc\x00A\xa2\x8b\
\x97\xd1v\xe3\xdc\x8a\xecT\xf3\x8f|\xf1\xf4E\x96\x1f\
}8\xc9\x07\xe8S\xf1\xd7\x8eb\xeeS\xbf\x8f*\xd7\
\xefK\x92\x1ek\x9c,\x9a\xd0[R\x87\xdf\xe3m\xa1\
\xb3\x00v\xfc\xee\xab\xe53\xcd;\xc4\x1a-\xb4\xb5\x1d\
\x02\xff\xa8/\xc2W\x80\x86i\x8c\xf6\xc2\x1c\xceb\x9b\
\xa5z\x11\x17\x7f\x00kz\x14k\xd4\xbb\x17\xc0^\x98\
!Q\x9b\x80P\xd5Z\xec\xbf\x09\xa9a\x815\xd0\xfc\
\x09o\xf1\x91\xafPx.\xf0\xefZ|\xe8S\xf1\x07\
X\xfa\xe2_Q:\xdb\xf8\xe903\x9e<\xfdG\x11\
c\xea\x16\xe4\xf8\xed\x9e\xd6\xea\xd2\xf3!\xef&x\xec\
\x995\xdc|\xb9\xd9\x92\xb5\xa9]<\x15\xf4u\x037\
\x00j3\x8a\xf5c\xcd\xd6\x94_k#\x19P+\xf4\
\xda\xe7#-\xfe\x1b\x0c\xde\xbf\xcf\xf3ZU\xad\xe0\xe6\
\x93\x9e\xf4A\xa0VOB\x9d\xa4\xae\x9b\x19\x98n=\
\x0ag\xe6\xd3\x7f\xb1=\xfb\x03\xf4\xb1\xf8\x97N\xbe\xc8\
\xd2c\x8d\xab\xa8\x84\x84\xf4H\xf2\xf8\x1f9\x04\xa4\x8e\
~\x8f\xb7\xb5n\xa1\x16\xff\x8f\x19\xa53\xadr\xe3\xf4\
#\xe2\xc7\x08\xbc\xa3QH\x9f\xf6\xe6\xa5\x0a\xa5\x17\x9e\
B;>Z\x03_k\xf2s\xb6\xb3mu\x09k\xc7\
p\x1b^\x80\x84N\xd0\x95Et\xd9\xdb\x90\xa5\xcc\xa4\
\xc0H5\x7f\xd2\xd3Zs\xf9\xf7\x7f\x9f\xea\xd5\xf8\x95\
\x12\xb5M\x1f\x8b\x7f\xf5\xcaE\xae~\xe2w\x9b\x86\x1f\
\xd3#\x12\x11\xe8\x98\xc4\x84 0v\xecE\x8e\x1f\xf5\
\xb4V\x97_\x00\xe2\xd5f]U\x1d\xaa\x97\x9a\xe7\x82\
\xe9\x80\xcb\xff6\x08\xc5\x00PR5\x9d\xb2\xa2\xed\x0a\
\xd5s\xcfx;Y\x0c\xdc\xfe\xf5\x18|\x83w/\x80\
\xbd0\x83\xd6\x0d\xab'\x13Z\xa1\xddM5\xff\xad\x10\
\x02\x06oi\xfd\xd1WU\x87K\x1f\xfbM\xaaW\xeb\
g\x8b\xf7\x15},\xfe\xf6\xf2\x22W>\xfe\xeb(\xbb\
R\xe7\xc0\xebdw$\xee\xff\xc8!\x04\xa9c\x1e\x9f\
\xfe\xb5\x0d\xe5\xf8%\xffU\xce.\xa2\xdd\xe6F\x8b\xd1\
BS\xdb%\x14\x03\xe0\x96\x0f\xf02p\xb6\xd9\x9a\xd2\
\xb3_l\x1d\xfa\x8e\xa9\xf8\x03X\x93\xc3\x9eG\x05k\
\xd7\xc1]Iz\x02\xb4K\xad\xe6\xbfi\xfcl\x0b\xd9\
)\xd9\xd2\x0b\x00\xa0*6\x97~\xe7cT\xaf\xbe\xd8\
\xee\xf6\xa2O\x1f\x8b\xbf\x9b_\xe3\xca\xef\xfe\x1aN\xbe\
\xf9\x13\x96\x99\x85\xf4h\xe2\xfe\x8f\x1a\xe6\xf4~\xe4\xc8\
!o\x8bK/\xc5\xae\xf4\x0f\xa0|\xbae\xb7\xc2\x93\
;>\xc0\xc90\xae\x1d\xe6'\xfe/\x9b\xbdY\xbdz\
\x01w\xf9l\xe3\x051\x16\xff\x0d\x86\x1e\xf0\xee\x05\xa8\
\xce^\x08q'\xfd\x8bv\xf2\xe8\xc2%\xdf\xc7\x09\x09\
C{\xbc\xf9{U\xc9\xe6\xd2o}\x8c\xea\xc5\xf8%\
\x17\xb5\xa4\x9f\xc5\xbf\x98\xe7\xca\xef\xfd*\xf6b\xeb\x10\
\xdb\xa0\x87\xbc\x90\x84.#\x04\xd6\xb1\xef\xf3\xb6V+\
t\xf9\xa5p\xf7\x13\x02\xf6|\x1eg\xb5E8\x5c\xf3\
\xa7a]?4\x03@#\x9b\x1a\x00\x00\xe5W\x9e\xa8\
\xffF\x1f\x88?\x809\x99\xc3\x1a\xf7\xe6\x05pV\x96\
\xc3\x9b\x95\xd0\xc74\xaa\xf9\xf7BvJ`\x0dzs\
\xfb\xaa\xaa\xc3\xc5\xdf\xfe\x18\xa5\x97\x1f\xed\x9f\xa2\x8d>\
\x16\x7fgu\x85+\xbf\xf3\xcbT\xae\xb66\x0e\xa5%\
\xc8L&O\xffQ\xc3\xdcu\x10\x99\xdb\xefmq\xe5\
\x14\xa8\xf8\xdd?=<\xfd\xa3P\xf13\x00\xa6ow\
\x1e\x07\x9a\xfet\xc5\x17\x9eB\xdb7\xfd\xd1b\x94\xed\
\xef\x85\xc17\x1d\xf0\xdcW\xbc:\xe7\xffIv;\xa3\
\xcb\xb3\xe8jg\x8d\x94r\xfb\x0c\xcf\x7f\x1f\xed(.\
\xff\xd1\xc3,?\xf2IO\xd5\x06\x91\xa6\x8f\xc5\xdf\x9e\
\x9f\xe5\xd2o}\x84\xca\xcc\xd6n\x90\xf5\x18\xd8\x99\xd4\
\xfeG\x0e)I\x1d\xfb\x9f\xbc\xad\xd5\x1b\xc9\x7f\xf1B\
\xdb.\x95\x0b-\x1b\xfb]\xd8\xf5s\x84V\x8e\x14\xda\
\xc7^\xfc \xae\x86\xbfi\xb6F\xdb\x0e\xf6\xf9o\xdc\
\xf0B\xccoJu\xb0F\x07\xc9\xec\xf66)\xb0:\
w%I\x06\xf4\x8avQkg;>MjX\x90\
\xf5\xf9\xf4\xb7\xf0\xc8\x97\x98\xf9\x93_CUb\xda\xc5\
1\xee\xdf\xb3&\xe2_\xbep\x86K\xff\xed#8\xcb\
\xde*B\xa4%\x18\x9cN\x92\xff\xa2F\xea\xc0\xdd\x88\
\xa1[\xbc-\xae\x9e\x01'~\xa5\xd4\x95\xf3\xad\x93\xff\
\x80O\x0b\x11\x9e\xcf1T\xbbW\x22Z\x86\x01\x0aO\
?R+\xcd\x89\xfbM\xa9\x09\x83o:\x884[\xff\
\xaa\xb5c\xe3\xae$\xbd\xe8\xbd\xa0\x0a\x17|'\xfe5\
\x22\xb7O\x22M\x7f\x22\x90\x7f\xf1$\x97~\xe3\x17\xb0\
gb\xe6\xa9\x8a\xfb\xf7\xac\x91\xf8k\xc8?\xf7$\x97\
~\xfb\x97\xb6\x8c\xf7mFn\xaf\x810\x12\x03 J\
\x88T\x0a\xf3\xd8\x0f{[\xac5\xba\x18@{\xf9\x1e\
P:\xd9:\xf1[\x88\xf0\xdc\xff\x10\xb2\x01\xa0\x07\xdc\
\xcf\x02\xc5fk\xec\xb9Y\x9c\x99\x97\xe2}Sj\x81\
L\x99d\x0fOzZ[\x9dI\x92\x01[\xe2\x96\xd0\
\x85\x8b\x81\x9dN\x9a\x82\x91[\xfd\x7f\x15\xaa\xf3\x8b\x5c\
\xf8\xb5\x8f\xb2\xfa\x95O\xc7c~@\x9f\x8a\xbf\xaa\xda\
\xcc\xfd\x8f?f\xe6\xe1?\x00\xd7\xbb\x07\xcd\x1a\x14d\
\xa7\x12\xf1\x8f\x1a\xa9\xa3\xef@\x98\x03\xde\x16WN\x81\
\x1b\xe8|\x9c\xaeP\xbd\xbc\x82\xb3\xd2\xb2\x17\xce\x95\x1d\
\x8a\xaf\x86\xb9\x8fP\x0d\x80\xe9\x7fKA\xc0gZ\xad\
[\xfb\xea\x1f\xc5\xf7\xa6\xe4\x91\x81\xbb\xf7bd\xcd\x96\
\xeb\x9c\xd5\x15t\xb9\xd9D\xa8\x04\xb5v\x06t\xb0\xcd\
>\xd2c\x92\xec\xa4\x7f1\xd0Z3\xf7\x99G\xb8\xf2\
;\x1f\xc2^h\xde\x86\xb8\xa7\xf4\xa9\xf8Wg/s\
\xe97?\xcc\xea\xd7\x1a$\x147B@n\x7f\x92\xf9\
\x1f5\x8c\xdc\x08\xe6\x81w{[\xac5\xba\xf4l\xb8\
\x1b\x0a\x89\xe2\xab\xad+S\x84\xe6\xcf\xc5\xf1p\xbb\x1a\
\x85\x9e\xfa\xa2\xb4x\xb8\xd5\x1a\xfb\xf2\x12\xceRSG\
A\xfc\x110x\x9f\xb7IVII`ctu\xc9\
s\xc7?\xbf\x0c\x1f01\xb2\xed\x1d[:\x7f\x95\x0b\
\xbf\xfc\x0b,?\xfe\xe7h\xdbG\x97\xcbn\xd0\x87\xe2\
\xaf]\xc5\xea\xd7\x1e\xe1\xe2\xff\xf3!\xaa\xb3\xde\x92\xfd\
n$;)H\xe5\x92\xa7\xff\xa8a\xdd\xf5=\xb5N\
]^\xa8\xbc\x06\xeer\xb8\x1b\x0a\x01{\xa9\x80=\xdb\
\xfa!O#Cu\xffC\x17\x0c\x802\xee_\x01\x8d\
\xc7\xb3\xadS|\xad\xff\xdb\xe1\xa6\xf7Mz\x1a\x17\x5c\
\x9d\xbd\x8cv\x82\x89o\xf7\x17\x1a\xbd\x1a^\x9foa\
\xc0\xd8a\xab\xedv\xb0Z)\x16\xfe\xf6s\x5c\xf8\xe8\
\x07)\xbe\xf4(\xa8\x08$t\xf6\xa1\xf8W\xaf\x5c\xe0\
\xf2o\x7f\x84\xb9\xbf\xfc4\xda\xf5_\x8da\xa4ax\
\x7fko\x5cBw1v\xee\xc7\x98z\xc0\xdbb\xad\
\xd0%\x8f\xddd#F\xe9\x15OZ\xb7\xb0\x13\xe7\xf1\
\xb0\xf7\x12\xba\x01p\xf08e<\x84\x01*\xe7\x96p\
\x8b1\x88\xa3v\xc8\xd0\x83\xb7\xb64p\xb5\xd6\xd8s\
\xc1\xc5\xb8\xfb\x05]\xb8\x84v\x0a\xa1^\xc3\xcc\xc2\xc8\
A\xef\xa5\x81\xf5\xb0W\x0b\x5c\xf9\xc4\xc3\x5c\xfa\xcd\x9f\
\xa7|\xe6\xd9\xde\xf5\x0d\xe83\xf1w\x0bk\xcc\xff\xd5\
\x1fs\xe1\xd7?D\xf9\xc2\xd9\xb6N)$\x8c\x1e6\
\x93\x9e\xffQ\xc3\x90\xa4\xef\xf2\x98\xf8\x07P~\x05\xdc\
\xf8\x85J\xddb\x95\xca\x05O^\x8b\xbf\x10\xc7\x09\xbd\
\xd6\xb8+\xd5\xaf\xc2C\x18\x00\xad)\x9f\xec\xff\x0cx\
st\x80\xf4\x9e\xd6e\x81\x95\x99\x8b\xe8\xb8\xd7\x9a\x07\
\x89\xaa\xa2\x0a\xe7\xbbr\xa9\xcc\x84d\xe8\x96\xce\x15\xa2\
|y\x96K\xbf\xfb1\xae\xfc\xdeG(\x9f}\xbe\xe9\
 \x9a\xc0\xe9#\xf1W\x95*\xab_\x7f\x84\xf3\x1f=\
\xce\xcaW\x9f\xe8\xe8\xf7\x98\xdbgxn\xfe\x94\xd0=\
\xac\x83\xf7#\x06=\x96\xfdi'\xb6\xb1\xff\xd2k3\
\x9e>\xbf\x1a\x11\xba\xfb\x1f\xa0+~\xb0y\xdc\xbf\x9e\
@\xce\x03MS\xe1K\xa7\xe7\x19\xb8c\x17\xc2\xeao\
\xf3|\xe8\xcd\x87\xa8\xce<\x8f\xaa6\x16xm\xdb8\
\x0b\x97\xb0\xa6<v\xc2\xeasT\xfelW\x9b\xef\x0c\
\xed\x96\xb8\x15Ei/\x0d1\xbc\x00\x00 \x00ID\
AT\xbes\xd1.\x9e>C\xf1\xf4\x7f#3=\xc1\
\xe8;\xbe\x9d\x81\xa3\x0f!Rm&\x1bx\xa1O\xc4\
_U\x15k\xcf\xfc-K_\xfc\x02n\xa1\xf3.o\
\x991\xc9\xc0\xce\xa4\xe3O\xd4\x90\x83\x03\xa4\x8e\xfax\
\xfa/=\x0f*\x5cO`\x18h\xdb\xa5|\xc6S\xfe\
\xd2B~\xcc}$\xec\xfd\x00tEi\x7f\xe3Q\xdc\
\x7f\xfbmb?\xf0`\xd3\x85J#\xd3&\xd6\xe4P\
7\xb6\xd5#\x042\xf7V\x8c\x89\xc3TN?\xd7t\
\xa5*\x15H\xed\xdcKG\xfe\xe8~\xc0-\xa2VB\
\x99\x85\xd1\x18Q\xab\x0cp\x0a\xe0\x96\x83yrw\xf2\
%\xf2/\xbe\xc4\xcaSO\xa0\xed\x22Fn\x04c \
\x17\xec\x9f\xb7\x0f\xc4_\x89\x07Y}\xea1\xae~\xf2\
\xf7(\xbc|\x02mw\x1e\x1a\xb4r\x82\xb1#\xa6\xe7\
\xfc\xb2\x84.! \xfd\xc0\xff\x8c\xcc\xed\xf5\xb6\xde-\
\xd4\xda\xc4\xc7l\xe4/@\xe9\xb5Y\xaaW<4\x0f\
\xd3|l\xffO\xe9\x96a\xf3 \xe8Z&\x8c\xab\xd5\
\xc7\xa5\x90\xff\xaa\xd5\xba\xd2k\xb3d\x8f\xec\xf0\x9e\x09\
\x1a+\x04b\xf0-\x90\xbd\x83\xf4!H?\xff\x08\x95\
+\x8dc\xfd\xaaR\xc6Y\x9a\xc5\x1c\x9b\xee\xe2\x1e\xa3\
\x87Z=C/\x02\xe9B\xc0\xe8a\x83\xe5\x93PY\
\x0e\xee\x86\xa3\xca%\x96\xbe\xf89\x96\xbe\xf892{\
v3\xf2\xd0\x9b\x198\xf2\x06\xe4\xe0Xg'\x8e\xb1\
\xf8kGQ8\xb9B\xfe\xec\x0a\xc5W\xbf\x10\xe8\x9f\
\xdb\x1c\x10\x8c\x1d1\x92v\xbf\x11\xc4\xdcs\x14c\xc7\
\x1b<\xaf\xd7\xc5\xaf\xd5\xc6\xfe\xc6\x0d\xad)\x9f\xf26\
\xf1U\xa2~?\xe4\xdd\x5c\xa3\xab*{\xf5?\xc8\xe7\
\x80{Z\xad\x1b\xfe{\x07I\xef\x1b\xef\xc2\x8e\xba\xc9\
u\xf1\xdf@\x95VX\xfc\xc3\x9fF\xd9\x8d\xb3\xc5\x8d\
\xa1a\x06o\x7fs76\x18Itu\x19\xb5\xd8\xdb\
)|Z\xc1\xf2I7P#`\x0bB0x\xf8\x08\
\x83w\xbd\x81\xcc\xc1cXc\x93\xfe\xbe\x9dq\x14\x7f\
\x0d\xe5\xcb\x05\xd6^Z\xa0\xf0\xda2\xaa\x1a|\xd5\x84\
\x91\x16\x8c\xdfax\x1a\xfd\x9c\xd0]D:M\xf6\xdb\
?\x88\xb0<z|\xed\x19\xf4\xca\xffG\x1c\xa7qU\
\xce.\xb0\xfa\xd4\xd9\x96\xeb4<\xb3\xeb\xe7\x94\xc7R\
\x88\xce\xe9j-\x8c\x10\xfc\xbe\xd6\xfcb\xabu\x85\x17\
\xaf\x90\xde;\xd6G^\x80\xad\xe2\x0f \xb3#\x0c>\
\xf4^\xd6\x9eh\xdc1\xd9\xcd\xaf\xe2\xae\xcea\x0cO\
\x85\xbd\xc9H\xa2\xd7^\xef\xf5\x16j\x99\xe3G\x0cV\
\xcf@i>$#@k\x0a\xaf\xbdJ\xe1\xb5W\x01\
\xb0\xc6\xc6\x19\xbc\xfb.\x06\x8f\xdeIj\xfa\x102\xd3\
$g F\xe2\xef\x96\x1dJ\xe7V)\xbe\xbeF\xe9\
\xdc\x1an1\xbc\xa79i\x09\xc6\x8e\x9a\x18\xa9\xd0.\
\x91\xd0\x01\xa9\xbb\xde\xeb]\xfc5\xe8\xc2W\x89\xa3\xf8\
\xa35\xc5\x97\xaezZ*\x04\x1f\x0fw3\x9b\xe9\xaa\
\x01\xa0\x95\xfa#\x84\xfc\x10`5[\xe7\xae\x95\xa9\x9c\
[\x22}\xa0\x1f\xbc\x00\xf5\xc5\x7f\x83\xec=\xff\x80\xf2\
\xcb_\xc6\x9eo<8\xb1r\xf14\x03wL\xb2\xdd\
r\x01ty\x16mG\xa3\xd4G\x08\x18\xb9\xcd@Z\
P\xb8\x12~\xfc\xd1^Zd\xf9\xf1\xc7Y~\xfcq\
\x10\x92\xf4-{\xc9\x1e<Hf\xdf\x01\xac\x1d{\xb0\
\xc6w\x22\x0c#\xf2\xe2\xef\x16m\xaa3%\xca3\x05\
J\xaf\xafQ\x9e-\x82\x0a\xff&nd`\xfc\x98\x89\
\xd1\xba\xedFB\x0f0\xa6\xf7b\xee~\x9b\xf7\x03*\
\xaf\x81\xe3\xcd\x85\x1e5\xcag\x17q\xd6<\xf5u\xa9\
jS\xfdq\xd8\xfb\xb9\x91\xae+\xca\xd5\xff(\xfe\x12\
-\xbe\xbb\xd5:c(\xcd\xf8\xbb\xef\x8c\xb9\x17\xa0\xb9\
\xf8o\xe0\xae\xcc\xb2\xf8\xc7\xc7\x9bN\x86\x1a8r\x0f\
\xe6\xc8\xce\xa07\x18a\x14\xee\xdc\xd3\xe0F\xac\xab\x1e\
P\x9a\xd3\xac\x9eu\x82\xeeF\xec\x0baZd\xf6\xed\
\xc7\x1a\xcf`\x18\xf3\x98\xa3i\xac\x914\xd6X\x0ac\
\xa0\xa9}\x1d\x0aZk\x9cU\x1bg\xb9Le\xb6D\
\xe5j\x91\xcaL\x11g\xad\xfb\xbd=\xcc\x01\xc1\xd8\xd1\
\xc4\xed\x1fU\x84i\x92\xfd\xf6\x7f\x8f\xc8x\x9b\x8f\x82\
v\xd0K\x7f\x02*\x86\xddb\xb5f\xf1\xafO\xe0\xe6\
+\xad\x97\x0a\xfdg\xbb>\xa8\xbf\xbf\x0b\xbb\xbaF\xd7\
\xdba\x09%\x7fO\x0b\xdd\xd2\x00p\xf3\x15\xca\xaf/\
\x90\xb9\xd5\xe3\x87$rx\x13\x7f\x00cd\x07\x83\xf7\
\xbd\x8d\xfc\xd3\x8f6\x5cS\xbdx\x1asd\x07\xdb\xc5\
\x0b\xa0\x0b\x97#)\xfe\x00\xd9)\x81\x991Y>\xe5\
\xe2V{\xe3\x92\xd4\x8eM\xe9\xcc)Ju\x1a#J\
Kb\x8d\xa5\x99x\xe7^2\xd3\x83!\x5c[\xb1\xf2\
\xcd9\xec\xd5\x0a\xf6J\x15w\xa5\x82\xb3j\xa3\xbb\xd9\
\xe7\xa0\x01\xe9\x11\x914\xfa\x898\xa9;\xbf\xc3\xbb\xf8\
\x03\xba\xf8L<\xc5\x1f(\x9f\x99\xf7$\xfe\x00B\xcb\
\x8fCw\xbb\x87v=/vG\xad5\xb0\xa7^\x88\
\xc5\x13W\xd0]p\x17\x06\x8fw\xf1\xdf`\xe0\xa1\x1f\
\xc6\x9al\xfc\xa5p\x8a\x05\x9ceoq\xa4\xd8\xa3\x9d\
\xda\xb8\xdf\x08c\xe5\x04\x13w\x1b\xa4G\xa3\x97Z\xae\
lEe\xb6\x84*\x86\xd37\xc1-\xbb,~\xf92\
k/,P>\xbf\x86\xbdR\x8d\x84\xf8\x0f\xec\x94\x8c\
\x1eI\xc4?\xca\x18\xd3\xfb1\xf7\x7f\x97\xf7\x03\x9c\xc5\
Z\xdd\x7f\x0c\xd1\xca{\xec\x1f\x98\xd99\xed~6\xcc\
\xfd\xd4\xa3\xebw/q\x1c\x07\x8d\xa78\x87[\xacR\
9\xd386\x1eM\xfc\x8b\xff\x06#\xef\xfd7\xc8&\
M\x90*\x17_'\x96I0>Q\xf9\xf3\xa0\xa2_\
\xea#\xcdZyYn\x7fRb\xd6K\x84!\x18=\
l0| \xf9;D\x19\x99\xc9\x90\xbe\xff\x7f\xf3~\
\x80\x06\x9d\xff\x12q\xac\xf9\x07(\x9f\x9e\xf3\xdc\xde^\
k\xfeP\xfc\x18]\xbf\xe9\xf5\xe8\xeb\xa2~\xd7\xeb\xca\
\xc2\x89+Mc\xe3\xd1\xa2}\xf1\x07\x90\x83c\xe4\xde\
\xfeC\x0d\xdfwK\x05\xec\xa5+\xedn.\x1e\xb8e\
t\xd1\xfft\xb7\x9e!`pZ2y\x8f\x95L\x97\
\xeb\x01\xd6\xa0`\xf2n\x93\xccx\xa2\xfc\x91F\x08R\
\xf7\xfd\x10\xc2\xcay?\xa6\xfc<8\xf1\x1c\x12\xa7]\
E\xf1e\xef{\x97\xa8?\x0cq;M\xae\xdb\x03\xa6\
\x8f\xf3\xa2@<\xede\xad*\xdb\x94O\xc7\xc1\x0b\xd0\
\x99\xf8o\x90>\xfa62\x07\x8f6|\xbfr\xe14\
ZG`\xca\x5cH\xa8\xfc9z\x9a]\xd7&F\x1a\
\xc6o7\x19\xb9\xd5DZ\x89!\x106B\xc0\xe0-\
\x92\xf1;\x93L\xff8`\x1d\xbc\x17c\x87\x8f\xf2v\
7\x8f.~3\xbc\x0d\x85L\xe9\xe4\x1c\xaa\xe45\x01\
V|}\xe7qz\x12\xe7\xe8\x99\xd9\xac\xe0\xd7\xbd\xae\
-\xbet\x05\xedDY\x14\x82\x11\xff\x0d\x86\xbf\xf3\xfd\
\x18\x83\xf5\xeb\xbeU\xa5\x8c={.\x90\xebD\x0e\xb7\
\x88.\xc5x \x94\xa8%\x08N\xddc08-\x13\
wtH\xa4\x86\x05\x13w\x99\xe4\xf6\x1a\xf1.\x12\xda\
&\x18\xc3\xa3\xa4n\xff\xc7\xbe\x8e\xd1\xf9'\xe2\xd9\xf1\
\x8fZ\x92l\xe9U\xefO\xff\x02~-\xc4\xed4\xa5\
g\xb7\xa8\xfc\x98\xfbI<&\x03\xaa\x8aC\xe9TT\
\x85!X\xf1\x07\xc04\x19~\xcf\x8f#d\xfd\xbb[\
\xf9\xd2Y\xb4\x13\xcd\x0c\xf9NPk\xe7\xe8\x87\x1c\x07\
a\x0ar\xfb\x0d&\xef1\xc9\xee\x90\xdb\xa5p#t\
\xa4%\x18\xb9\xcd`\xfc\x98\x899\x90\xfcR\xe3\x800\
\x0cR\x0f\xfcS0|df\x96_\x03;\xbe\xe3\xd0\
K\xaf\xcd\xa0\xca\x9e\x8d\x97\xd9\xa2v?\x15\xe6~\x9a\
\xd13\x03\xe0\xf0OPA\xf3\xdb^\xd7\x97^\x9ei\
:=\xaf7\x84 \xfe\xebXS\xb71p\xff;\xea\
\xbf\xe9\xbaT/\xd5\xa9\xff\x8a1\xda)\xa0\xcbq\x08\
\xf5x\xc7H\x0bF\x0e\x1aL\xdec\x91\x9d\x92\xc9\xd3\
j\x9b\x08\x03\x06wK\xa6\xee5\xc9N&\x06U\x9c\
H\xdd\xf1.\xe4\xf0\x01\xef\x07\xa82\xba\xf8Th\xfb\
\x09\x1bUq(\xfa{\xfa\xff\x8d\x83\xc7\xf1\xd4%(\
\x0cz\xea\xa44,\xf5\x1b\x80\xa7@\x89\xaa:\x14_\
\x88RrXx\xe2\xbf\xc1\xe0C?DjG\xfd\xe6\
?\x95\xd9\xcb\xa8\x92\x87\xc9R1A\xe7\xcf\xd2\x0fO\
\xff\xf5030r\xab\xc1\xe4}&\x83\xbbd\x92#\
\xe0\x11i\x0a\x86\xf6\x18\xec\xb8\xcf$\xb7\xc7H\xca\xfb\
b\x86\xb9\xfb\x10\xe6\xc1w\xfb:F\xe7\xbf\x04\xaag\
z\xd81\x85\x17.\xa1\xbd\xcf\xb4\xa8\x0a\xad~+\xcc\
\xfd\xb4\xa2\xa7\x06\xc0\xd4\xcfp\x05\xcd\xa7\xbd\xae/\x9d\
\x9e\xc7Y\x89\x82\xeb;|\xf1\xdf`\xe4{\xfe/\x8c\
l\xa6\xee{\xe5\xf3\xaf\x86~\xfdn\xa0\xed5t\xd9\
\xd3\x9c\xecXc\xa4\x04\xb9}\x06S\xf7\x9b\x8c\x1e\x8e\
f\x0f\x81(`X\xd7\x7fOC\xbb%\xc2L\x0c\xa6\
\xb8a\xe4FH\xdf\xf7c\xfe\x0e*\xbf\x06\xd5\xde\xcf\
\xfeh\x17g\xb5D\xf9\x8c\xf7\xfb\x98\x86?\xd9q\x9c\
\x9e6w\xe9\xf9\x1dH\xa1~\xc9\xf3b\xad\xc9?\xd3\
\xeb\x061\xdd\x13\x7f\x00ae\x19y\xdfO \x8c\xad\
\x7f*gu\x05g9\x9ee27R{\xfa\xdf>\
\x08\x01\x99q\xc9\xd8\xd1\x0d\x9130\xea\xdbx\xdb\x06\
!!3V\xfb\x9dL>P\xf3\x94$I\x94\xf1D\
\xa4,\xd2o\xfa?\xf05\x85\xc9]]\x1f\xf6\x13_\
\xf2\xdf\xbc\x00~\x1ab\x09\xd5\xb3\xe4\xbf\x0dz\xfe\x15\
\xbb\xe58\xdf\x00\xe19\xe8c\xcf\xacQ\xbd\xdc+\xd7\
ww\xc5\x7f\x03s\xeaVr\xdf\xf2}u\xdf\xab\x5c\
<\x89V\xf1-\x0b\xd4\xf6\x0a\xba\xb2\xd4\xebm\xf4\x0c\
#%\x18\xda#\x99\xba\xd7b\xf2^\x8b\xdc>\x83\xd4\
\xb0\xd86ankP0\xbc\x7f\xdd+r\xa4\xe6\x15\
\xd9.?{_\x22\x04\xe9\xfb\x7f\x101t\x8b\xf7c\
\xb4F\xaf}\x11t\xf7\xe7F\x04E\xf5\xe22\xf6\x8c\
\x9f\xc1e\xe2\xcb\xbb>\xc8\xd7C\xdb\x90G\xba>\x0b\
\xa0.\x82_E\xf3\x09\xaf\xcb\xf3\xcf\x5c`lz\xb8\
a\x96|8\xf4F\xfc7\xc8\xdc\xf5.\xec\xab\xafQ\
zus\xb9\xa8[*a\xcf\x9c!\xb5\xebpO\xf6\
\xd5)z\xedl\xaf\xb7\x10\x19\xcc\x0c\x98\xbb$\x83\xbb\
$\xda\xd1TV4\x95eMuM\xe3V\xfa#?\
B\x18\x90\x1e\x91\xa4G\x04\xa9Q\x91\x0c\xec\xe93R\
\x87\x1f\xc2\xd8\xf9\xa0\xafct\xf1ip\xa2Z\xe5\xd5\
\x1a\xad4\xf9\xe7.\xf9;\x06~%\xa4\xed\xf8\x22\x12\
\x06\xc0\xce\x9d\xee\xa7f\xaf\xca\x0fk\xd8\xe3e\xbd\x9b\
\xafP>9K\xf6h\xb7\xa6\xe3\xf5V\xfc7\xc8\xbd\
\xeb_\xe0.\xfc\x0c\xd5\xf9\xc5M\xafW.\x9e\xc3\x1c\
\xdd\x89\xcc\x0e\xf7hg\xed\xa1+\x8b\xe8j\xff$2\
\x06\x890\x05\x99\x09Af\xa2\xf6o\xd7\xd68yM\
\xb5\xa0\xb1\xf3\x1a;\x0f\xda\x8d\xbeQ LAj\x10\
\xccAAzDb\xe5DR\x0d\xd1\xa7\x18S\xbb\xb0\
\x8e5\xeedZ\x17{\x06J\xcf\x85\xb3\xa1.Qz\
u\x067\xef+q\xf1\xd2\xf4\xb4\xfb\x17a\xed\xc7\x0f\
\x910\x00\xc4\x8fa_\xfd\x8f\xfc\x16\x9a\x9f\xf7zL\
\xe1\xc5+\xa4\xf7\x8f#3a\x8f>\x8d\x86\xf8\x03\xe0\
,\x91{\xfb!\x96\xff\xeai\xdc\xcau\xb7\xbfFS\
>\xf7\x0a\x03\xc7\xdeD\x9cj\xa4t\xfe|\xaf\xb7\x10\
\x1b\x0cK`\x8c\x09\xd2c\xd7_s\xca\xe0\x14\x15n\
\x19\x9c\xb2\xc2\xad\x80[\xa6g\x13\x0a\x8d\xb4\xc0H\xd7\
\xdc\xfa\xd6\xa0\xc0\x1a\x92I\x97\xbem\x82\x1c\x18 \xfd\
\xc6\xf7\xe3\xeb\xfe\xa3\xaa5\xd7\x7fL{\xfd\x03\xa8\x8a\
M\xf1e\x7fy|\x1a~\xad\x17}\xff\xeb\x11\x09\x03\
\x00@\x9b\xea\xb7\x84-\x7f\x06\xf0\x94\x0e\xa5\x1d\x97\xc2\
\x0b\x97\xc9\xbdi\x7f\x88\xbb\x8a\x92\xf8/\xa2W?\x83\
4]ro?\xc4\xca\xe7_\xdb4)\xd1Y[\xc1\
^\xb8\x885\xb1\xb7\x87\x9b\xf4\x8e\xae.\xa1\xed\xd5^\
o#\xd6\x98\x1903\x1bi<\xd7\xd3y\xb4\x02\xb7\
\xacC-7\x1c\xdc%12\x02#-0\xd3\x02\x99\
\x22I\xda\xdb\xa6\x08\xcb$\xfd\xe0\xbf@X\xfeFO\
\xeb\xc2\x97@\xf9\x89\x9bG\x8f\xc2\xb3\x97\xd0\xb6\xaf\x1c\
\xac\x92k\xa9\xdf\x09k?~\x89\xccWv\xd7O3\
\xa75\x1f\xf7sL\xf9\xf5y\xec\xa5BH;\x8a\x9e\
\xf8o\xd4\xc7ZcCu\x0d\x9f\xf2\xb9Sh'\x1e\
5\xb4\xc9\xd3\x7fx\x08\x09\xe6\x80\x08U\x90s\xfb\x0c\
\x06v\xd4b\xf9F&\x11\xffm\x8b\x94\xa4\xdf\xf0#\
\xc8\xe1}\xfe\x8e+\x9d\x80\xca\xe9p\xf6\xd4%\xec\xa5\
\x22\xe5s\xbe\xcb\x97\x7fg\xcfO\x13\x99\x9a\xe7H}\
m5\xea\xbf\xe2\xb11\xd0\xfa\x01\x14\x9e\xb9\x14B\xff\
\x98\xe8\x8a\xff\x06\xe9\x03\x13\x0c\xdd5\xbd\xe95\xed:\
\xb1\xe8\x0d\xa0\xed\xd5$\xf6\x1fc\x845\xd1\xeb-$\
D\x01\x01\xe9{\xde\x83\xb1\xe3~\x7f\xc7\xd93\xe8\xc2\
\x93\xe1\xec\xa9[h(<}\xc1\xaf\xf6\xd8\xcaP\xbf\
\x18\xd2\x8e\xda\x22R\x06\xc0-\xc79\x0f\xf8\x1a\x8bh\
\xcf\xadQ>3\x17\xe0.\xa2/\xfe\x1bd\xef\xdcM\
\xe6\xc0\xe8\xa6\xd7\xec\x85Y\xdc\xd5 \x7f\x1f\xc1\xa3\xf3\
}:\xcch;`\x8e#'\xde\xd7\xeb]$D\x80\
\xd4\xe1\xbf\x87\xb9\xef]\xfe\x0eR%\xf4\xda\x17\x88s\
\xdc\x1f\xa0tj\x16{!\xef\xeb\x18\xad\xf9\xdd[~\
\x96H\xdd\xfc\x22e\x00\x00\x08\xad\xfe\x0b\xe0\xab\xe9\x7f\
\xfe\xb9K\xb8\xc5 jH\xe3#\xfe\x1b\xe4\xde|\x1b\
\xe9\x9d\x9bco\xc53'\x22\x1b\x0a\xd0N~[\xd7\
\xfd\xc7\x1as\x1c1\xfc\x1e\x90\xdb\xbckQ\x02\xe6\xee\
CX\xc7~\xd8\xdfAZ\xd5\xc4_\x85\x15\xb6\xed\x0e\
n\xb1J\xe1y\xdfm\xe9ma\xa8\xff;\x8c\xfdt\
B\xe4\x0c\x80\x9d\xc79\xa35\x9f\xf4s\x8c\xb6]\xf2\
Ow\x1aS\x8e\x9f\xf8o0\xfc\xb6\xa3\x98#\xd7\xbb\
ni\xdb\xa6|\xee\xe5\xb0v\xd7\x11\xc9\xd3\x7fLI\
\xc4?a\x1d9>E\xfa\xbe\x7f\xe9\xfb8]x\x12\
\xec+!\xec\xa8\xbb\xe4\xbfy\x1e\xed\xf8n\xbe\xf6\x07\
\xd3\x1f r}\x8e#g\x00\x00\x18\xa8\x9f\x07|\xfd\
\x86\xab\x97W\xa8\x5cXn\xf3\x8a\xf1\x15\x7f\x00\xa4`\
\xe4\xdbo\xc7\x18\xb8^\xd4a/\xcec/\xf9kN\
\x11:n\x11]^l\xbd.!Z$\xe2\x9f\xb0\x8e\
\xcc\xe5\xc8<\xf4\x93\xfe\xc6\xfb\x02TNA\xf9D8\
\x9b\xea\x22\x95\xf3\x8bT/\xf9\xce_r\xa5T\x1f\x0e\
c?\x9d\x12I\x03`\xc7qN\x01\x0f\xfb=.\xff\
\xcd\xf3(\xdb\xef\xc8\xe0\x98\x8b\xff:2e2\xfa\xae\
\xdb\x91\xe9\xeb_\xcc\xf2\xeb\xaf\xa1\xecb\x90;\xec\x08\
\x95?O\xbfN\xfc\xeb[\x12\xf1OXG\x0e\x0c\x90\
y\xe8\xffD\x98\x03\xfe\x0et\x16\xd0\xf9'\xc2\xd9T\
\x17QU\x87\xfc3\x17}\x1f\xa75\x9f\xd8\xf1\x01N\
\x86\xb0\xa5\x8e\x89\xa4\x01\x00\xa0\xa4\xfay|f\x8a\xa8\
\xb2M\xe1Y?O\xbd\xfd!\xfe\x1b\xc8l\x8a\x91o\
;\x864k\x7fV\xed:\x94_?A$D\xd7-\
\xa1K\xd1NNL\xb8\x89D\xfc\x13\xd6\x91\x99\x0c\x99\
\xb7\xfckD\xd6g\x05\x88*\xa2W?\x07\xda\xef\x83\
Y\xf4\xc8?s\x11U\xf6\xdd\xbf\xc7U\x86\xfa/a\
\xec'\x08\x22k\x00\xdc\xf2\x01^\x16B\xff\x99\xdf\xe3\
\xcag\xe6\xb1\xafzi.\xd1_\xe2\xbf\x819y\x80\
\x91\xf7\xbd\xff\xda\xf4@ge\x19{\xae\xf7qwU\
\xb8@$\x0c\x91\x04o$\xe2\x9f\xb0\x8eH\xa7H\xff\
\xbd\x1fG\x0c\xf8l\xbd\xae\x1d\xf4\xea\xdf\xc5\xbe\xd9\x0f\
\xd4\x86\xd0U\xce\xb6U\xbe\xff\xf0\xee\x0f\x10\xd9\xda\xec\
\xc8\x1a\x005\xf4\x7f\xa2\x0d\xd5X\xfb\xc69\xb4\xdb\xcc\
y\xd0\x9f\xe2\x8f5\x8d\x18\xfe.\xac[ng\xf4\xbd\
\xd7G\x08\x97\xce\x9fF\x95{Xw\xaf*\xe8R|\
\x87}l;\x12\xf1OXGX&\x99\x87~\x0c\x99\
\xf3\xd9atc\xc2\x9f\x13\x7f\xaf\x9fv\x15k\xdfh\
\xeb!J#\xd4\x7f\x0dz?A\x12i\x03`\xe7\x07\
y\x0e\xf4\xff\xf0{\x9c[\xa8P|\xb1Q\xb6i\x7f\
\x8b?\xa26\x1b\xc1\xdas\x8c\xd1\xf7\xbc\xbf61Q\
)J'_@\xab\xde\xb4\x9fV\x85K\xb5\xfe\xb4\x09\
\xd1'\x11\xff\x84u\x84i\x90y\xf0\x7fE\x8e\x1c\xf2\
}\xac.<\x09\xd5\xb3\xc1o\xaa\x07\x14^\xb8\x8c\x9b\
\xaf\xf8>N\x08\xfd\xa7\xd3\x1f\xe4\x85\x10\xb6\x14\x18\x91\
6\x00\x00\x10\xfa\x03\xf8\xac\x08\x00(\xbe:S\xa7Q\
\xc3\xf6\x10\xffk/\xef\xbd\x9d\x91\x7fP3\x02\xdcr\
\x89\xf2\xd9\x1ed\xe1j\x17]\xf27,#\xa1G$\
\xe2\x9f\xb0\x8e0\x0c2o\xfeQ\xe4\xc4\xed\xfe\x0f.\
=\x0f\xe5\x17\x83\xdfT\x0f\xb0\xe7\xf2\x94^k\xcb{\
\xe9*\xf4\xf1\x80\xb7\x138\x917\x00\xd6-\xa8?\xf0\
}\xa0\xd6\xac}\xf5\xec\x0d\x83\x1a\xb6\x97\xf8o\x90:\
p\x07#\xdf\xf5\xe3\x08)\xb0\x17\xe6\xb0\x17\xba\xdb\x83\
_\x97\xae\x82\x8a\x7f\x02P\xdf\x93\x88\x7f\xc2:\xc20\
H\xbf\xe9\x1f!'\xee\xf1\x7fp\xe5,\xba\xf0\xb5\xe0\
7\xd5\x03\xb4\xed\xb2\xf6\xd4Y\xd0m\xe4.i~w\
\xd7\x07\x89|\xddc,f\xc7\xce\x1d\xe7\x16W\xc8\x93\
\x80\xcf\xfa\x13\xc8\x1c\x98 \xf7\xe6\x83\xdbR\xfc\xaf#\
\xb1/\x9cb\xf93\xbf\x00\x0a\x06\xef|#2;\xda\
\xe2\x98 \xd0\xb8s\xdf\x00\xb7\xd4\x85k%\xdc\xcc\xca\
\xeb.\xa5\xd9pB/\xd3o\x0e{\x0cwB/\x10\
\xa6A\xfa\xc1\x7f\x821y\xaf\xff\x83\xed\xd9\xda\xbd\xad\
\x0f2\xfe\x01V\xbf\xfa:\x95\xf3m\xf5-\xc9\x1b\xa6\
:2\xf53D\xbe\xebQ\xe4=\x00\x00S\xc7\xb9\x8c\
\xe6\x97\xdb9\xb6|v\x01{yz\x1b\x8b?\x80\xc2\
\xdaw\x84\x91\xf7\xfe4\x08A\xf1\xd4\x0b\xe0\x86\x9f\x0f\
\xa0\xcb\xf3\x89\xf8'$\xc4\x04\x91\xb2\xc8<\xf4c\xed\
\x89\xbf\xb3\x88^\xfdl\xdf\x88\x7f\xe5\xdcb\xbb\xe2\x8f\
\x80\x8f\xc4A\xfc!&\x06\x00\x80\x91U\x1f\x02f\xda\
9v\xe5\xb1\xcf\xa3J\xf3\x01\xef\xc8'=\x13\xffu\
\xb4Cj\xefm\x8c\xbc\xefg\xd1v\x95\xd2\xd9\x17\x09\
\xbb,O\x17\x22\xd6\x890!!\xa1.\x22\x9d&\xf3\
\x96\x7f\x89\x1c?\xea\xff`w\x05\xbd\xfa7\xa0\xfd'\
\xcaE\x11\xb7X%\xff\xf4\x85v\x0f\x9f\x95\x19\xf5\xd1\
 \xf7\x13&\xb11\x00\xa6~\x8a5\x0d?\xdf\xce\xb1\
\xba\x5cf\xed\xf3\xff/(\xdf\xb9\x84\xc1\xd0k\xf1\xdf\
@WI\xed=\xc0\xe8\x0f\xfc\x02\xee\xda2\xd5\xab\xa7\
:\xdfO\xa3K\xd9+h{5\xb4\xf3'$$\x04\
C\xad\xc9\xcf\xfb\x91\xc3\xb7\xfa?\xd8-\xa0W\xfe\x06\
Tt:\x8ev\x84\x86\xfc\x93g\xdb\xe8(\xbb\x81\xf8\
\xd9\xa9\x9f\x226\x8d\x0fbc\x00\x00Lk\xf5[@\
[Sn*\xe7\xcfP~\xf9\xb3\x01\xef\xc8\x03Q\x11\
\xff\x0dt\x15kj\x9c\xb1\x1f\xf9m\xaasW\xf8\xff\
\xdb\xbb\xf3\xf8\xb8\xae\xf2\xe0\xe3\xbfs\xeel\xda-o\
\x92\xe5-\x8ecg\x0fda\xcb\x02I\x09\x01J\x80\
\x90\x05B!\x85\x02%-\xa4\x81B\xdb\xf0\xb2\xd8\x93\
\xa4\x0b{K\xf8\xd0\xbe\x14\x0a\xb4\xbc-4P(;\
\xa5\x04\x92\x10\x92\x00\xd9\xf7\xc4\x89\xf7X\x9bem#\
i\x96{\xcf\xf3\xfe1\x92\xa38^$\xcd\x9d\xb9\xb3\
<\xdf\xcfG\x1f\xc7\x8a\xe6\x9c\xc7\xb64\xcfs\xef=\
\xe79\xfe\xf0\xbcO\xb5\x9a\xdb4\x13\xf3o\x99\xa9\x94\
\xaa,\xdb\xdcL\xea\xec?\x9f\xff>\x7f(\x1e\xed;\
\xf6\xe3\xbah\xf43c\xf2\xe1^\xf2\x83\x0b\xfe\xf3<\
\xd6%\xc1W\xc3\x8c\xa7\xdcj\xaa\x000i|\x83\xf9\
\xc8B_?v\xcb\x8f\xf0\x87\x9e\x083\xa4\xc3\xab\xb6\
\xe4?Crx-\x86\xce+\xbeJ~`\x07n2\
\xe4\xe3y\x83)=\xf4G\xa9*g\xdb\xdaH\x9d\xfd\
\x97\x98\xe6\xee\xf9\xbf\xd8e\x91\xd1\x1fA\xb0\xd0\x03\xd8\
\xaaOa\xdf\x04\x13\x8f,\xfc\xd1\xbd`\xfe\xc2\xa4\xe7\
w\x94}\xd4j\xaa\x00\x00\xe8\xda\x1c|W0\xb7-\
\xe8\xc5\xe2\x18\xfb\x9f\xaf!\x85\x03\xfb\x03\x94A\xb5&\
\xff\x19\x92\xc5K\xe6Yt\xc57)\x0c\xf5!~\x08\
qNs\x13\xbb\xd1\xb6\xbfJU/\xbbx\x19\xa9\xb3\
?\x84I-\x9e\xff\x8b]\xbe\xb8\xe0/\x08\xf9\xc2!\
B\xe2;\xc6\xef\xd8\xbe\xb0-\x7f\x00\x98[Vl\x0e\
~\x14bH\x15Qs\x05\x00\x00\x12|\x90\x05f\x18\
\x7fx\x1f\x13w\xfe{\x09\xff\xd0s\x99\xa4\xca\x93\xff\
\x0c\xc9b\xed>:\xfe\xe0?p\xf9\x00\x09c\x8d\x84\
\xf8\xda\xf6W\xa9*\x16[\xb9\x9e\xa6\x97|\x18\x13o\
\x9d\xff\x8b]\xbe\xb8\xe0\xaf\x0eZ\xfc\xce6~\xf7\x0e\
\x82\xcc\x82\xdf\xaf\xc5I\xf0\x17a\xc6S)5Y\x00\
\xacH\xf3[\x03\xdf^\xe8\xeb'\x1f\xb8\x97\xdc\x937\
\x85\x19\xd23j%\xf9\xcfp\x93P\xd8N\xcb\xab?\
\x8d\xb7tC\xc9\x9d!d\xb2\x0f$\xa2\xc5\x96J\xa9\
\xc3\x8a\x1f}\x06\xc9\xd3\xaf\x06o\x01o\xfd.W|\
\xe6\xef\xd7W\x81\x9f}r\x90\xdc\xf6\x12\x1eY\x0a\xdf\
\xe8IsWx\x11UNM\x16\x00\x00\xbe\xe7>\x08\
,\xf8^\xfe\xd8M\xdf\xc5\xdf\x17\xf2z\x80ZK\xfe\
3\xdc$\xe4\x9e$q\xf2\xdb\x88\xad\x7fEIE\x80\
\xd3\xb6\xbfJU\x1fkI>\xffB\x12']\xb1\xb0\
\xd7\xbbId\xf4\x07uw\xe5_\x18\x9a s\xef\x82\
\xb7\xfc\x01\x8c\xc7b\xee\xaf\xc2\x8a\xa7\xd2j\xb6\x00X\
\xf9Qv\x09\x5c\xb7\xd0\xd7K\x100\xf6\xa3\x7fAr\
!\x9d\x92W\xab\xc9\x7f\x86\x9b\x84\xec\xe3\xc4z\xce$\
~\xe2\x9b\xc1\xce\xff[Cr\xfb\xc0\xaf\x93\xed@J\
\xd5\x09\x13\x8b\x91z\xd1\x1f\x12[\xf3\x8a\x85\x0d\x10d\
\x8a\xc9\xbf\x8e\x9e\xf9\x03\xb8l\x81\xf1\xdb\xb7\x22\xae\xa4\
\xc7\xc1\x1f[\xfaQj\xb6\xe1I\xcd\x16\x00\x00\xdd\xe2\
\xfe\x1e\xb8\x7f\xa1\xaf\xf7\xc7F\x19\xfb\xc5\xbf\x94\xde\x1f\
\xa0\xd6\x93\xff\x0c\xc9A\xee\x09\xbc\xc5\xc7\x908\xf5\xdd\
\x98\xf8\xfcb\x90\xc9\xf2l)TJ-\x8cmn&\
u\xce\xfb\xf1\x96\x9d\xba\xb0\x01\x82Qd\xf4\xfb\x10\xd4\
YO\x0f\x11\xc6\xee\xd8J0\x99/e\x94\x07\xbb\xc4\
}!\xac\x90\xa2P\xd3\x05\x80I\xe3[qWQ\xc2\
\x92\xf3\xdc\xd6'\x98\xbcw\xc1\xcb\x09\xea'\xf9\xcf\x90\
<\xe4\x9e\xc06/&\xf1\x82\xbf\xc0\xb6/\x9f\xdb\xeb\
\x82,\x92\xab\xaf+\x04\xa5j\x99\xb7t\x05\xa9\x97}\
da{\xfc\x01\xfc\x11d\xf4\x87\xe0&\xc2\x0d\xac\x0a\
d\xee\x7f\x9a\xc2@I\xbb\xc1\x9c1\xee\xcaZ\xdb\xf6\
w\xa0\x9a.\x00\x00\x96\xa7\xb9\x0d\xa1\xa4\xe6\x0b\x99;\
\x7fI~\xe7\x1d\xf3\x7fa\xbd%\xff\x19\xe2Cn\x0b\
\xc6\x13\x12\xa7^Ml\xf5\x19`\x0e\xbf0\xc0M\xf6\
\xa2[\xff\x94\xaa\x02\xc6\x10\xdf\xf0BRg^\xb3\xb0\
\x95\xfeP<\xd8g\xf4\xfb\xf5\xd3\xe1o\x96\xfc\xee\x11\
\xa6\x1e_PW\xf9\xd9\xbe\xd4\xb5\x89\x05$\x8d\xeaR\
\xf3\x05\x00@\x01\xf7\x97@I\xabSF\x7f\xf2\xff\x08\
F\xe6\xd1\x1a\xb7^\x93\xff~\x0erOB0J|\
\xfd\xc5\xc4\x8f\x7f\x03\xc6\x8b\x1d\xf2ke\xaa\xe4\x1f(\
\xa5T\x89L<F\xea\x05o$q\xfc[X\xf0j\
\xde\xdc\xf6\xe9S\xfd\xea\xa3\xb7\xffl\xfex\x96\xb1\xdf\
n/u\x98!'\xee\xa3!\x84\x13\xb9\x9a8\x0ex\
.\xfa\xae\xf5\xde\x09\xf2\xe5R\xc6\x88/\xea`\xd1\xa5\
\xd7`\x92Gh\x8eQ\xf7\xc9\x7f6\x03\x89\xd5\x98\xd8\
2\xdcD/\x85\x07\xbf\x86\xcb>\xbbU\xa6L\xf5\xe3\
F\x1f\x8f(>\xa5\x14\x80mm#\xf5\xa2?\xc5\xb4\
\xac\x5c\xf8 S\x0f#\x13wP\x8fw\xf3\xc4\x0f\x18\
\xf9\xdf\xc7\xf1\xc7J;\xa1T0o_\xb19\xf8\xd7\
\x90\xc2\x8aT\xdd\x14\x00\x22\x98\xfe\xeb\xbc_\x82\xbc\xac\
\x94qR\x1b\xd6\xd3~\xfe\xfb\xc0&\x0e\xfe\x05\x0d\x95\
\xfcg\x89-\x87\xf8*\x08\xf2\x14\x1e\xfb:\xc1\xde\xad\
\xfb\xff\x97\x1b\xbaO\x0f\xfeQ*B\xb1\x95\xebH>\
\xff=\xe0\x1d\xe2}\xebHD\x8a\x89?\xfbp\xb8\x81\
U\x0b\x81\xd1\xdb\x9f\x22\xbf\xbb\xb4\xd6\xc5\x82\xb9\xad{\
S\xf0Rc\xea\xa3B\xaa\x8bG\x00\x00\xc6 Hp\
\x15P\xd2A\xf7\xd9-O1y\xf7\x7f\x1c\xbcS`\
\xa3&\x7f(6\xff\xc8?\x05^\x8c\xc4I\xef\x22v\
\xd49\x18k\x11?\xa3\xc9_\xa9\x88\x18\xcf#y\xf2\
+I\x9e\xfe\xfe\x12\x92\xbf\x8f\x8c\xff\xac~\x93?0\
\xf1\xc0\xd3%'\x7f\xc0\xb7\x12\xbc\xb7^\x92?\x80\x17\
u\x00a\xfa\xf4\xcd\x0c|\xf0<\xd3a\xe0\xccR\xc6\
\xc9?\xbd\x9b\xd8\xa2$\xb1%\xeb\x9f\xf9d#'\xff\
\x19\x92\x037\x0a\xb6\x1d\xaf\xf38\xcc\x92\x8dH\xff\x1d\
\xb8\x8cn\xffS\xaa\xd2\xbc\xb6v\x92/\xfeS\xbc\xee\
\x17,|\x107Yl\xed[X\xf8!8\xd5.\xbb\
u/\x13\x0f\x94\xbeU\xdf\xc0\xa7\xba\xd2\xf2\xef!\x84\
T5\xea\xe6\x0e\xc0\x0c\xd3\xec6\x03O\x95:\xce\xe8\
\xcf\xbf\x8b\xdfw_\xf17\x9a\xfc\x9f\xe1\xa6 \xf7\x18\
\x12\x8c\xe3\xb5\xae\x22y\xf6\xa7\x88\x9ft9\xd8\xba\xaa\
%\x95\xaa^\xc6\x90X{2\xa9\x97n\xc6\xb6\x1f\xb5\
\xf0q\xfc!d\xe4{u\xd7\xddo\xb6B\xef\x18\xe3\
w\xed\x0cc\xa8-\x81\xb8\x057\x9e\xabVu\xb3\x06\
`\xb6\xfe4g\x8a\xb1\xb7R\xe2\x1d\x0e\x93H\xb1\xf8\
\xe2wb\xcd}\x9a\xfc\x9f\xc3@b\x15&V\xec\x13\
\xe0\x0f\xdeE\xfe\xce\xbf\xc1M\xd4\xef\x9b\x89RQ3\
\xc9$\xc9S\xdf\x88\xb7\xfc\x8c\xd2\x06\xca=\x85d~\
\x05R\xd2\x13\xd3\xaa\xe6\x8fN1r\xd3\xe3H\xa1\xe4\
\xb3I\x9c3\xee\xdc\x9eM\xfc*\x8c\xb8\xaaI]\x16\
\x00\x00\xbdi\xfb)c(\xf9\x84&\xdb\x94`\xd1\xf9\
\xc7\xe25/\xf0\xf9\xda\x8c\xbaJ\xfe\xb3\xc4\x96B|\
\x0d\xc6\x18\x5ca\x8c\xc2=\x9f\xa6\xb0\xed\x17QG\xa5\
T\xdd\xf1\x96\xad$y\xfa{0\x89\x05\xee\xed\x87\xe2\
b\xbf\xc9\xbb`\xea\xbe\xf0\x02\xabBn\xaa\xc0\xc8\xcf\
\x1f+\xb5\xd3_\x91\xf0\xf1\xee\xb4\xfb?\xa5\x0fT}\
\xea\xb6\x00\xd8r\x03\xc9\xb6a{\x17pR\xa9c\xc5\
:\x9bY\xf4{\xc7bb\x0b|bR\xaf\xc9\x7f\x86\
\xd7\x0e\x89u\x18S\xec\x13P\xd8\xf6\xdf\xe4\xef\xfdG\
$_\x7fMD\x94\xaa4\x13\x8f\x918\xe1\x02bk\
_Y\xda@n\x12\x19\xbf\x09\x0a\xf5}`\x97\xf8\x01\
#\xbfx\x02\x7f8\x94\xf7\x9fG\xa6\xc4\x9d\xbe.M\
\x08\xb7\x80\xabO\xdd\x16\x00\x00\x03\xd7q\xaa\x13\xfb\x1b\
\xa0\xe4\xcc\x9bX\xd1N\xc79\xc7\x1c\xb1#\xdes\xd4\
{\xf2\x9fa\x12\x908\x0a\xe3\xb5\x01\xe0\xb2C\xe4\xef\
\xfe\x14\xfe\xae\xdb\x22\x0eL\xa9\xda\xe5-\xeb!y\xea\
;1\xa9\xa5\xa5\x0dT\xe8G\xc6\x7f^\x97\x9d\xfd\x9e\
E\x84\xd1\xdb\x9e\x22\xbf'\x94C\xde|'\xee%\xb5\
z\xd4\xef\x5c\xd4\xf5\xca\xadO\xfd\x92\xbe\x0f\x9ekb\
\xc6PRo\x00\x80 \x93\xc3e\x0b${\x16\xcd\xfd\
E\x8d\x92\xfc\x01\x08 \xd8\x07\x18\xb0-\xd8x3\xb1\
5\xe7c\x17\xad&\x18|\x10\xfc\xd2\x9ao(\xd5H\
L\x22A\xf2y\xaf#q\xe2[1\xb1\xe6\xd2\x06\x9b\
z\x18\x19\xffE\xf1\x9c\x8f:\x97\xb9g\x17\xb9\x1d\xfb\
B\x19\xcb@zEZ\xbe\x19\xca`U\xaa\xae\xef\x00\
\x00H\x9aX\xbf\xf1n\x07)a\xaf\xcc3Z\x9e\xb7\
\x8a\xe6\xe3\xba\x8e\xfc\x85\x0d\x95\xfc\x0f\xe0\xb5\x17\xef\x06\
L\xff\xd9\xa5\x90\xa1\xf0\xe0\x17\xc8o\xf9\x11\x88\x8b8\
8\xa5\xaa\x98\x81X\xcfz\x12\xa7\xbcc\xe1}\xfcg\
\xb8<2q\x1b\xe4J\xde\x14U\x13&\x1f\xed\x0be\
\xbb\x1f\x80\x81{\x96w\xbb\x17\x9b+K\xeb+S\xed\
\xea\xbe\x00\x00\xd8s=\xc7[g\xef\x01Ra\x8c\xd7\
v\xc6\x1aR\xeb\x97\x1d\xfa\x0b\x1a9\xf9\xcf0\xb1\xe9\
G\x02\x1d\xfb?\xe5\x0f\xdcE\xfew\x9f\xc4\x8dk\xdf\
\x00\xa5\x0ed[\x9aI\x9c\xf2&\xbce\xcf/}\xb0\
\xc2\x00\x92\xf9\x05\x04\xe3G\xfe\xda:0\xf5\xe4 \x99\
\xbbC\xd9\xee\x07\x90C\xdc\x19\xddi\x1e\x0ak\xc0j\
U\xd7\x8f\x00f|\xe6\x97\xec\xfd\xe0y\xc67p~\
\x18\xe3\xe5\xf7\x8c\xe25'\x88u\x1e\xe4\xd6\x9c&\xff\
in\xfa\x91\x00`[1\xc6`[z\x88\xad\x7f=\
\x90\xc3\xed{\x02\xa4\xe4\xed9J\xd5<c-\xf1\xf5\
\xa7\x91:\xe3jlk\x09}\xfc\x01\xc4\x15W\xf9g\
~U\x97\x87\xf9\x1cLn\xfb>\xc6\xef\xda\x11\xdax\
\xc6pM\xf7f\xf9^h\x03V\xb1\x86\xb8\x03\x00 \
il\x9f\xf1n6\xc89\xa1\x0ch\x0c\xed/YG\
ru\xe73\x9f\xd3\xe4\x7fp\xb6\xb5\xb8K`\xd6\xf9\
\x0anb\x0f\xf9\xfb>\x87\xbf\xebv\xea\xf1\xe0\x11\xa5\
\xe6\xc2[\xb6\x92\xe4)o)\xed\x00\x9f\x19\xc1X\xf1\
Y\x7f\x1d7\xf69P~\xf7\x08\xa3\xb7o=x\xeb\
\xf6\x051\xbf\xee:>x\x99y#\x0dqu\xd20\
\x05\x00@\xff\xf5\xac\x17g\xef\x06:\x8e\xf8\xc5s`\
\xac\xa1\xfd\xac\xf5$z:4\xf9\x1f\x89\xf1 \xbe\x12\
\xbc\xa5\x98Y;)\x82\xc1\xbb\xc8\xdf\xfby\x82}\x8d\
\xf1\x9cR)\x00\xdb\xd6F\xe2\xa4\x8b\xf1\x96\x9d\x16\xce\
\x80\xd9'\x90\x89\xdb\xeb\xba\xb1\xcf\x81\x0a}c\x8c\xfe\
\xeaI\xc4\x85v\x011\x82u\xa7u\x7f\x8cma\x0d\
X\xed\x1a\xaa\x00\x00\xe8M{\x97\x1a#\xdf\x0ak<\
\xe3Y:\xce?\x93\xc4\xfa\xcb\x8b\xcf\xbd\xd5\xe1ym\
\x10_\x8b\xb1\xc9\xfd\x9f\x12q\xf8;~@\xfe\xfe\x7f\
A\xa6\xc2Y\xc1\xabT52\x89\x04\xf1c\xce&~\
\xf4\xeb\xc0\x86\xf0\xf6\xeb\xb2H\xe66\xc87L\xce\x02\
\xa0\xb07\xc3\xe8\xcd[\x90 \xb4E\xc5b\xc4\x5c\xda\
\x95\x0e\xbe\x13\xd6\x80\xb5\xa0\xe1\x0a\x00\x80\xbe\xb4\xfd<\
\x86\xab\xc2\x1a\xcf\xc4\x93,\xbe\xe4\xfdxK\xd6\x855\
d\x9d\xb3\x10_\x01\xb1\xaeg\xdd\x0dp\x85\x0c\x85G\
\xbeB\xe1\xf1\xef\x82k\x9c+\x19\xd5\x00\x8c!\xb6\xea\
X\x12']Q\xfa\xea\xfe\x19\xb9\xad\xc5\xab~\xd7X\
[l\x0bC\x13\xc5\xe4\xef\x87z\x97\xfe\xef\xbb7\xbb\
\x0f\x849`-h\xc8\x02@\xbeH\xbc\xbf\xcf\xbb\x15\
\xe4\xc5a\x8di\x92)\x16_\xfa~\xbcEG\x855\
d\xfd\xb3m\x90x\xf6\xdd\x00\x00\x97\xd9M\xe1\xa1/\
R\xd8y+\xb8\x86x\x14\xa7\xea\x951\xc4z\xd6\x91\
8\xf62LkO8c\x06\xe3\xc5\xab\xfe\xc2\xeep\
\xc6\xab!\xfe\xc8$\xa3\xbf\xdc\x82\xcb\xfb!\x8ej~\
7$\xc1\xd9'\xa6\xa9\xffF\x09\x07h\xc8\x02\x00`\
\xcf_\xb3\xd6\x06\xf6\x1e`qXc\xda\xa6&:/\
y?^\xc7\xda\xb0\x86l\x00\x07\xbf\x1b\x00\xe0\xc6w\
Rx\xe4K\x14v\xdc\x02N\xfb\x07\xa8\x1ab\xc0[\
\xba\x92\xc4\x89\x97a\xdbC\xba3(\x14O\xe2\x9c\xb8\
\xb3\xa1\x9e\xf5\xcf\x08\xc6\xb3\x8c\xfc\xe2\x09\x5c6\xd4?\
{\xc3=\xf7\x9f\xada\x0b\x00\x80\xbek\xbd\xd7\x82|\
\x8f\x10\xff\x1elS3\x9d\x17_\xadw\x02\xe6\xcb\xb6\
Bb5\xc6>wke0\xf2\x18\x85\x87\xbf\x8a\xbf\
\xfb\x0em$\xa4\xaa\xdbL\xe2?\xe1Rl\xc7\xd1\xe1\
\x8d\xeb\x0f\x15O\xefk\xa0\x15\xfe\xb3\xf9cS\x8c\xde\
\xbc\x057\x15j\xf2\x17\x83\xb9\xa4ks\xf0\xdd0\x07\
\xad%\x0d]\x00\x00\xf4\xa5\xed\xe70\x5c\x1d\xe6\x986\
\xd9D\xe7%W\xe3u\xea\x9a\x80\xf91\xd3\xa7\x0b\xf6\
\xec?Xh\xb6`\xe4Q\x0a\x0f~\x09\xff\xe9\xdf\xa1\
[\x07U\xb5\xf1\x96t\x918\xfeb\xec\xe2\xe3\xc2\x1b\
T|d\xf2^\x98z\x00h\xcc\xe2\xb70<\xc1\xd8\
-O\xe2ra\xde\xf6\x07\x81\xcf\xac\xd8\xecJ>1\
\xb6\x965|\x010\xbd\x1e\xe0\x16\x90\x97\x849\xaeI\
$Y|\xf1\xfb\xf0\x96\x84x\x15\xd0(L\x0c\xe2=\
\xcf\xd928#\xd8\xfb \xf9\x87>K\xd0\xffd\x88\
\xfb\x7f\x95Z\x00c\xf0\x96\xaf\x22\xb1\xe15\xd8\xc5\xc7\
\x877\xae\x00\xb9'\x90\xc9\xdf\xd5\xff\x01>\x87Q\x18\
\xcc\x14\xb7\xfa\x15\xc2^\x0bd~;$\xc19\x8d\xf8\
\xdc\x7f\xb6\x86/\x00\x00\xf6\xa4Yc\x8d\xbd\x97\x10\xd7\
\x03\x00\xd8D\x8a\xce\x8b\xde\x8b\xb7lC\x98\xc36\x0e\
\x93*>\x16\xf0\xda\x9f\xf9\x9c\x08\x92\xdf\x0a\xc1\x082\
\xd1Ga\xeb\x0f\xf0w=\x1a\xf6\x8a`\xa5\x0e\xcbx\
\x1e^\xcfz\x12\x1b/\x0a\xa7\x89\xcfl\x85Ad\xe2\
\x0e\xf0\xfb\xc3\x1d\xb7\xc6\x14\x06\xc6\x8b\xc9\xdf\x0f\xf7\xce\
\x87\x81a'\xee\xb4\x15i\xb6\x87:p\x0d\xd2\x02`\
Z\x7f\xda\xbbH\x8c|\x87\x90\xffN\x8c\x17\xa3\xf3u\
\x7fB\xac\xe7\xa40\x87m,^'\xc4WaL|\
\x7f\xf2\x9fM\xf2#\xf8[\x7f@a\xc7\x03H\xae\xa1\
\x0bzUf&\x11'\xb6\xead\xe2\x1b\xdf\x80I\xb4\
\x1f\xf9\x05\xf3\x11L \x93\xbf\x9d>\xbc\xa7\xb1\xefl\
\xe5\xf7\x8c2v\xfb\xd60\xf7\xf9\xcf\x100\xaf\xef\xde\
\x1c\xfc \xec\x81k\x91\x16\x00\xb3\xf4^k\xaf3\xf0\
\xb1\xd0\x07\xb6\x1e\x9d\xbf\xffv\xe2kC9\x90\xb01\
\x09P\xd8\x03\xf1\xe5\x87n\xb8\x14\xe4\xf1w\xdf\x84\xbf\
\xedv\x82\xb1\xb1\x8a\x86\xa7\xea\x9bmm!\xb6\xe6E\
\xc4\xd7\xbd\x1a\xbc\xc4\x91_0\x1f\xe2\xc3\xd4\x03\xc8\xd4\
\xfd\xc5\xffnp\xb9\x9d\xc3\x8c\xdd\xb9\xad,\x8f\xf7\x8c\
as\xd7&w]\xe8\x03\xd7(-\x00f\x11\xc1\xf4\
_g\xbf\x01\xbc)\xf4\xc1\x8de\xd1\xab\xdeL\xe2\xe8\
p\x8e\xc3\xa9\xb09\x00\x00\x19\x1dIDAT\x22h\
(\xe2\x90\xf1\x9b \xbf\x1dl\x13\xa6\xe9\x14H\x9dp\
\xd8\xce\x8b\xc1\xc0\xdd\x14\xb6\xddL0\xb8[\xb7\x10\xaa\
\x85\xb1\x16o\xd9*\xe2\xeb^\x86\xb7\xfc\x8c\xf0\xc7\x17\
\x07\xd9\xc7\x90\xa9\xfb\xc0M\x84?~\x0d\xca>\xb5\x97\
\xf1\xbbw\x94\xe5\x06\x88 \xff\xd5\xbdI.3\xa6\xc1\
o\xaf\xcc\xa2\x05\xc0\x01v}\x96\xa6\xf8\xb8w\x0bH\
Y.\xd7;^~1\xc9\xe3.(\xc7\xd0\xf5iv\
\xf2\x9f\xcd6aR'C\xd3I\xc5s\x06\x0e\xf5\xf2\
\xdc\x18\xfe\xae\x9f\xe3\xef\xbc\x0b\x97\xd17Yud\xb6\
\xb9\x19o\xe5\x09\xc4\x8f\xbe\x10\x93\xec<\xf2\x0b\xe6K\
\x04rO\x22S\xf7@\xa0w\xaafLm\x19$s\
OhG\xfa>\x8b\xc0\xbd\x22\xee\xec\x9e4\x8d\xbb\xa2\
\xf2 \xb4\x008\x88\xc14=\x81\xb1\xbf\x05B^\xdd\
S\xd4\xfa\xe2W\xd0|\xda%\xfa\xb7\x7f$\x87J\xfe\
\xb3\xd96L\xf3\xa9\x90\xdc\x08\x07\xd91\xf0\xccX\xe0\
\x86\xee\xa1\xb0\xfd\x16\x82\xfe]H\xa0\x8b\x06\xd53\x8c\
\xe7a\x97\xad\x22\xbe\xe6l\xbc\xee\x17\x96g\x12M\xfc\
\x874\xf9P/\x13\x0f\xef)\xd7\xf0}\xbe\xb8\x17\xac\
J\xd3x\xad\x13\x8f@S\xd0!\xecIs\x865\xf6\
V\xa0\xa9\x1c\xe37\x9f\xfcBZ\xce\xba\x02\xe3\xe9\xe9\
\x81\x075\x97\xe4?\x9b\xd7\x81i>\x0d\x12\xc7\x1c\xf1\
\xbbZ\x0a\x19\xfc\x9d\xbf\xc0\xdfs\x1fnd\x9fn%\
lT\xc6`;\x16\x13[y\x0a\xb15\xaf\xc0\xc4[\
\xca3\x8f\x00\xf9\xad\xc8\xe4=\x10\x0c\x97g\x8e\x1a%\
N\x18\xff\xcdvr;\xcbv\x08X\x16\xe3\xce\xed\xde\
\xc4o\xca5A-\xd3\x02\xe00\xfa\xaf\xf5\xae\x10\xe4\
\xdf\xca5~r\xedF\xda/\xf8\x13L\xe2\xb9\xdd\xef\
\x1a\xda|\x93\xffl^gq\x8d@r\xfda\x1f\x0d\
\xec\x9f*\xb7\x8f`\xf7-\xf8}\x0f\x12\xec\xd3b\xa0\
\xee\x19\xf0\xda\x16\xe1\xf5\x9cHl\xd5y\x98\xe6e\xe5\
\x9bK\x1c\xe4\x9eB\xb2\x0f\x80\xaf\xa7\x5c\x1e\xc8\xe5}\
\xc6\x7f\xbd\x95\xfc\xc0x\xb9\xa6\x10\x8cyk\xf7\xa6\xe0\
?\xca5A\xad\xd3\x02\xe0\x08\xfa\xaf\xb5\x1f\x17\xb8\xa6\
\x5c\xe3\xc7\x96v\xb1\xe8\xc2?\xc3\xb6,-\xd7\x14\xb5\
\xa5\x94\xe4?\x9bm\xc6\xa4N\x84\xd4q`Ss\x9b\
zb7\xfe\xee[\x08z\x1f'\x18\x1b-m~U\
Ulsk\xf1\xb9\xfe\xda\x97c\x9a\xbb\xcb;\x99\xcb\
\x17{\xf6O=\xa4\x8b\xfb\x0e!\xc8\xe4\x18\xbb\xf5I\
\xfc\xf1l\xf9&\x11\xfe\xba;\xed\xc2\xdf\xd5UG\xb4\
\x008\x02Ic\xfb\x8d\xf9\x0e\x98\xd7\x97k\x0e\xaf\xb9\
\x8d\x8e\xd7\xbf\x87\xd8\xe2\x06o\x1d\x1cV\xf2\x9f\xcd\xc4\
 \xb9\x11\xd3t\x12x\x1ds\x0fe\xe2i\xfc\xdd\xbf\
\xc2\xef\xdf\x82\x1b\x1d\xd2;\x03\xb5\xc6\xda\xe2\xed\xfde\
\xc7\x10[\xfd\xd2\xf0\x9b\xf5\x1cL0\x81d\x1f\x84\xec\
\xe3 \xda\x8f\xe2P\x0aC\x19\xc6~\xf5T\xe8\xad}\
\x9f\xc5\xc8\x7fw9\xb9\xc4\xa4\x1b\xb4\x7f\xf2\x1ci\x01\
0\x07\x03iZ\x9d\xb1\xbf\x06N)\xd7\x1c\xc6\x8b\xb1\
\xe8\xc2w\x11_\xf5\xfcrMQ\xdd\xca\x91\xfc\x9f\xc5\
@bM\xf1\xae@b\x9e\xc9\xc0\x9f$\x18\xbc\x97`\
\xe0A\x82\x81\xed\xb8\xa9\xc6:\x7f\xbdV\xd8T\x0a\xbb\
d\x05\xde\xb2\xe3\xf1V\x9c\x89\x89\xb7Ufb\x7f\x08\
\x99zp\xba\x81\x8f\xe6\x9b\xc3\xc9\xef\x1ea\xec\xcem\
\xe5h\xf03\xdb\xfdV\xdc\xd9\xcb\xd3d\xca9I=\
\xd0\x02`\x8e\xa6\x8f\x0f\xfe5e\xda\x19Pdh?\
\xef2R\xc7\xff^c\xfd\xcb\x94=\xf9\x1f \xb6\xac\
X\x08$\xd7\x1d\xb6\x97\xc0A\x09\xb8\xf1-\x04\xfd\xf7\
\x10\x0cl!\x18\x1e\xd2>\x03Q\x99\xbe\xca\xf7\x96\x1e\
M\xac\xeb\xb4p{\xf1\x1f\x89\xf8\x90\xdb\x8a\xe4\x1e\x87\
B_\xe5\xe6\xadaS[\x06\xc8\xdc\xbb\xab\xdcM\x0e\
w\x05\x9e;k\xe5G\xd9U\xd6Y\xeaD#\xa5\x99\
\x92\xf5^\xc7\x89F\xec\xad\x84|f\xc0\x81ZN?\
\x87\x96\x17\xbe\x11l\x03\xec\x10\xa8t\xf2\x9f\xcd$ \
\xb1\x16\x93\xdc0\xff\xbb\x023\x9c\xc5e}\x82\xc1\x07\
q{\x1f\x22\xd8\xfb0\x92\xd3\xe7\xbe\xe5`<\x0f\xd3\
\xbe\x08\xafs5\xde\x92\x8dx\xcbO\x07on\xeb;\
B\xe3\x8f \xb9-\x90}\x14$W\xd9\xb9k\x948\
!s\xcfN\xb2O\xed-\xf7TC\xce\xbasz>\
\xc6\xa3\xe5\x9e\xa8^h\x010O}\xd7\xf1\x22\xc4\xde\
\x04\x94i\xcfPQr\xcdz\xda_\xf1\xc7\x98\xd4\xa2\
rN\x13\xad(\x93\xff\x81\xbcNL\xeaXHn\x98\
\xf3\xa2AL\x02\x93\xdc\x086\xb9\xffS\x22\x82\x1b\xdf\
\x8a\x1b\xb8\x1b7\xf4\x00\xc1\xde\xc7q\xe3}4zo\
\xf7\x850\x89\x04\xb6c9\xde\x92uxKO\xc4.\
:\x0el\x04oYR(\xee\xdf\xcf>\x0e\xfe`\xe5\
\xe7\xafan\xaa\xc0\xd8\xed[)\xec-\xfb\xdd\xf8I\
c\xdc\x05]\x9b\xf8u\xb9'\xaa'Z\x00,@\xef\
\xb5\xdek\x0c\xf2]\xa0\xac\x97\xe8^k;\x8b^s\
%\xde\xd2\xf5\xe5\x9c&\x1a\xd5\x94\xfc\x9f\xc5N\xaf\x15\
8\x16\xe2\xab\x0f\xdd\x5c\xe8 \xc9\xffP\xdc\xd4^\xdc\
\xbe\x87\x08\x86\x9f@\xc6\xb6\xe2Fw\xe0\xc6{\xc1i\
\xdfw\xa0\xb8\x1f\xbf\xa5\x05\xd3\xba\x04\xdb\xb6\x1c\xaf\xe3\
(\xec\xe2\xe30\xa9\x08w\xc6\x88@a\x0f\x92{\x12\
\xf2\xdb\x8aE\x80\x9a\x97\xfc\xe08\xe3\xb7o\xc3e\xcb\
\xfewW\x10\xcc\xebWl\x0e~R\xee\x89\xea\x8d\x16\
\x00\x0b\xd4\x7f\xad\xf7\x96\xe9\x1e\x01\xb6\xac\x13Y\x8f\xf6\
\xf3.%u\xdcye\x9d\xa6\xa2\xaa6\xf9\x1f\xc06\
C\xf2hLb\x1d\xc4\xba\x9f\xf9i\x99G\xf2?\x14\
\x09\x0a\xb8\xb1-\xb8\x91'\x90\x91-\xb8\xd1\xed\xb8\xf1\
=\xb8\xa9\xe1\xfa-\x0c\x8c\xc1\xa6R\x98\xe66l\xdb\
rl\xc7jl\xc7zl\xdb\xd1\xe0\x1d\xb9gC\xd9\
\x89\x80\xdf\x87\xe4\x9e*~o:]\xec\xb9P\xd9\xad\
{\x19\xbfkg%v\xcf\x88\x18\xf3\x8e\x15\x9b\x82\xaf\
\x95{\xa2z\xa4\x05@\x09z\xaf\xb3W\x19\xe1\xf3\x95\
\x98\xab\xf9yg\xd1\xf2\x92\xcbk\xbfs`\xad$\xff\
\x03\xd9\xe6\xe2\x9d\x81\xe4\xf1\xd0\xf62\xcc\x5c\x1f\x13,\
\x80\xcb\x0f#c\xdbq\x99]\xb8\x89\xdd\x90\xe9\xc5e\
\xfa\x91\xc9\x01\xdc\xd4\xbe\xaa^thb\x1e&\xd5\x82\
ij\xc7k\xee\x84\x96\xa5\xd8\x96nL\xebJl\xcb\
J\xb0\xe5\xad\x97\xe7M\x00\xbf\x1f\xc9m\x85\xfcVp\
\xda*\xbe\x14\x1282w\xed$\xbb}\xa8\x22\xf3\x19\
\xc3\x07\xbb6\xb9\xcfVd\xb2:\xa4\x05@\x89\xfa\xd3\
\xf6\x13b\xf8\xabJ\xcc\x95X\xb9\x9e\xf6\x0b\xde\x85m\
.\xc3\x01%\x95P\xab\xc9\x7f\x86m\xc5t\x5c\x08\xb1\
\xcebO\x01o\x11\xd8v\x8c\xa9`R\x13\x87\x9b\x1a\
B2\xf7#\x93O!\xf91$;\x86\x14\xc6\x8b\x8b\
\x0f\x0bSHa\x12\xf1\x03\xf0\xa7\xf7\xa2;\x07\xaex\
\xf6\x81\xf8\x85\xfd\xcb\x11f\xceC03W\xdf\xc6`\
b\xd3\xbb\x22\xac\xf7L\xb2\x8e%0\xb1\x18&\xde\x04\
\xf1&L\xb2\x15\x13o\xc5$\xdb0\xc9\x0eLrQ\
\xf1#\xb1\xb8\xfa\x12\xfc\xc1H\x00\x85>\xa4\xb0\x13r\
\xdb\xb4YOH\x82L\x8e\xb1\xdb\x9e\xc2\x1f\xad\xd8\x9d\
\x93\xbf\xeb\xde\xec>\x5c\xa9\xc9\xea\x91\x16\x00%\x9a>\
B\xf8K\xc0;+1\x9fM5\xb3\xe8\xd5\x7fD\xac\
\xe7\xe4JL\x17\x9ezI\xfe\xde\x81{\xcb\xedt1\
\xd0^<\x98\xa8\x84\xc7\x02s\x22\x14\x13\x97.F\x9b\
\x9f`\x0c\xf2\xbb\x91\xc2.(\xec)n\xe3S\xa1\xc9\
\xef\x19e\xec7\xdb\x90|e\x0e\xd9\x12\xf8z\xf7&\
\xf76=\xda\xb74Z\x00\x84@n\xc4\xeb{\xcc\xdc\
h\xc4\x5c\x5c\x91\x09\x0d\xb4\x9e\xf9r\x9aOy\x03\xd8\
y\xeec\x8fB\xdd&\xff\x830q\xb0\xad\xc5\xaf\xb5\
\x1d\x18\x9b\x08/\x0eM\xfes'>\x14\xfa\x91\xc2\x1e\
(<\xad\x7fg\xe5\x22\xc2\xc4C\xbdL>\xd2[\xb9\
9\x8d\xfc\xb0\xcb\xc9\x1bL\x1a\xad\xe2J\xa4\x05@H\
\xb6\xdc@\xb2m\xc4|\x1b1\x17Vj\xce\xe4\xeac\
h;\xff\x1d\xd8\xe6\xb2\xb6%(M#%\xff\x831\
\xc9\xe9b\xa0\x1d\xbcv\xcc\x1c\x0e(:(M\xfe\x87\
'\x05(\x0c\x14\x9f\xe7\x17\xfa\xc0\xef+\xde\xeaWe\
\x13L\xe6\xc9\xfcf{9\x0f\xf3y.#?+\xb4\
\xcaE\xab?\x80\xae\xd0\x0c\x81\x16\x00!z8Mb\
\x895\xffU\xc9\x22\xc0\xa6\x9a\xe9x\xe5\xdb\x88\xafz\
^\xa5\xa6\x9c\xbbFO\xfe\xcfa\xc06\x81m).\
*\xb4\xcd`\x9a0\x87\xdaj8C\x93\xffs\x05\xa3\
\xd3W\xf8}\xe0\xf7\x17\x7f\xafw\x83+&\xb7k\x98\
\xcc\xefv\xe2\x0a\x95\xbb\x08\x17\xe4\x7f\xb2\x22\x17\xadK\
S\xc6\x13\x84\x1a\x8b\x16\x00!{8Mb\x891\xdf\
\x06\xf3\xdaJ\xce\xdb|\xeay\xb4\xbc\xf0bL\xacJ\
v\x09h\xf2\x9f\xebD\xd3EA\xf3\xc1\x8b\x82FO\
\xfe\x12@0R\xec\xb7\x1f\x0c\x17\x8f\xd5\x0d\x86t\x8b\
^D\xa4\x10\x90\xb9o7\xd9\xade\xef\xea\xf7\xecy\
\x8d\xfc4\xeb\xe4\x0d\x9a\xfc\xc3\xa5\x05@\x19DU\x04\
\xc4\x96t\xd1q\xc1;\xf0\x16\xaf\xad\xe4\xb4\xcf\xa5\xc9\
\xbf\xd4\x00\x8aE\x81I\x15\x0f\x98\x09F!V\xdcq\
p\xc8\xc6D\xb5N\x02p\x99\xe2\x9f\xd5\xdf\x87\x04C\
\xe0\x0fO_\xd9W\xef\xb6\xc7FR\x18\x9a`\xfc\xce\
m\x04\x99\xca\xb6@\xd6\xe4_>u\xfan\x12\xbd\xe9\
\xc7\x01\xdfB\xcc\xeb*:\xb1\xf5h;\xeb54\x9d\
\xfc*\xa8\xe4\xf6\xb4\x19\x9a\xfc\xc3! \x13\xbf\x86\xec\
#\xb3>i\x8bqy\xed\xc58\xa7\x7f-~\xb4L\
\x17\x0dU\xba\x0dO\xa4\xb8\xdd\xce\x8dA\x90A\xdc8\
\x04\xe3\xb0\xff\xd7I\xf4\x16~\x95\x12a\xf2\xb1~&\
\x1e\xdcS\xf1c\xb15\xf9\x97\x97\x16\x00e\x14Y\x11\
\x00$\xd7l\xa0\xed\xe5o\xc76/\xa9\xdc\xa4\x9a\xfc\
\xc3q\xd0\xe4?G\xb6\xb9x\x96\x81m).@4\
\xa9\xe2\xd6D\x93,v.4\x09\xc0\x9b\xeeb\xe8\x15\
OC4\xb3v*\x18[\xdc\xc9\xb0?\x16\x7fz1\
\x9d<\xd3\x0eW|`z\x81\x9d\xcbM\x7fM\x0e$\
\x8b\xb8,\xb8\xec\xfe\xdf\xef\xffo\x97E\x13|\xed\x09\
&\xf3\x8c\xdf\xb9\x9d\xc2`\x05\x17\xfaM3\xc8O&\
E.\xd6\xe4_>Z\x00\x94Y\x94E\x80I&\xe9\
x\xf9\xa5$\x8e:\xa7\xfc\xff\xd2\x9a\xfc\xc3QJ\xf2\
W*D\xd9\xedCd\xee\xd9\x85\x14*\xbf\x9b\xc2 \
?\x19\xeb\x947l\xb8\x1a=r\xb1\x8c\xb4\x00\xa8\x80\
\xe95\x017\x82y}\x14\xf3\xa7\xd6\x9fB\xebK\xdf\
\x5c\xbe\x0e\x82\x9a\xfc\xc3\xa1\xc9_U\x81`\x22\xc7\xf8\
];)\xf4\x8dE\x13\x80\x91\x1f\x8f/\x92\x8b5\xf9\
\x97\x9f\x16\x00\x152\xdd'\xe0\x9b\x88\xb9(\x8a\xf9M\
<I\xdbK/\x22u\xec\xcb\xc2}N\xac\xc9?\x1c\
\x9a\xfcU\xd4\x04\xb2\xdb\xf6\x92\xb9w\x17\xe2G\xb3\xf0\
R\x90\xff\xda'\xf2\x07'\xa6\xc9G\x12@\x83\xd1\x02\
\xa0\x82\xe4F\xbc\xfeG\xed\x17\x80+\xa3\x8a!\xb1\xea\
h\xda\xce}\x0b^\xc7\xca\xd2\x07\xd3\xe4\x1f\x0eM\xfe\
*b\xfe\xc8$\x99\xbbvR\x18\x8a\xf4\x5c\x84\xafv\
\x89{\xb7v\xf8\xab\x1c-\x00\x22\xd0{\xad\xbd\xc6\xc0\
\xc7#\x0b\xc0z\xb4\xbe\xe8\x02\x9a\x9e\xf7\xfb\x0b?]\
P\x93\x7f84\xf9\xab\x08I\xe0\x98z\xb4\x9f\xc9G\
{\x11\x17\xdd\x22M\x03\x9f\xe8\xda\xec>\x14Y\x00\x0d\
J\x0b\x80\x88\xf4^k\xdfk\xe0\x06 \xb2}[\xb1\
\xa5\xddt\xbc\xfc\x0a\xbc\xa5\xeb\xe7\xf7BM\xfe\xe1\xd0\
\xe4\xaf\x22\x94\x1f\x1cg\xe2\xae\x9d\xf8c\x91.\xb2\x0f\
\x8c\xe1\xaa\xaeM\xee\xffF\x19D\xa3\xd2\x02 B\xfd\
i\xef\x221\xf2\x0d\xa0|\x87\xcb\x1f\x91\xa1\xe5\x8cs\
i>\xed\xb5\x98x\xf3\x91\xbf\x5c\x93\x7f84\xf9\xab\
\x88\xb8\x82\xcf\xc4}OW\xbc\x9b\xdfA\xe4\xc4\x98?\
\x5c\xb1)\xb81\xea@\x1a\x95\x16\x00\x11\xebMs\xae\
1\xf6\xbf\x81\x8e(\xe3\xf0\x9a[i=\xfb\xb5$\x8f\
9\xe7\xd0\x8b\x045\xf9\x87C\x93\xbf\x8a\x82@n\xc7\
>2\xf7\xef\xc6e\x0bQG\x931\xd8\x8b\xbb6\xfb\
\xff\x1bu \x8dL\x0b\x80*\xd0\x97\xe6$\x8c\xfd)\
\x10\xc2\xca\xbc\xd2\xc4\xbbV\xd1\xfe\xb27\xe1-\xdb\xf0\
\xec\xff\xa1\xc9?\x1c\x9a\xfcU\x04\x0a\x03\xe3d\xee\xdd\
\x8d?2\x19u(\x00}V\xdc\xab\x97\xa7\xb9/\xea\
@\x1a\x9d\x16\x00U\xa2\xefz\xd6\x89\xb3?5\xb01\
\xeaX\x00\x9a\x8e?\x9d\x96\x17_Z\xec\x1d\xa0\xc9?\
\x1c\x9a\xfcU\x85\x05\x93y&\x1e\xdcCn\xfbP\xd4\
\xa1\xcc\xd8j\xc5\xbdry\x9a'\xa3\x0eDi\x01P\
U\xfa\xd2,\xc7x?\x00ya\xd4\xb1\x00\x98X\x82\
\xd6\x17\xbf\x86\xe4j0ng\xd4\xe1,\x8c&\x7f\xd5\
\x80\xf6\xaf\xee\x7f\xac\x0f\x09\xaa\xe50%s\xa7\xc4\x83\
\xd7\xad\xf80\x0dz\xb4e\xf5\xd1\x02\xa0\xcal\xb9\x81\
d\xfb\xb0\xfd\xa2\xc0\xdb\xa2\x8ee\x86M\xc5i9\xb9\
\x87\xd4\xba\xa5\xb5\xf5\x1d\xa3\xc9_5\xa0\xdc\xf6\xaay\
\xce?\xdb7\x0am\xee\x9d\xab?\x80\x9e\xe3\x5cEj\
\xe9\xed\xbc\xa1\xf4]k\xdf\x07|\x06\xf0\xa2\x8eeF\
|q\x0b-\xa7\xae\x22\xbe\xb45\xeaP\x8eL\x93\xbf\
j0\xf9\xc1q&\xef}\x9a\xc2p\xa4\xcd|\x0e\x14\
\x08|d\xc5f\xf7\x89\xa8\x03Q\xcf\xa5\x05@\x15\x1b\
H\xc7^\xe5\x8c\xfb\x06\xb0(\xeaXf\x8bw\xb7\xd1\
r\xf2J\xe2\x8b[\xa2\x0e\xe5\xe04\xf9\xab\x06R\x18\
\x9a`\xf2\x91^\xf2{F\xa3\x0e\xe5@\xe3\x88yk\
w:\xf8~\xd4\x81\xa8\x83\xd3\x02\xa0\xca\x0d\x5c\xcf\x06\
\xe7\xec\xf7\x81\xe3\xa2\x8e\xe5@\xf1\xee6ZNYE\
\xbcs\x0e\xfd\x03*E\x93\xbfj\x10\xfe\xe8\x14\x93\x0f\
\xf7\x92\xdb5\x1cu(\x07\xf3\xa4\x88{\xfd\x8a4\xfa\
\x03P\xc5\xb4\x00\xa8\x01;\xfe\x8e\xced\xc1\xdc\x88\x98\
\xf3\xa3\x8e\xe5`\x12=\x1d\xb4\x9c\xd4C,\xeaB@\
\x93\xbfj\x00\xfe\xe8\x14\x93\x8f\xf5\x93\xdb1\x04\xd1u\
\xef=4#?\xcb\xc5\xe5\xf2\xb5\xff\x87\xaa\xacL\xd4\
3\xb4\x00\xa8\x11r#\xde\xc0\xa3\xf6o\x04\xae\x89:\
\x96\x832\x90\x5c\xd5I\xcb\xc9=xm\x1146\xd4\
\xe4\xaf\xea\x5c0\x91c\xf2\x91>\xb2\xdb\x86@\xaa1\
\xf3\x03\xc2?w\xe1\xde\xab\x07\xfa\xd4\x06-\x00jL\
\xff\xb5\xde[\x04\xf92\x91\xb6\x0f>\x8c\x99B\xe0\x94\
\x95x\xad\xc9\xca\xcc\xa9\xc9_\xd5\xb1`2\xcf\xe4\xc3\
\xbd\xd5\x9d\xf8!\x871\xef\xe9\xde\x14|%\xea@\xd4\
\xdci\x01P\x83\xfa\xd2\xbc\x18c\xbf\x09\xac\x8d:\x96\
C2\x86\xe4\xda\xc54\x1f\xbb\x9c\xd8\xa22>\x1a\xd0\
\xe4\xaf\xea\x94?<\xc9\xe4\xe3\xfd\xe4v\x0eWs\xe2\
\x07\xd8&\xe2._\x91\xe6\xb7Q\x07\xa2\xe6G\x0b\x80\
\x1a\xb5\xef\xe3t\x14r\xf6K\x02\x97E\x1d\xcb\x91\xc4\
\x97\xb5\xd2|\x5c7\x89\x9e\x90\x8f;\xd0\xe4\xaf\xeaP\
ao\x86\xc9G\xfb\xaaqU\xffA\xc8\xf7r\x09\xf9\
#}\xde_\x9b\xb4\x00\xa8q\xfd\xd7y\xef\x16\x91\x1b\
\x80\x0a\xddo_\xb8XG\x13M\x1b\x97\x93\x5c\xbb\x18\
\xe3\x95x\x0a\xb2&\x7fUG\xc4\x09\xf9\x9d\xc3L>\
\xd6\x87?Z\x13\xbdrr\xc05]\x9b\xdc\x0d\xc6T\
\xe5RD5\x07Z\x00\xd4\x81=iN\xb3\xc6\xfe'\
pL\xd4\xb1\xcc\x85M\xc6i:f\x19\xa9\x8d\xcb\xb0\
\x89\xd8\x02\x06\xd0\xe4\xaf\xea\x83\x14\x02\xb2\xdb\x87\x98z\
\xac\x9f`2\x1fu8s\xb5\x1d\xe3.\xef\xde\xc4o\
\xa2\x0eD\x95F\x0b\x80:1\xf8\x09\xda\x82\xac\xfd\x22\
\xf0\xe6\xa8c\x99+\x13\xf3H\x1d\xbd\x84\xa6\x8d\xcb\xf1\
Z\xe6x\x03C\x93\xbf\xaa\x03\xc1D\x8e\xa9'\x06\xc8\
n\xdd\x8b\xf8\xd5\xd2\xab\xff\xc8\xc4\xc8wRN\xde\xd9\
\x99f$\xeaXT\xe9\xb4\x00\xa83\xfd\xd7y\x7f(\
\x22\xff\x04TQw\x9e#0\x10\xefj\xa3\xe9\xe8e\
$W-\x02s\x88oKM\xfe\xaa\x96\x89P\xe8\xcf\
0\xb5u\x90\xdc\xee\x91j_\xd8w\xa0,\xf0\xa1\xee\
\xcd\xeesQ\x07\xa2\xc2\xa3\x05@\x1d\xeaMs\x82)\
>\x128)\xeaX\xe6\xcb\xa6\xe2\xa4\xd6-!u\xf4\
\xd2go#\xd4\xe4\xafjT\x90\xc9\x91\xdb\xbe\x8f\xec\
\xb6\xbd\xb5t\x9b\x7f?\x03\x8fc\xdc\x9b\xba6q\x7f\
\xd4\xb1\xa8pi\x01P\xa7\x06\xd2\xb4:\xecg0\xfc\
15\xfa\xef\x1c\xefl!u\xccR\x92\xeb\xd6`\x17\
\xbfN\x93\xbf\xaa\x19\xe2\x84\xfc\xd3#Lm\x1d\xa4\xd0\
7\x1eu8\x0b%\x22|\xd1\xb4\xb8\xbf\xe8\xfeK\xaa\
\xea\x84!\x15\x8e\x9aL\x0cj\xee\xfa\xaf\x8d\xbdBp\
_\x06\xd6D\x1d\xcbB\xd9\xf6%4\x9fx\x16\xa9\x8d\
/\xc4\xb6.\x8d&\x08\x01\x99\xb8\x0d\xb2\x8fF3\xbf\
\xaa\x09\xfex\x96\xdc\xb6!\xb2[\xf7\xe2r5\xdd\x0c\
o\x87\x11\xfb\xae\xae\xb4\xff\xf3\xa8\x03Q\xe5\xa3\x05@\
\x03\x18J\xd3^\xc0~\xaa\x96\xef\x06\xccH\xae\xdd@\
\xea\xf8\x97\x90X\xfd<L\xa2B\xa7\x11\xea\x95\xbf:\
\x0c\x97-\x90\xdb5Ln\xe70\x85\xbd\x99\xa8\xc3)\
\x99\xc0\xd7c)\xf7\xdee\xd7P\xb3\xb7.\xd4\xdc\xd4\
t2P\xf3\xd3\x9f\x8e] \xc6}\x19X\x1du,\
%\xb3\x1e\xa9\xf5\xa7\x90\xda\xf8\x02\xe2='`\x12e\
\xea\x8c\xacW\xfe\xea \x5c\xde\xa7\xb0g\x8c\xec\xae}\
\xe4{\xc7jmA\xdf\xa1\xf4\x22\xe6\xdd\xdd\xe9\xe0\x87\
Q\x07\xa2*C\x0b\x80\x06SOw\x03\xf6\xf3\xe2\xa4\
\x8e>\x89\xe4\x86\xd3I\xac<)\xbcb@\xaf\xfc\xd5\
,\xae\xe0Sx\xba\xee\x92>\x00\x06\xbe\x95M\xb8+\
\xb5\xa3_c\xa9\x8f\x04\xa0\xe6\xad\xff\xda\xd8+\x05\xf7\
%\xea\xe1n\xc0l^\x82\xd4\xfa\x93Im8\x9dx\
\xcf\xf1\x98D\xd3\xc2\xc6\xd1+\x7f\x05H> \xbfg\
\x94\xec\xae}\x14\xfa\xc6\x10W?I\x7fZ/\x98+\
\xbb7\x07?\x88:\x10UyZ\x004\xb0\xe14\x8b\
\xf2\xc6\xfe\x83\xc0\xdb\xa2\x8e\xa5\x1c\x8c\xe7\x91X\xb7\x91\
\xd4\xba\xe7\x11\xef9\x11\xdb\xbaln/\xd4+\xff\x86\
\xe6\x8fMQ\xe8\x1d#\xd7;\x8a?\x98\xa9\xc7\xa4\x0f\
 \x08_M\xa4\xdc\x07\x16\x7f\x88Z8t@\x95\x81\
\x16\x00\x8a\xde4\xe7\x1ac\xff\x118>\xeaX\xca)\
\xd6\xb9\x82\xe4\x86SI\xac9\x81\xd8\xd2\xa30\xdeA\
\xda\x10\xeb\x95\x7f\xc3\x91\xc0\xe1\x0fN\x90\xeb\x1d!\xbf\
{\xa4&\xf7\xea\xcf\x87\xc0\x13V\xec\x9fu\xa5\xfd\x9f\
E\x1d\x8b\x8a\x96\x16\x00\x0a\x00\xf9\x22\xf1\xbe>\xfb\x01\
\x03i\xa0L+\xea\xaa\x88\x97 \xb9z\x03\xc9u'\
\x11_\xb9\x11\xafc\xa5^\xf97\x90 \x93#\xdf;\
Jn\xcf\x08\xfe@\xdd^\xe5\x1fhB\xe0\xd3\xfb\xc4\
\xfd\xed\x89i\xea\xbb\xcaQs\xa2\x05\x80z\x96\x814\
\xc78k\xbe\x80\x98\x0b\xa2\x8e\xa5\x92\xbcE\xcbH\xae\
\xea!\xd62JlY\xeb\xdc\xcf&P5!\xc8\xe4\
(\xec\xcdP\xe8\x1f'\xdf?\x86\x9b*D\x1dRe\
\x19\xf9\xa1s\xf2\xde\x9e4;\xa3\x0eEU\x0f-\x00\
\xd4A\xf5]\xe7]\x8e\xc8'\xa9\xb7E\x82s\xe45\
'\x88-k%\xb1\xac\x8d\xd8\xb2\x16b\xed\x0b\x5cL\
\xa8*O\x8a\xcf\xf1\xfd\xa1\x09\xf2\x03\xe3\xf8\x83\x99\xba\
\xbf\xad\x7f\x18\x8f\x08\xf6\xaa\x15\x9b\xfd_F\x1d\x88\xaa\
>Z\x00\xa8C\xda\x93\xa6\xd9\x18\xfbW\x06\xae\xa1\x11\
\x1e\x0b\x1c\x86\x89y\xc4:\x9b\x88/m%\xbe\xb4\x95\
\xd8\x92\x16lr\x01G\x19\xab\xd0I!\xc0\x1f\x9d\xa2\
0\x98\xa1\xb07\x83\xbfw\x02\x97\xaf\xe9.|a\x98\
\x14\xf8T\xa6\xd3\xfd\xdd\x86\xab\xc9E\x1d\x8c\xaaNZ\
\x00\xa8#\xda\x9df\x95g\xec\xdf\x1a\xb8\x22\xeaX\xaa\
\x89\xd7\x9a$\xd6\xd9\x5c\xfcX\xd4L\xac\xb3\x09\x9b\x8a\
G\x1dV]s\xd9\x02\xfe\xbe)\xfc\xd1I\xfc\xe1\x09\
\xfc\xe1)\x82\x8c\xe6\xb7g\xd1\xdb\xfdj\x8e\xb4\x00P\
sV\xdc-\xe0}\x1c\xe4EQ\xc7R\xadl*\x8e\
\xb7\xa8\x89XG\x8aX{\x13^G\x8aX[\x13&\
\xe1E\x1dZM\x91|\x80?6E0\x9a-\xde\xce\
\x1f\x9d\x22\x18\xc9\xe2r\x0d\xf6\xec~^\xcc\x1dN\x82\
\x0f\xf5\xa4\xb95\xeaHTm\xd0\x02@\xcd[\x7f:\
v\xbe\x18\xf7\x19\xe0\x94\xa8c\xa9\x15\xb6)\x81\xd7\x9e\
\xc4kI\xe2\xb5\xa5\x88\xb5&\xb1\xad\x09\xbc\xb6\x14\xc6\
\xb3Q\x87\x17\x09\xf1\x1dA&\x8b\xcb\xe4\xf13Y\x82\
L\xae\xf81\x96m\xbcEz\xa5yL0\x9b\xba7\
\x05\xdf6\x86\x86\xd8\xce\xa0\xc2\xa1\x05\x80Z\x10Ic\
\xfb\x8cw\x89A>\x09\x1c\x15u<\xb5\xcc&\xe3x\
-\x09Ls\x1c\xaf)\x81\xd7\x92\xc06'\xb0Mq\
l2\x86mJ`b\xb5U$\x88\x1f\xe0\xa6\x0a\xb8\
\x9c\x8f\x9b,\xe0\xa6\xf2\x04\x13y\x82\xa9<2Q \
\x98\xcc\xeb\xd5|\x89\x0c\xec\xc6\x98\xeb\x97\xbb\xe0+&\
M\xc3/zP\xf3\xa7\x05\x80*\xc9\xc3i\x12K\xad\
\xf7v\x11\xb9\x1eX\x1eu<\xf5\xcaxv\xba\x18\x88\
c\x921L\xdc\xc3\xc6=L\x22\x86M\x14\x7f51\
\x8bM\xc4\x10\x03&n1\x9e\xc5X[,\x1e\xbcg\
~\xd4\x8d\xb5\xcf\xb9\xeb \x81C\x9c{\xe6\x13\x81 \
~\xf1s\x128(8\x90\xe2!8R\x08\x90B\x80\
\xcb\x07H\xde\xc7M\xff^r\xfe\xfe\xa4/\x81C\x95\
\xcd>\x81O\xfam\xee\x86\xd5\x1f`*\xea`T\xed\
\xd2\x02@\x85b\xf0\x13\xb4\xf9Y\xfb\x1e\x03\x1f\x01\xda\
\xa2\x8eG\xa9:4i\xe0\xf3\x09q\x1f\xefL3\x12\
u0\xaa\xf6i\x01\xa0B\xb5\xf7\xafY\xe9\xfbv\x13\
\x86\xb7\x03\x89\xa8\xe3Q\xaa\x0e\xe4E\xf8J,\xee\xae\
[\xf6\x11z\xa3\x0eF\xd5\x0f-\x00TY\x0c\xa4\xe9\
\x16c\xdf/p\x15\xd0\x12u<J\xd5\xa0\xbc\xc0\x7f\
Z\xeb\xae\xed\xfa\x18OE\x1d\x8c\xaa?Z\x00\xa8\xb2\
\xda\x93f\xa91\xf6*\x03\x7f\x06,\x8e:\x1e\xa5j\
@\x0e\xe1_c1w\xdd\xd2\x8f\xf2t\xd4\xc1\xa8\xfa\
\xa5\x05\x80\xaa\x88\xc1O\xd0\xe6r\xf6J\x11\xfe\x1c\xe8\
\x89:\x1e\xa5\xaa\x8d\x81a\x11\xfe\x09\xdc\xe7\xba\xd3\x0c\
D\x1d\x8f\xaa\x7fZ\x00\xa8\x8a\x9a\xde5p9\x22\x1f\
\x1686\xeax\x94\xaa\x02\xbd\x02\xff\x9c\x12\xf7\x0f\xba\
\xb8OU\x92\x16\x00*\x12r#^\xffc\xdee\x88\
\x5c\x03<?\xeax\x94\x8a\xc0}\x06\xf3\xe9\xe5\xdd\xc1\
\x8d\xe6J\xb4)\x82\xaa8-\x00T\xe4\xf6\x5c\xc7\xe9\
F\xec\xfb\x0c\xbc\x19\xd0\x13vT=s\x18\xf9\xb1q\
\xde\xe7\x96o\xf6o\xd2\xce}*JZ\x00\xa8\xaa1\
\xf87\xac\xf0}{\xa5\x81\xf7\x00\xcb\xa2\x8eG\xa9\x10\
\x8d \xfc\x9b\x8b\xb9\xcf\xf6|\x94\x1dQ\x07\xa3\x14h\
\x01\xa0\xaa\xd0\xb64\xa9\x94\xf1\xded\xe0\x8fA\xce\x8a\
:\x1e\xa5\x16J0\xbf\xb2\xf0\xa5I\x09\xbe\xb5.M\
6\xeax\x94\x9aM\x0b\x00U\xd5\x9e\xbe\x9ecc\xce\
\xfe\x91\xc0;\x81\xa5Q\xc7\xa3\xd4\x1c\x8c \xdchp\
_\xe8J\xf3@\xd4\xc1(u(Z\x00\xa8\x9a\xb0-\
M\xaa\xd9x\x97\x88qoG\xcc\xef\x01\xb5u:\x8e\
\xaaw\x01FnB\xec\xd7\xc6;\x83\xefl\xb8\x9a\x5c\
\xd4\x01)u$Z\x00\xa8\x9a3\x98\xa6'0\xf62\
\xe0\xed\xe8\x0e\x02\x15\xadG\x05nD\xdc\xd7V\xa4\xd9\
\x1eu0J\xcd\x87\x16\x00\xaa\xa6\xedIs\x865\xf6\
\xad\xc0eh\x83!U\x19O#|\xcb\xe1\xbe\xde\x93\
\xe6\x9e\xa8\x83Qj\xa1\xb4\x00PuA\xd2\xd8A8\
\xd3a/\xc3\xf0F\xa0;\xea\x98T]\x19\x12\xf8\xb1\
\xc1|\xabK\x82\x9f\x984~\xd4\x01)U*-\x00\
T\xdd\x91\x1b\xf1\x06\x1e\x89\x9d'\xc6]\x0a\xbc\x0eX\
\x11uL\xaa&\xed\x11\xe1\xfb\xc6\xd8ow\x1d\xef\xdf\
l\xdeH\x10u@J\x85I\x0b\x00U\xf7z\xaf\xe3\
D\xc4^f1\x17\x0arz\xd4\xf1\xa8\xaa\xb6\x15\xe1\
\x87\x16\xf7\xadep\xbbI\xe3\xa2\x0eH\xa9r\xd1\x02\
@5\x94\x81\xeb\xd9\xe0\x9c\xbd\x10#\xafB\xccK\x81\
T\xd41\xa9HM\x09r\xab\xc1\xfc\xc4\x8a\xfb\xd1\xf2\
4OF\x1d\x90R\x95\xa2\x05\x80jX{\xd24\x1b\
\xbcs\x0d\xf2j\x0c\xaf\x02\x8e\x89:&U\x11[\x80\
\x9f\x0a\xe6'~[p\xf3\xea\x0f0\x15u@JE\
A\x0b\x00\xa5\xa6\x15[\x11{g\x1b\x91\xf31\x5c\x00\
\x1c\x15uL*\x14\xbd\x06n\xc3\x98\x9f\x8b\x09\xfe\xb7\
\xfbcl\x8b: \xa5\xaa\x81\x16\x00J\x1d\xc2@\x9a\
c\x9c\xf5\xce5\x22g\x0b\x9c\x09l\x88:&ud\
\x02OX\xe1v1\xe66c\x83\x9b\xbb>\xc6SQ\
\xc7\xa4T5\xd2\x02@\xa99\xeaK\xb3\x1c\xe3\xbd\xc4\
 g\x09\xe6L\x90S\x81\xe6\xa8\xe3jp\x13\x82\xb9\
\xd7\x22w\x08\xe6\xd7\x12\x0fn_\xf1a\x06\xa3\x0eJ\
\xa9Z\xa0\x05\x80R\x0b$7\xe2\xf5=\xc6q\x16\xef\
tqr:\xc6\x9c\x0e\xf2|\xa0%\xea\xd8\xeaT\x1e\
xR\xe0n\x03w[qw\x0f\xc2oOL\x93\x8f\
:0\xa5j\x91\x16\x00J\x85\xac\xd8\xaa\xd8;]\x90\
\x13\x80\x13-\xe6\x04AN\x02\x92Q\xc7V#|`\
'F\x1e1b\x1e\xc6\x98G\x1c\xc1\xdd\xdd\xc7\xf1\x98\
\xee\xc5W*<Z\x00(U\x01\x0f\xa7Itz\xac\
\xb7\xce\xdbh\x8cl\x10\xc7\x06\xaclD\xcc\x06\x8a-\
\x8c\x1b\xedgQ\x0c<-\xc8\x16\xc4l1\x96-\x22\
f\x8b\x93\xe0\xf1a\xd8\xaaW\xf5J\x95_\xa3\xbd\xe9\
(Uu\xb6\xdc@\xb2c\x945\xce\xc5\xd6\x08\xb2\x06\
d\xad\x15\xd6\x8a\x95\x1e\xc4\xac\x00\x96O\x7f\xd4\xca\xcf\
\xab\x03\x06\x81\x01A\xf6X1\xbd\xce\xb0\x03\xcc\x0e#\
f\x87\xc5\xdf9\xba\x98]zb\x9eR\xd1\xaa\x957\
\x14\xa5\x1a\x9a\xdc\x88\xb7w\x0b\xcb\xa5@\x97\x10[.\
F:\x8d\x91N\x11:\x8d\xb0H\x0c\x9d\x06\x16\x81\xb4\
\x8a!n\xc4v\x0a\x12\x07Z\x81f3\xeb\xf1\x83@\
\x82\xe7\xaeS\x980<s\xd5-\x90\x03&\x81\x8c\xc1\
\x14\xc4\xb8a#\x14\xc0d\x04F\x8c0,\x96a#\
\x0c;c\x86\xad3#X\xbf\xdfz\x0c,\xdd\xc0\x80\
\xde\xaaW\xaa\xfa\xfd\x7f\xf8\xf9\xa8,w2`L\x00\
\x00\x00\x00IEND\xaeB`\x82\
\x00\x00\x10\x07\
\x89\
PNG\x0d\x0a\x1a\x0a\x00\x00\x00\x0dIHDR\x00\
\x00\x02\x00\x00\x00\x02\x00\x08\x06\x00\x00\x00\xf4x\xd4\xfa\
\x00\x00\x00\x09pHYs\x00\x00\x0e\xc3\x00\x00\x0e\xc3\
\x01\xc7o\xa8d\x00\x00\x00\x19tEXtSof\
tware\x00www.inksca\
pe.org\x9b\xee<\x1a\x00\x00\x0f\x94ID\
ATx\x9c\xed\xddm\x8c\x5cWy\x07\xf0\xe7\xdc\xd9\
\x1d\xc7\xa6y!$\xb4\xa5Pj\x15'\xf6\xce\xee\x8c\
7\xac\xa05\xd0*\x84\x06BE)H\x11\x11\xa5\xa2\
\xa9\x0a\xa5-P\xaa\x8a\x0a\x0aB-/\xa2\xad\x8a\x10\
\x05D$ZA)\x01\x94\x22\xdaT\xe9K\x84T\x8b\
(\x04\x87,v\xf6e\xec\x0871\x14\x0a!\x84\x90\
\xd8&\xb6\xd7;s\xfa\xa1\xd9tvwv\xbd\xbb\x9e\
{c\x9b\xdf\xef\xd3=\xe7\x9es\xe6\xff\xed<{\xee\
\xce\xdc\x08\x00\x00\x00\x00\x00\x00\x00\x00\x00\x00\x00\x00\x00\
\x00\x00\x00\x00\x00\x00\x00\x00\x00\x00\x00\x00\x00\x00\x00\x00\
\x00\x00\x00\x00\x00\x00\x00\x00\x00\x00\x00\x00\x00\x00\x00\x00\
\x00\x00\x00\x008\x83\xa4A/\x98sN333\x17\
\x0d\x0d\x0d]0??_\x1b\xf4\xfa\x00\xf0\xe3$\xe7\
\x9cSJ\x0f\xcf\xcd\xcd\x1d\x9d\x98\x9889\xa8uO\
\xbb\x00\x98\x9c\x9c\xbc\xb0^\xdf\xfc\xab\x11\xf9\xea\x88\xfc\
\xec\x88tYD\xd4\x07\x90\x0d\x00\xf8\x7f\xdd\x88\xf8F\
D\x9eN)v\xcf\xcf\x0f\xfd\xcb\xf8\xf8\x8eolt\
\xb1\x0d\x17\x00\xfb\xf6\xed\xdfV\xab\xe5\xb7E\xe4\xeb\x22\
b\xcbF\xd7\x01\x006$G\xc4\x97R\xca\x1f\x18\x1d\
\x1d\xfd\xd7\x94R^\xcf\xe4u\x17\x00\x93\x93\x93\x17n\
\xda\xb4\xf9\xfd9\xe7\xd7E\xc4\xd0z\xe7\x03\x00\x03w\
gD\xf7\x0f\x9a\xcd\xe6\xd7\xd6:a]\x05\xc0\xec\xec\
\xec\xf3\xba\xdd\xf8\x5cD<}\xdd\xd1\x00\x80\x12\xa5N\
J\xf1\x9e\xd1\xd1\x91\xf7\xa4\x94\xba\xa7\x1c\xbd\xd6e\xa7\
\xa7\xdb\xd7G\xe4\x1b\xc2\xf3}\x008c\xe5\x1c\xb7\x9c\
<y\xfcU\x13\x13\x13\x8f\xae6nM\x05\xc0\xd4\xd4\
\xec\xef\xa7\x14\x1fY\xebx\x00\xe0\x89\x93R\xdc~\xe2\
\xc4\xf1\x17\xafV\x04\x14\xa7Zdz\xba}mJ\xf1\
\xe1\xb0\xf9\x03\xc0Y!\xe7x~\xbd\xbe\xe9\x1fo\xba\
\xe9\xa6\x15\xbf\x8e\xbfj\x01p\xf7\xdd\xedFD\xfe\xe4\
\xa9\xc6\x01\x00g\x9a\xf4\xd2\xed\xdbG\xde\xb5\xe2\xdd\x95\
nLNN\x0e\xd7\xeb\x9b\xbf\x16\x91\xc7\xca\x09\x06\x00\
\x94\xac\x9bs\xda\xd5j5\xee\x5czc\xc5\xbf\xec7\
m\xda\xf4\x876\x7f\x008\xab\x15)\xe5\x8f\xe5\x9c\x97\
\xed\xf7}O\x00\x1e\xfbu\xbfoF\xe4\x0b\xcb\xcf\x06\
\x00\x94)\xe7tm\xab\xd5\xf8|o_\xdf\x13\x80z\
\xfd\xbc7\xd8\xfc\x01\xe0\xdcP\x14\xf9\xad\xcb\xfaV\x18\
\xfb\xdb%g\x01\x00*\x92s<gjj\xffho\
\xdf\xb2\x02`j\xaa\xfd\xdc\x88\xb8\xac\xb2T\x00@\xe9\
\x8a\x22\xbflQ{\xe9\x80\x94\xf2\xafT\x17\x07\x00\xa8\
B\xce\xdd\x17\xf6\xb6\xfb=\x02\xd8UQ\x16\x00\xa02\
EkQ\xab\xcf\x88\x1d\x15%\x01\x00*\x93/\x9d\x9e\
\x9e~\xf2B\xab_\x01\xe0M\x7f\x00p\x0eJ)]\
\xbcp\xbd\xa8\x00\xb8\xe3\x8e;6G\xc4P\xe5\x89\x00\
\x80\xd2u\xbb\xb5\xcd\x0b\xd7\x8b\x0a\x80z\xbd\xee\x85?\
\x00p\x8eJi\xfe\xf1\xb7\x03.*\x00\x1e{m\xe0\
|\xe5\x89\x00\x80\xd2u:\x9d\x87\x16\xae\xfb\xfd\x0f\xc0\
\xb7+\xcc\x02\x00T \xa5xp||\xfc\xe1\x85v\
\xbf\x02\xe0@\x85y\x00\x80\x0a\xe4\x1c\xd3\xbd\xede\x05\
@\xce\xf9\xcb\xd5\xc5\x01\x00\xaa\x90R\xba\xad\xb7\xbd\xac\
\x00(\x8a\xb8\xb5\xba8\x00@\x15r\xee\xdc\xd2\xdb\xee\
\xfb_\xff\xd3\xd3\xb3\xfb\xc3\x0f\x02\x01\xc0\xb9\xe2\xeb\xcd\
\xe6\xe8\xe5\xbd\x1d}\xdf\x06\x98R\xbe\xa1\x9a<\x00@\
\xf9\xd2\x87\x97\xf6\xf4-\x00\x8e\x1c9\xf2\xf1\x88\xb8\xbf\
\xf4<\x00@\xd9\xbe\x9b\xf3\xfc'\x96v\xf6-\x00v\
\xed\xdau,\xe7x[\xf9\x99\x00\x80r\xa5w\xb4Z\
\xad\x1f-\xeb]ix\xce9\xcd\xcc\xb4\xff#\x22\xae\
.5\x17\x00P\x92\xf4\xc5\xb1\xb1\x91\x17\xa7\x94\xf2\xd2\
;}O\x00\x22\x22RJ9\xe7\xceoF\xa4\xff)\
7\x1c\x00P\x82\xfb\xe7\xe7k\xbf\xd5o\xf3\x8fX\xa5\
\x00\x88\x88h\xb5Z\x0fDt\xae\x89\x88\x87W\x1b\x07\
\x00\x9cQ\x1e\xedv\xd3\xcb\xaf\xb8b\xfbwV\x1a\xb0\
j\x01\x10\x11\xd1l6g\x8a\x22\xae\x8eH\xdf\x1fl\
6\x00\xa0\x04G\x22\x8akv\xeel|u\xb5A\xa7\
,\x00\x22\x22FGG\xef\xeat\xd2\xf3\x22\xd2\xcc`\
\xb2\x01\x00%\xb8\xaf(\xe2\x05\xcd\xe6\xc8m\xa7\x1a\xb8\
\xa6\x02 \x22b||\xe4\xe0\xd1\xa3\x8f<7\xa5\xf4\
\xa1\x88\xd49\xbd|\x00\xc0 \xa5\x14\x9f\x8a\xe8N\x8c\
\x8e\x8eN\xadi\xfcF>\xa4\xddn\xef\xect\xf2\x9f\
G\xc4\xcb6\xba\x06\x00p\xfaR\x8a\xdbs\xee\xbe\xb3\
\xd9l~i]\xf3N\xe7Cgffv\xe4\x9c^\
\x1b\x11\xaf\x88\x88\xcbNg-\x00`\xcd\xbe\x95R\xba\
\xa5\xd3\x89O\x9e\xeaY\xffJ\x06\xf6\xd7\xfb\xd4\xd4\xd4\
\xd3#j\xe3)\xc5\xb3\x22\xe2\xa9\x11q~D\x0c\x0f\
j}\x00\xf8q\x94R\xea\xe4\x9c\x0f\xa7\x94\x1f\xecv\
\xd3\xa1\x9ck3;w\xee\xf8\xfa\x13\x9d\x0b\x00\x00\x00\
\x00\x00\x00\x00\x00\x00\x00\x00\x00\x00\x00\x00\x00\x00\x00\x00\
\x00\x00\x00\x00\x00\x00\x00\x00\x00\x00\x00\x00\x00\x00\x00\x00\
\x00\x00\x00\x00\x00\x00\x00\x00\x00\x00\x00\x00\x00\x00\x00\x00\
\x00\x00\x00\x00\x00\x00\x00\x00\x00\x00\x00\x00\x00\x00\x00\x00\
\x00\x00\x00\x00\x00\x00\x00\x00\x00\x00\x00\x00\x00\x00\x00\x00\
\x00\x00\x00\x00\x00\x00\x00\x00\x00\x00\x00\x00\x00\x00\x00\x00\
\x00\x00\x00\x00\x00\x00\x00\x00\x00\x00\x00\x00\x00\x00\x00\x00\
\x00\x00\x00\x00\x00\x00\x00\x00\x00\x00\x00\x00\x00\x00\x00\x00\
\x00\x00\x00\x00\x00\x00\x00\x00\x00\x00\x00\x00\x00\x00\x00\x00\
\x00\x00\x00\x00\x00\x00\x00\x00\x00\x00\x00\x00\x00\x00\x00\x00\
\x00\x00\x00\x00\x00\x00\x00\x00\x00\x00\x00\x00\x00\x00\x00\x00\
\x00\x00\x00\x00\x00\x00\x00\x00\x00\x00\x00\x00\x00\x00\x00\x00\
\x00\x00\x00\x00\x00\x00\x00\x00\x00\x00\x00\x00\x00\x00\x00\x00\
\x00\x00\x00\x00\x00\x00\x00\x00\x00\x00\x00\x00\x00\x00\x00\x00\
\x00\x00\x00\x00\x00\x00\x00\x00\x00\x00\x00\x00\x00\x00\x00\x00\
\x00\x00\x00\x00\x00\x00\x00\x00\x00\x00\x00\x00\x00\x00\x00\x00\
\x00\x00\x00\x00\x00\x00\x00\x00\x00\x00\x00\x00\x00\x00\x00\x00\
\x00\x00\x00\x00\x00\x00\x00\x00\x00\x00\x00\x00\x00\x00\x00\x00\
\x00\x00\x00\x00\x00\x00\x00\x00\x00\x00\x00\x00\x00\x00\x00\x00\
\x00\x00\x00\x00\x00\x00\x00\x00\x00\x00\x00\x00\x00\x00\x00\x00\
\x00\x00\x00\x00\x00\x00\x00\x00\x00\x00\x00\x00\x00\x00\x00\x00\
\x00\x00\x00\x00\x00\x80\xb3A\x1a\xd4B\x93\x93\x93\xc3\xc3\
\xc3[.O)\x9e\x15\x91\x9f\x1a\x91\x9f\x14\x11\xf5A\
\xad\x0f\x00?\x8eRJ\xf39\xc7\x91\x9c\xe3\xa1\x9c\xe3\
\xdeG\x1f}\xe4\x9e]\xbbv\x1d;\xeduOg\xf2\
\xbe}\xfb.\xaa\xd5\xea\xaf\x8a\xc8\xaf\x8c\x88\xe7G\xc4\
\x96\xd3\x0d\x04\x00\xacj.\x22\xef\x89(nN\xa9{\
\xe3\xd8\xd8\xd8\xf76\xb2\xc8\x86\x0a\x80\xbd{\xefy\xda\
\xf0p\xe7Or\xce\xaf\x0b\x9b>\x00<QNF\xe4\
O\xa7\x14\xef\x1b\x1b\x1b\xbbw=\x13\xd7U\x00\xe4\x9c\
\x8b\xe9\xe9\xf6\x9bS\x8awG\xc4\xf9\xeb\x8a\x08\x00\x94\
\xe5DD\xfc\xd5\xe6\xcd\x9b\xde\xb7m\xdb\xb6\x13k\x99\
\xb0\xe6\x02`\xef\xde\xbd\x97\x0e\x0d\xd5?\x1d\x11Wo\
4\x1d\x00P\xaa\xc9N\xa7v\xed\xf8\xf8\x8eo\x9cj\
\xe0\x9a\x0a\x80}\xfb\x0e\xfc\x5c\xad\xd6\xb95\x22.;\
\xddd\x00@\xa9\xbe\x97s\xf1\xd2Vkd\xefj\x83\
NY\x00\xcc\xcc\xcc<#\xe7t{D\xfc\xec\xc0\xa2\
\x01\x00ez8\xa2\xfbK\xcdfsf\xa5\x01\xab\x16\
\x00\xedv\xfb':\x9d\xbc'\x22\x1a\x03\x8f\x06\x00\x94\
\xe9;\xb5Zzv\xa3\xd1\xb8\xbf\xdf\xcdb\xb5\x99\x9d\
N|,l\xfe\x00p6zZ\xa7\x93o\xcc9\xf7\
\xdd\xebW,\x00\xa6\xa6\xda/\x89\xc8\xaf)/\x17\x00\
P\xb2\x17\xce\xce\xce\xbe\xbe\xdf\x8d\xbe\x8f\x00v\xef\xde\
=\xf4\x94\xa7\x5czOD\xfc|\xa9\xb1\x00\x80\xb2\xfd\
pn\xee\xf8\xd6\x89\x89\x89Gz;\xfb\x9e\x00\x5c|\
\xf1\xa5\xaf\x0e\x9b?\x00\x9c\x0b\x9e\x5c\xaf\x9f\xf7\xe6\xa5\
\x9d}\x0b\x80\x94\xe2M\xe5\xe7\x01\x00*\xf2\x86\x9bn\
\xba\xa9\xd6\xdb\xb1\xac\x00\x98\x99\x99\xd9\x11\x11\x13\x95E\
\x02\x00\xca\xf6\xb4\x1d;v\x5c\xd5\xdb\xb1\xac\x00\xc8\xb9\
\xb8\xa6\xba<\x00@\x15rN/\xe9m\xf7y\x04\xd0\
}AUa\x00\x80\xaa\xe4_\xeem-+\x00RJ\
\xbe\xf7\x0f\x00\xe7\x9cbG\xefo\x02\xf4y\x04\x10\xcf\
\xac6\x10\x00P\xbe\xbc\xf9\xc0\x81\x03?\xb9\xd0ZT\
\x00\x1c:t\xe8\xbc\x88\xa8W\x9e\x09\x00(\xdd\xc9\x93\
'/X\xb8^T\x00\x1c>|\xb8\xb6|8\x00p\
.\xc8yhh\xe1zQ\x01\xd0l6\x1f\x8dH\x9d\
\xea#\x01\x00e\x1b\x1e\x8e#\x0b\xd7\x8b\x0a\x80\x94R\
\x8e\x88\xbeo\x0d\x02\x00\xcej\xdd-[\xb6<\xb0\xd0\
\xe8\xf75\xc0\x03U\xa6\x01\x00\xaa\x90\xbe\xb9u\xeb\xd6\
\xe3\x0b\xad>\x05@\xfaJ\x95q\x00\x80\xf2\xa5\x94\xef\
\xecm\xf7\xf9\x1a`\xfabuq\x00\x80*\xe4\x1c\xff\
\xd9\xdb^V\x004\x9b#\xb7G\xa4C\xd5E\x02\x00\
J6\x9fs\xe7\xe6\xde\x8e~\xbf\x04\x98s\xee\xfe]\
u\x99\x00\x80r\xe5[Z\xad\xd6\x03\xbd=}_\x07\
|\xf2\xe4\x89\x8fD\xc4\xc3\x95d\x02\x00J\x95s\xed\
/\x97\xf6\xf5-\x00&&&\x1e\x89\x88w\x97\x9e\x08\
\x00(U\xce\xf1\x85Vkd\xcf\xd2\xfe\xbe\x05@D\
\xc4\x0f~\xf0\xfd\x0fG\xc4]\xa5\xa6\x02\x00\xcat\xb8\
\xdb\xad\xfdq\xbf\x1bi\xb5YSSS[S\xaa\xed\
\x8d\x88\x8bJ\x89\x05\x00\x94(\xfdF\xb3\xd9\xf8L\xbf\
;+\x9e\x00DD\xb4Z\xadC\x11\xdd_\x8f\x88\xe3\
\xab\x8d\x03\x00\xce,9\xe7\xf7\xaf\xb4\xf9G\x9c\xe2\x04\
`\xc1\xf4t\xfb\x9a\x88\xfc\xf9\x88\xd82\xb0d\x00@\
Y>:6\xd6x\xd3c?\xf1\xdf\xd7\xaa'\x00\x0b\
\x9a\xcd\xc6\xbf\xe7\x5c\x5c\x15\x11\xdf\x1eX4\x00`\xc0\
R'\x22\xbd\xbd\xd9\x1c}\xe3j\x9b\x7f\xc4\x1a\x0b\x80\
\x88\x88Vkd\xcf\xfc\xfc\xdc\x159\xc7\x17N? \
\x000`\xf7\xa5\xd4}Q\xb3\xd9\xf8\x8b\xb5\x0c^\xd3\
#\x80\xa5\xfe\xef\x91@\xf7\xbd\x11\xe9\x8a\x8d\xcc\x07\x00\
\x06\xe6\xa1\x88\xf8\xe0\xd1\xa3\x87?\xb0k\xd7\xaeck\
\x9d\xb4\xa1\x02 \x22\x22\xe7\x9cfgg_\x94s\xbc\
6\x22\xfdZD\x9c\xbf\xd1\xb5\x00\x80\xf5H\x9d\x88|\
GD\xba\xb1^\xaf}f\xfb\xf6\xedG\xd6\xbd\xc2 \
b\xec\xde\xbd{\xe8\x92K.yN\xb7\x1b\xad\xa2(\
.\xcf9\x9e\x12\x917\x0dbm\x00 \xe6S\x8a\x1f\
F\xe4C9\xd7\xf6o\xde<|\xfb\xb6m\xdb\x0e?\
\xd1\xa1\x00\x00\x00\x00\x00\x00\x00\x00\x00\x00\x00\x00\x00\x00\
\x00\x00\x00\x00\x00\x00\x00\x00\x00\x00\x00\x00\x00\x00\x00\x00\
\x00\x00\x00\x00\x00\x00\x00\x00\x00\x00\x00\x00\x00\x00\x00\x00\
\x00\x00\x00\x00\x00\x00\x00\x00\x00\x00\x00\x00\x00\x00\x00\x00\
\x00\x00\x00\x00\x00\x00\x00\x00\x00\x00\x00\x00\x00\x00\x00\x00\
\x00\x00\x00\x00\x00\x00\x00\x00\x00\x00\x00\x00\x00\x00\x00\x00\
\x00\x00\x00\x00\x00\x00\x00\x00\x00\x00\x00\x00\x00\x00\x00\x00\
\x00\x00\x00\x00\x00\x00\x00\x00\x00\x00\x00\x00\x00\x00\x00\x00\
\x00\x00\x00\x00\x00\x00\x00\x00\x00\x00\x00\x00\x00\x00\x00\x00\
\x00\x00\x00\x00\x00\x00\x00\x00\x00\x00\x00\x00\x00\x00\x00\x00\
\x00\x00\x00\x00\x00\x00\x00\x00\x00\x00\x00\x00\x00\x00\x00\x00\
\x00\x00\x00\x00\x00\x00\x00\x00\x00\x00\x00\x00\x00\x00\x00\x00\
\x00\x00\x00\x00\x00\x00\x00\x00\x00\x00\x00\x00\x00\x00\x00\x00\
\x00\x00\x00\x00\x00\x00\x00\x00\x00\x00\x00\x00\x00\x00\x00\x00\
\x00\x00\x00\x00\x00\x00\x00\x00\x00\x00\x00\x00\x00\x00\x00\x00\
\x00\x00\x00\x00\x00\x00\x00\x00\x00\x00\x00\x00\x00\x00\x00\x00\
\x00\x00\x00\x00\x00\x00\x00\x00\x00\x00\x00\x00\x00\x00\x00\x00\
\x00\x00\x00\x00\x00\x00\x00\x00\x00\x00\x00\x00\x00\x00\x00\x00\
\x00\x00\x00\x00\x00\x00\x00\x00\x00\x00\x00\x00\x00\x00\x00\x00\
\x00\x00\x00\x00\x00\x00\x00\x00\x00\x00\x00\x00\x00\x00\x00\x00\
\x00\x00\x00\x00\x00\x00\x00\x00\x00\x00\x00\x00\x00\x00\x00\x00\
\x00\x00\x00\x00\x00\x00\x00\x00\x00\x00\x008\xd3\xa5A,\
25\xb5\x7f4\xa2sUJ\xd1\x8aH\x97G\xc4\xc5\
\x11Q\x1f\xc4\xda\x00@\xccG\xe4\x87\x22\xe2\xde\x9cc\
\xaa(b\xf7\xe8\xe8\xe8\xde\x94Rw\xa3\x0bn\xb8\x00\
\xd8\xb7o\xdfE\xb5\xda\xf0\xefF\xa4\xeb#\xf2\xe5\x1b\
]\x07\x00\xd8\x90o\xa7\x94>u\xf2d\xed\xa3W\x5c\
\xb1\xfd;\xeb\x9d\xbc\xee\x02\xa0\xddn\xd7\xe7\xe7\xbbo\
M\xa9xkD\xbep\xbd\xf3\x01\x80\x81:\x1e\x117\
\xcc\xcd\x1d\xff\xb3\x89\x89\x89G\xd6:i]\x05\xc0\xcc\
\xccL3\xe7\xf4\xd9\x88\x18Yo:\x00\xa0T\xdf\xed\
v\xe3\xfa\x9d;Go]\xcb\xe0b\xad\xabNM\xcd\
^\x97s\xb1'l\xfe\x00p&\xfa\xe9\xa2\x88\x7f\x9b\
\x9e\x9e}\xe7Z\x06\xaf\xe9\x04`z\xba\xfd\xfa\x88\xfc\
\xb1XG\xc1\x00\x00<a>26\xd6xsJ)\
\xaf4\xe0\x94\x1b\xfa\xf4t\xfbZ\x9b?\x00\x9cU\xde\
8;\xbb\xff\xbd\xab\x0dX\xf5\x04\xe0\xee\xbb\xdb\x8d\xa2\
\x88\xbb\x22\xf2\xe6\xc1\xe6\x02\x00\xca\x97^\xd3l6n\
\xec{g\xa5)\xedv\xbb\xde\xe9\xe4\xbd\x11\xd1(-\
\x17\x00P\xa6\xc3)\xe5\xd1\xb1\xb1\xb1o-\xbd\xb1\xe2\
\xb1~\xa7\x93\xff(l\xfe\x00p6\xbb \xe7\xe2C\
\xfdn\xf4=\x01x\xecG~\xbe\x19\x11\x17\x94\x1a\x0b\
\x00(]\xce\xc5/\xb6Z#{z\xfb\xfa\x9e\x00\xd4\
j\xf57\x84\xcd\x1f\x00\xce\x09)u\xdf\xbe\xb4o\x85\
G\x00\xf9\xfa\xb2\xc3\x00\x00\x95yi\xbb\xdd\xfe\xa9\xde\
\x8ee\x05\xc0\xddw\xb7\x9f\x13\x11\x97U\x16\x09\x00(\
\xdb\xd0\xfc|~eo\xc7\xb2\x02\xa0V\x8b\xab\xaa\xcb\
\x03\x00Td\xd1\xfe\xbe\xac\x00\xe8v\xf3\xae\xea\xb2\x00\
\x00UH)&z\xdb\xcb\x0a\x80\xa2\x08\xaf\xf6\x05\x80\
s\xcf3\xa6\xa6\xa6\x9e\xb4\xd0XV\x00\xe4\x1c\xcf\xac\
6\x0f\x00P\x81\xd4\xed\xd6/]h,*\x00\x0e\x1e\
<\xb8)\x22\xea\x95G\x02\x00JW\xab\x9d<\x7f\xe1\
zQ\x010777\x5c}\x1c\x00\xa0\x0aEQ<\
\xbe\xef/*\x00FFF\x1e\x8d\x88n\xe5\x89\x00\x80\
\xd2u\xbb\xdd\xc7\xf7\xf8E\x05@J\xa9\x1b\x11\xdf\xaf\
<\x11\x00P\xbaZ\xad\xf6\xf8\x1e\xdf\xe7\x97\x00\xd3=\
U\x86\x01\x00*qbdd\xe4\x81\x85\xc6\xb2\x02 \
\xa5\xf8j\xb5y\x00\x80\xf2\xe5}\x8f\x9d\xf4GD\xdf\
\x13\x80\xee\x17\xab\x8c\x03\x00\x94/\xe7\xf8ro{Y\
\x01\xf0\xe0\x83\x0f\xee\x8e\x88\xfb+K\x04\x00\x94.\xe7\
\xe2\x9f{\xdb\xcb\x0a\x80+\xaf\xbcr>\x22\xfe\xbe\xb2\
D\x00@\xd9\xeek\xb5F\xee\xe8\xed\xe8\xfb:\xe0\x94\
\xf2\x07#\xd2\xb1j2\x01\x00\xe5J\x1f\xec}\xfe\x1f\
\xb1B\x01066\xf6\xbd\x88\xfc\xd7\xd5\x84\x02\x00J\
t\xdf\xf9\xe7o\xf9\xdb\xa5\x9d}\x0b\x80\x88\x88\xa3G\
\x0f\xbf?\x22\xbe^j$\x00\xa0T9\xc7[\xb6n\
\xddz|i\x7fZm\xd2\xec\xecl\xab\xdb\x8d=\x11\
q^i\xc9\x00\x80R\xe4\x9cnh\xb5\x1a\xbf\xd7\xef\
\xde\x8a'\x00\x11\x11\xa3\xa3\xa3S\x11\xe9\xba\x88\xd4)\
'\x1a\x00P\x8e|\xdb\x96-\xf5\xb7\xactw\xd5\x02\
 \x22\xa2\xd9l\xdc\x1c\x11\xafS\x04\x00\xc0\xd9\x22}\
\xa5\xd3\x99\x7f\xf9\xb6m\xdbN\xac4\xe2\x94\x05@D\
D\xb3\xd9\xf8D\xce\xf9\x15\x11qx`\xd9\x00\x80\x12\
\xa4\x7f\x9a\x9b;\xf6\xa2\xf1\xf1\xf1\x87W\x1d\xb5\x9e%\
\xdb\xed\xf6\xb3:\x9d\xee?D\xa4_8\xbdp\x00\xc0\
\x80\xfd(\xe7\xfc\x8efs\xf4oRJ\xf9T\x83\xd7\
U\x00DD\xe4\x9c\x8b\x99\x99\xfd\xbf\x13\x11\xef\x8a\xc8\
?\xb3\xa1\x88\x00\xc0\x80\xa4ND\xf7s\xb5Z\xf1\xa7\
\x8dF\xe3\xbf\xd7<k\xa3\x1fw\xf0\xe0\xc1M\xc7\x8e\
\xcd\xbd:\x22_\x1f\x11\xcf?\x9d\xb5\x00\x80u\xfbV\
D|\xb6VK\x1fo4\x1a\xff\xb5\xde\xc9\x03\xd9\xb4\
\xf7\xee\xdd{\xe9\xf0\xf0\xf0\x959\xa7\xf1\x88ty\xce\
\xf9\xa2\x94\xd2\x05\x83X\x1b\x00\xe8\xfe(\xa28\x92s\
\xdc[\x14\xdd\x03EQ\xdc\xd6h4\xf6?\xd1\xa9\x00\
\x00\x00\x00\x00\x00\x00\x00\x00\x00\x00\x00\x00\x00\x00\x00\x00\
\x00\x00\x00\x00\x00\x00\x00\x00\x00\x00\x00\x00\x00\x00\x00\x00\
\x00\x00\x00\x00\x00\x00\x00\x00\x00\x00\x00\x00\x00\x00\xa0,\
\xff\x0b\x15\xab@\xf1\xd3\x97\x8aG\x00\x00\x00\x00IE\
ND\xaeB`\x82\
\x00\x00\x1f_\
\x89\
PNG\x0d\x0a\x1a\x0a\x00\x00\x00\x0dIHDR\x00\
\x00\x02\x00\x00\x00\x02\x00\x08\x06\x00\x00\x00\xf4x\xd4\xfa\
\x00\x00\x00\x09pHYs\x00\x00\x0b\x13\x00\x00\x0b\x13\
\x01\x00\x9a\x9c\x18\x00\x00\x1f\x11IDATx\x9c\xed\
\xdd\x07\xb4mUu7\xf0\x0b\x0fP\xaaT\x11A\x14\
\x08\x18\x0b6b\xc3\x8aX\x07X\x86\xe6\xa9\xa8\x10\x1b\
*|\xc3h\xd4\x08j\xf4\xd3\xd8P>%vQ\x89\
\x06K,\xa8\xb1c\x03+\xc4`bA\x14\x0b(*\
Xh\x0a\x82\xf4\xff76\xd9\xe0{p\xdf=\xf7\xde\
w\xce\x9e\xe7\xec\xfd\xfb\x8dq\xc7\xa0\x9cs\xc7={\
\xcd5\xd7>{\xad5\xd7\xdc\x1c\x00\x00\x00\x00\x00\x00\
\x00\x00\x00\x00\x00\x00\x00\x00\x00\x00\x00\x00\x00\x00\x00\x00\
\x00\x00\x00\x00\x00\x00\x00\x00\x00\x00\x00\x00\x00\x00\x00\x00\
\x00\x00\x00\x00\x00\x00\x00\x00\x00\x00\x00\x00\x00\x00\x00\x00\
\x00\x00\x00\x00\x00\x00\x00\x00\x00\x00\x00\x00\x00\x00\x00\x00\
\x00\x00\x00\x00\x00\x00\x00\x00\x00\x00\x00\x00\x00\x00\x00\x00\
\x00\x00\x00\x00\x00\x00\x00\x00\x00\x00\x00\x00\x00\x00\x00\x00\
\x00\x00\x00\x00\x00\x00\x00\x00\x00\x00\x00\x00\x00\x00\x00\x00\
\x00\x00\x00\x00\x00\x00\x00\x00\x00\x00\x00\x00\x00\x00\x00\x00\
\x00\x00\x00\x00\x00\x00\x00\x00\x00\x00\x00\x00\x00\x00\x00\x00\
\x00\x00\x00\x00\x00\x00\x00\x00\x00\x00\x00\x00\x00\x00\x00\x00\
\x00\x00\x00\x00\x00\x00\x00\x00\x00\x00\x00\x00\x00\x00\x00\x00\
\x00\x00\x00\x00\x00\x00\x00\x00\x00\x00\x00\x00\x00\x00\x00\x00\
\x00\x00\x00\x00\x00\x00\x00\x00\x00\x00\x00\x000pI\xd6\
M\xb2E\x92\x9b'\xb9U\x92=\x92\xdc\x7f\x95\x9fG\
&Y\xb9\xca\xcf>\xab\xfc\xbf{\xb7\xaf\xdf9\xc9\xb6\
I6\xad\xfe<\x000hIV$\xd9)\xc9\x03\x93\
<1\xc9\xa1I\x8eH\xf2\xbe$_L\xf2\xfd$\xbf\
Mre\xc6\xeb\xb2$g%99\xc9\xf1I>\x9c\
\xe4\x0dI\x9e\x97d\xbf$\xf7lo6VT_#\
\x00\x98YIn\x9ad\xef$\xcfH\xf2\xff\x92|\x22\
\xc9\x8f\x92\x5c\x9a\xe9\xd6\xfc}\xa7&\xf9t{cr\
p\x92\xfb&\xd9\xb2\xfa\x9a\x02\xc04\x0e\xf6\x0fM\xf2\
\xd2$\x9fj\xbfi\xf7\xd1\x99I>\x9f\xe4\xf0$\x8f\
M\xb2K\xf5\xb5\x07\x80N$Y/\xc9\xdd\x92\xbc\xb0\
\xfd\x96\xdc\xd7\xc1~\xb1\xceMrl\x92\x7fN\xf2\x80\
$\x1bW\xb7\x11\x00\x8ck1\xde\x1d\x93<\xa7\x1d\xf0\
/\xa8\x1eq\xa7\x5c\xb3\xd6\xe0\x84$\xafN\xf2\xe0$\
\x1bV\xb7!\x00,J\x92\xad\xda\x05z\xc7$9\xa7\
zD\x9dq\x17'\xf9\x5c\x92\xbfO\xb2ku\xdb\x02\
\xc0j\xda\x15\xf0\xcfjW\xc8_Q=j\xf6\xd8O\
\x93\xbc&\xc9]\x92\xacS\xdd\xee\x00\x0cP\x92['\
yI\x92\xff\xa9\x1e\x15\x07\xea\x8cv\xa7\xc1=\xdc\x0c\
\x000QI6O\xf2\xb4$\xdf\xa8\x1e\xfdX\xcd/\
\x93\x1c\x96d\xb7\xea\x18\x01\xa0_+\xf7\xf7M\xf2\x91\
$\x97T\x8ft\x8ctB{\x93\xb6Iu\xec\x000\
\x83\xdaR\xb8\xcd\x9e\xf5\xdfT\x8fh,\xcb\x1f\x93\xbc\
5\xc9\xed\xabc\x09\x80\x19\xd0V\xae\xfb\xf8\x04\xca\xe9\
R\xfbT\xa0)>\xb4^u|\x010E\x92l\xd0\
\x1e\x8a\xf3\x9f\xd5#\x15\x13uV[qq\x8b\xea\x98\
\x03\xa0P\x92\xad\xdb*t\xbf\xab\x1e\x99\xe8TS\x90\
\xe9uM\x19\xe6\xea\x18\x04\xa0\xfbb=\xcd7\xc1?\
T\x8fD\x94\x1f^t\xb4s\x09\x00\x86\xf1\x8d\xbf)\
3{a\xf5\xc8\xc3\xd4\xdd\x08\xbc\xa3)\xe8T\x1d\xa3\
\x00\x8c\x91o\xfc,\xe1F\xe0\xc8$\xdbV\xc7,\x00\
k\xa19L\xa6=y\xcf!<,\xc5\x05m\x95G\
\xb5\x04\x00fM\x92\x87&9\xbdz$a\xa6\x9d\xd3\
\x9e\xf1\xb0\xa2:\x9e\x01\x18!\xc9\x9d\x93|\xbdz\xe4\
\xa0W\xfe;\xc9\xbd\xaac\x1b\x80y$\xd91\xc9\x07\
\x92\x5cU=Z\xd0KM\x5c\xfd\xbb\xad\x83\x00S\x22\
\xc9\xbam\xedw+\xfb\xe9\xc2\x9f\x92\x1cbZ\x00\xa0\
P\x92\xdb%\xf9V\xf5\x88\xc0 5\xc7@\xdf\xb9\xba\
\x0f\x00\x0cqu\xffk\x92\x5c^=\x0a0h\x97\xb7\
u%nP\xdd'\x00z/\xc9\xbd\x93\x9cZ\x9d\xf9\
a\x15\xa7x\x1a\x000!I6J\xf2v\x8b\xfc\x98\
\xe2\xa7\x01/o\x0e\x96\xaa\xee+\x00\xbd\x91\xe4\xb6I\
\xbe_\x9d\xe1a\x11Nn\xe2\xb5\xba\xcf\x00\xcc\xb4$\
\xeb\xb4\x85X.\xa9\xce\xea\xb0\x04\x177q[\xdd\x7f\
\x00fR\x92\xed\x93|\xa9:\x93\xc3Z\xf8P\x92\xcd\
\xab\xfb\x12\xc0\xccH\xf2\xf0\xb6\x0c+\xcc\xba\xd3\x92\xdc\
\xb1\xbaO\x01\xcc\xc2#\xff\xa6\xc8\xca\x95\xd5Y\x1b\xc6\
\xe8\xcfI\x0e\xac\xee_\x00S)\xc9fI\xfe\xa3:\
S\xc3\x04\x1d\xdd\xecf\xa9\xeek\x00S#\xc9\xeeI\
~V\x9d\x9d\xa1\x03M\xe5J\xe7\x09\x00$yL[\
_\x1d\x86\xe2L\x85\x83\x80\xa1\xcf\xf77eT\x15\xf6\
a\x88.J\xf2\xe8\xea~\x08\xd0\xa9\xa6vz{\xb4\
*\x0cYs\xf3\xfbO\xd5\xfd\x11\xa0\x13\xcd\xbe\xe8$\
_\xa9\xce\xbc0E\xfe5\xc9z\xd5}\x13`\xd2\xc5\
}\xbe[\x9dma\x0a}\xd2\x0e\x01\xa0\x97\x92\xdc\xa1\
]\xfc\x04\xcc\xef\xc4$[U\xf7U\x80\xb1I\xb2w\
\x92\x0b\xaa\xb3+\xcc\x80\xe6\xd0\xab\x9bT\xf7Y\x80\xb5\
\x96\xe4\xc1\xed\xe1(\xc0\xe2\x9c\x9ed\xe7\xea\xbe\x0b\xb0\
lI\x1e\xd2\x96A\x05\x96\xe6\x8c$\xbbV\xf7a\x80\
%K\xf2\x88$\x97VgQ\x98a\xcd\x9a\x197\x01\
\xc0\xecH\xf2\xb7I.\xab\xce\x9e\xd0\x03\xbfJ\xb2K\
u\x9f\x06\x18)\xc9~I.\xaf\xce\x9a\xd0\xb3\xe9\x80\
\x9d\xaa\xfb6\xc0\xa8\xc7\xfeWTgK\xe8\xa1\x9f'\
\xd9\xb1\xba\x8f\x03\x5cO\x92\xbd,\xf8\x83\x89\xfai\x92\
m\xab\xfb:\xc0\xb5\x92\xdc>\xc9\xf9\xd5\xd9\x11\x06\xa0\
\xa9\xa4\xb9yu\x9f\x07h\x06\xff\xbfJ\xf2\xdb\xea\xac\
\x08\x03r\x5c\x92\x1bV\xf7}`\xc0\x92\xdc\xac]\xa0\
\x04t\xeb#I\xd6\xad\xce\x01\xc0\x00%\xd92\xc9\x0f\
\xab\xb3 \x0c\xd8k\xab\xf3\x0000\xcd\xd1\xa5I\xbe\
T\x9d\xfd\x80\x1c\x5c\x9d\x0f\x80\x01I\xf2\xd6\xea\xac\x07\
\x5c\xad\xd9v\xbbouN\x00\x06\xa0\xf9\xc6Q\x9d\xf1\
\x80\xd5\xfc1\xc9\xad\xaas\x03\xd0cI\xee\xad\xbe?\
L\xa5\x1f\xdb\x1e\x08LDS\x8a4\xc9\xd9\xd5Y\x0e\
X\xa3c\x93\xac\xa8\xce\x15@\x8f$\xd9,\xc9\x8f\xaa\
\xb3\x1b0\xd2+\xaa\xf3\x05\xd0#I>X\x9d\xd5\x80\
E\xb9*\xc9C\xabs\x06\xd0\x03I\x0e\xaa\xceh\xc0\
\x92\x9c\x97\xe4\x16\xd5\xb9\x03\x98aIvOrqu\
6\x03\x96\xec[I6\xa8\xce!\xc0\x0cJ\xb2\x89y\
\x7f\x98i\x87W\xe7\x11`\x06\x99\xf7\x87^\xac\x07x\
pu.\x01fH\x92gTg.`,\xceJ\xb2\
uuN\x01fg\xbf\xff\x85\xd5Y\x0b\x18\x9b\x8fW\
\xe7\x15`\xca5\xc7\x8b&\xf9ju\xb6\x02\xc6\xee\x89\
\xd5\xf9\x05\x98bI\x9e]\x9d\xa5\x80\x89\x9d\x17\xb0c\
u\x8e\x01\xa6P\x92\xddl\xf9\x83^\xfblu\x9e\x01\
\xa6\xf3\xd1\xff\xd7\xaa\xb3\x130q\xfbW\xe7\x1b`\x8a\
$y^uV\x02:qn\x92m\xabs\x0e0\x05\
\x92\xec\xec\xd1?\x0c\xca\x07\xab\xf3\x0e0\x05\x92|\xb2\
:\x1b\x01\x9dS \x08\x86,\xc9\x83\xaa\xb3\x10P\xe2\
'InP\x9d\x83\x80\x02M\xe7O\xf2\xe3\xea,\x04\
\x949\xb4\x22\xf7\x00\xc5\x92\xbc\xb8:\xfb\x00\xa5\xfe\xa4\
6\x00\x0cL\xd3\xe9\xdb\xce\x0f\x0c\xdb\xfb\xab\xf3\x11\xd0\
\xa1$\x1f\xab\xce:\xc0\xd4\x9c\x18x\x97.\xf3\x0fP\
$\xc9=\xab3\x0e0UNH\xb2NUN\x02:\
\x92\xe4+\xd5\xd9\x06\x98:\x8f\xea*\x07\x01\x05\x92\xec\
S\x9de\x80\xa9\xd4\xec\x08Z\xaf\x22/\x01\xdd\xd4\xfb\
\xffNu\x96\x01\xa6\xd6\x93&\x9d\x87\x80\x02I\x1eW\
\x9d]\x80\xa9\xf6\x8b$\x1bT\xe4'`B\x92\xac\x9f\
\xe4\xa7\xd5\xd9\x05\x98z\x07M*\x0f\x01\x05\x92<\xbd\
:\xab\x003\xe1\xd7InX\x91\xa7\x801K\xb2\x22\
\xc9\xcf\xaa\xb3\x0a03\x9e>\xee<\x04\x140\xf7\x0f\
,\xd1iv\x04\xc0\x8ck\x8a{X\xf9?8\xe7$\
9.\xc9Q\xedy\x0f\xfb\xb7\xa7>\xde\xa9-\x01\xbd\
E\xf3\xb3J\x8cl\xd0\xfe\xb7\xad\x92\xec\x96\xe4\xeeI\
\x1e\x9a\xe4\x19I\x0ek\xce\x8eO\xf2\xdfI.\xa9\xfe\
`t\xeaq\xb5\xd9\x0bX+\x8e\xfb\xed\xbd\x0b\x93|\
9\xc9?'yH\x92\x9bN0\x96\xd6Kr\x9b$\
OH\xf2\xd6$\xdfKre\xf5\x05`b\x9a\xf6U\
\x1d\x10fU\xfbM\x90~i\x9e\xe8\xbc:\xc9\xbd\xab\
\x1f\xd3&\xd92\xc9c\x92\xbc'\xc9\xef\xaa/\x0cc\
\xf7\x90\xca\xf8\x02\x96)\xc9\x9d\xab\xb3\x07c\xf3\xdd$\
/H\xb2\xcb\xdct/6\xdd+\xc9\xdb\x92\x9c]}\
\xc1\x18\x8b\xcfU\xc7\x15\xb0\x0cI>R\x9d=X+\
\x7fl\x07\xd3;\xcd\xcd\x98v]\xc1\xa3\x93|\xc14\
\xc1\xcc\x9f\x14x\xcb\xeax\x02\x96 \xc9\x0eI\xae\xa8\
\xce\x1e,\xcb\xcf\x93\x1c\x92d\xf3\xb9\x1eH\xb2s\x92\
7$\xb9\xa8\xfa\xc2\xb2,o\xaa\x8e!`\x09\x92\xfc\
\xdf\xea\xac\xc1\x92\xfd0\xc9c\x9bG\xe9s=\x94d\
\xeb$\xafl\x17.2;.Hr\xa3\xea\xf8\x01\x16\
?\x17\xfb\xcb\xea\xac\xc1\x92\xf6\x5c\xef\xdf\xd7\x81\xff\xba\
\x92l\x93\xe4\xf0$\x7f\xae\xbe\xf0,\xda\xc1\xd5q\x03\
,B\x92}\xab\xb3\x05\x8b\xf2\xa7$/\x1dj\xd9\xd5\
$7Krt;\xcf\xcct\xfb^u\xbc\x00\x8b\x90\
\xe4\x93\xd5\xd9\x82\x91\x9a\xe2:7\xa9\x8e\x95i\xd0\xee\
\x1c\xf8Iu\x830\xd2\xcc-F\x85A\xb1\xf8o\xea\
\xfd\xaa\xa9\xb2W\x1d'\xd3&\xc9\x86mm\x83\xcb\xab\
\x1b\x885zku\x9c\x00\x0b\xb0\xf8o\xea\xbf\xf5_\
[\x82\x97\xebKrW\xc7VO\xad?47j\xd5\
1\x02\xac\xb9\xee\xff\xe9\xd5Y\x82\xebiV\xbd\x1fP\
\x1d\x1f\xb3\x22\xc9&I\xde]\xddh\xcc\xeb\xd1\xd5\xf1\
\x01\xcc#\xc9\xdd\xaa\xb3\x03\xd7\xd3\xccm\xdf\xb6:6\
fQs\xd3\x94\xe4\xe2\xea\x06d5\x1f\xaf\x8e\x0b`\
\x1eI^_\x9d\x1dX\xcd\xa7\x92lV\x1d\x17=(\
g}fuCr\xadK\xfaR\xa0\x0az#\xc9\xba\
I~]\x9d\x1d\xb8\xd6\xbf%Y\xbf:.\xfa \xc9\
\xcd\x93\x9cZ\xdd\xa0\x5c\xeb)\xd51\x01\xac\x22\xc9\xbd\
\xaa\xb3\x02\xd7jV\xb3;Fu\xfc\xc5\x83N\xaan\
X\xae\xf6\xc5\xeax\x00V\x91\xe4\xcd\xd5Y\x81\xab\x0b\
\xda\xfccu,\xf4U\x92\x8d\x9b\xd3\xe9\xaa\x1b\x99\x5c\
\xd6\x1c\x03]\x1d\x0f\xc0_J\xff\xfe\xa6:+\x0c\x5c\
\xb3\x7f\xfd\x09\xd5\xb1\xd0w\xed)\x83\x1f\xaanl\xc4\
:LS%5j\xbf\xf9\x9b\x17\xedH\xb3\xb6\x22\xc9\
\xa7\xab\x1b}\xe0\x8e\xa9\x8e\x03\xe0\x7f\x13bs\xb0\x0a\
u\x0e\xad\x8e\x81\x81V\x0e\xfczu\xc3\x0fXs\xb4\
\xf3F\xd5q\x00\x83\x97\xe4\xe4\xeal0`GT\xb7\
\xffP5\xf3\xd0IN\xa9\x0e\x80\x01\xfbb\x92\x0f\xfb\
\xf13\xe3?G\xb6[\xe8_\x9e\xe4yI\x1e\x95d\
\xf7$7\x98\x9b\x91\xda\xff\xd4x_\xb3\xfd\xb2:\x06\
\x86\xac=Q\xd0\xd1\xd7\xc0\xb8]\xd9V\xd6mJ\xb8\
?=\xc9\xaes\xd3\xa6\x99{\x1e\xfb\xc7f1\x8e\xb7\
\xcf\x7f:4\x95\x16\xdb\xa3\x95\x01&}\x98[\xb3\xe3\
\xee\xaes\xd3\xa0}\x84A\xf7Ap\xe3\xea\xb6\xe7/\
\x92<\xb1:(\x80A95\xc9\x8b\xca\xc6\x82$\xeb\
%9\xaf\xfa*\x0c\xcc\xa5Ss\xf7\xc7j\x92\xbc\xa7\
:8\x80\xc1\xb98\xc9\x1b\x9a\xe9\xc8\xae\x13\xde\x9e\xd5\
\x9f|\x80\x9e\xdfi#\xb3\xd4BA\x16\x05\x02U_\
\x0e\x8f\xec\xec\x89@\x92\x97\x94|\xcca\xcf\xfb[\xf4\
7\xc5\x92\xdc\xa6\xdd\xa2\x06P\xa1y*\x7f\xd0\xc4\xc7\
\x8a$\xc7\x96|\xbca\xba \xc9\x8e\x13mP\xc6\x22\
\xc93\xab\x83\x05\x18\xbc\x93\x92\xdcn\x92\xa7\xff\xfd\xa1\
\xfa\x13\x0e\xc8\xff\x99HC2\xa9\xbe\xf1\xad\xea\x80\x01\
\x06\xef\xcfI\x9e5\xa9\xadOt\xe3\x9b\x1e\xfd\xcf\x96\
f\xa1f\xbb\x8f\x17\xa0ZSK`\xb3q&\xb8\x03\
\xab?\xd1@4\x83\xc8\x1d\xc7\xd6pt&\xc9;\xaa\
\x83\x07\xa0u\xca\xd8v\x0a$y\xf75\xbf\x95\x89z\
\xe7X\x1a\x8c\xaaR\xc1\xbf\xaf\x0e \x80\xd6\x99cY\
\x17\xd0\x16!`\xb2.L\xb2\xedXF#J\xb4%\
<\x01\xa6\xc59I\xee\xb66Im\xab\xf6\x08Z&\
\xebUc\x1d\x8d\xa8::\xf8\x17\xd5\x81\x04\xb0\x8a?\
.{j9\xc9\x03V\xfdML\xac\x81\xb6\x1c\xfb\x88\
D\xe7l\x0b\x04\xa6\xd0YIvZNB{v\xf5\
_>\x00\xaf\x9c\xc8hD\xe7\x92l\x98\xe4\xb7\xd5\x01\
\x05p\x1d?I\xb2\xcdR\x13\xda;\xaf\xfb[\x18\xab\
K\x92l7\xb1\x11\x89\xce%9\xa4:\xa8\x00\xe6q\
\x5c\x92\x15KIf'\xcc\xf7[\x18\x9bwMt4\
\xa2\xea\x9c\x80\xb3\xab\x03\x0b`\x1e/^J2;\x7f\
\xbe\xdf\xc0\xd8\xdca\xa2\xa3\x11%\x92\x1cV\x1dX\x00\
\xf3\xb8\x22\xc9}\x17\x93\xc4\xb6\x9f\xef\xdd\x8c\xcdI\x9d\
\x8cFt.\xc9\xaev\xcf\x00S\xea\x97I6\x19\x95\
\xc4\x1eT\xfdW\xf6\xdc\x81\x9d\x8dHt.\xc9W\xaa\
\x03\x0c`\x0d^3*\x81\xfd\xc3\x9a\xde\xc9X\x16\xff\
\xdd\xa8\xb3\xd1\x88\xce%yru\x90\x01\xac\xc1\xe5\x0b\
V\x0aL\xf2\x965\xbd\x93\xb5\xf6\x89NG#:\x97\
d\x8b$\x97V\x07\x1a\xc0\x1a\x1c\xbfP\x02\xfb\xe4\x9a\
\xde\xc5Z{B\xa7\xa3\x11%\x92|\xba:\xd0\x00\x16\
p\xbf5%\xaf\xef.\xf4.\xd6j\x15\xa6\xca\x7f\x03\
\x90\xe4i\xd5\xc1\x06\xb0\x80/\xad)y\x9d\xbb\xd0\xbb\
X\xb6\xafw>\x12Q\x22\xc9\x0e\xd5\xc1\x060\xc2\x9e\
\xd7M\x5c\x1b\x8dz\x07\xcb\xf6\xa2\xb2\x11\x89\xce%\xf9\
Au\xc0\x01,\xe0\xa3\xd7MZ\xb7\x5c\xe8\xd5\xac\x95\
\xe5\x1f\xcf\xc8\xccI\xf2\xc6\xea\x80\x03X@\xb3Xy\
\xebU\x93\xd6\xfd\x17z5k\xb5\xfd\xef\x06\xa5#\x12\
\x9dJ\xf2\x98\xea\xa0\x03\x18\xe1\xe0U\x93\xd6\x93F\xbd\
\x9ae\xf9Z\xe9hD\xe7T\xd4\x04f\xc0\x89\xab&\
-'\x9aM\xc6\xebKG#J\xb4\xe7q\x03L\xb3\
\x9b_\x93\xb0^U\xfd\x97\xf4\xd4\xdfU\x0fFt/\
\xc9\xb1\xd5\x81\x070\xc2\x93\xafIX\xaa\x00N\xc6\x1d\
\xab\x07#\xba\x97\xe4\xf0\xea\xc0\x03\x18\xe1\xbd\xd7$\xac\
\xf7\x8ez%K\xd6\x9c\x0e\xb7a\xf5`D\xf7\xac\xa9\
\x01f\xc0\x99\xd7$\xacOT\xff%=\xf4\x9b\xea\x81\
\x88\x1aI\xf6\xaa\x0e>\x80E\xd8\xc5Q\xa6\x93qB\
\xf5@D\x8d$\xb7\xa8\x0e>\x80E\xd8\xa7IX\xff\
\xb3\x98W\xb2$\x1f\xaa\x1e\x88\xa8\x91d\xbd$WV\
\x07 \xc0\x08\xcfm\x12\xd6\xe9\xa3^\xc5\x92\xbd\xa9z\
 \xa2N\x92s\xaa\x03\x10`\x84#\x9bd\xf5\xdbQ\
\xafb\xc9^V=\x08Q'\xc9\xa9\xd5\x01\x080\xc2\
\xf1M\xb2\xfa\xfd\xa8W\xb1d\x7f_=\x08Q\xa7Y\
\x03R\x1d\x80\x00#|\xcf\xe3\xca\xc9xj\xf5 D\
\x9d\xe6\xdc\xed\xea\x00\x04\x18\xe1\xf4&Y\x9d;\xeaU\
,\xd9\x01\xd5\x83\x10u\x92|\xa6:\x00\x01F8\xbb\
IV\xe7\x8dz\x15K\xf6\xd8\xeaA\x88:I>V\
\x1d\x80\x00#\x5c\xd2$\xab\xf3G\xbd\x8a%s\x030\
`n\x00\x80Y\xb9\x01\xf8C\xf5_\xd1C\xa6\x00\x06\
\xcc\x14\x000+S\x00\x7f\xac\xfe+z\xc8\x22\xc0\x01\
\xb3\x08\x10\x98\x95E\x80\x9e\x00\x8c\x9fm\x80\x03f\x1b\
 0+\xdb\x00\xcf\xaa\xfe+zH!\xa0\x01K\xf2\
\xe3\xea\x00\x04\x18\xe18\xc9j2\xde\x5c=\x08Q\xc7\
\xd6Z`VJ\x01\x9fT\xfdW\xf4\x90\xc3\x80\x06\xca\
a@\xc0\x8cxN\x93\xb0\x8e\xaf\xfe+z\xe8\xc4\xea\
\x81\x88\x1aIv\xaa\x0e>\x80\xc5\x1e\x07\xfc\x89\xc5\xbc\
\x92%\xf9M\xf5@D\x8d${U\x07\x1f\xc0\x22\xec\
\xdc$\xac\xf7-\xe6\x95,\xc9UI6\xaa\x1e\x8c\xe8\
^\x92'W\x07\x1f\xc0\x08\xbf\xbe&a\xbdm\xd4+\
Y\x96=\xaa\x07#\xba\x97\xe4u\xd5\x81\x070\xc2\xd1\
\xd7$\xac\xd7\x8ez%\xcb\xf2\xa4\xea\xc1\x88\xee%\xf9\
Bu\xe0\x01,j|J\xf2\xfcQ\xafdY^_\
=\x18\xd1=u5\x80\x19\x98\xa2\xde\xf1\x9a\x84\xf5\xf8\
\xea\xbf\xa6\xa7\xbeQ=\x18\xd1\xad$;T\x07\x1d\xc0\
\x08'\xac\x9a\xb4\xee;\xea\xd5,\xcb%InX:\
\x22\xd1\xa9$\xfbU\x07\x1d\xc0\x08\x07\xad\x9a\xb4v\x1d\
\xf5j\x96m\xcf\xd2\x11\x89N5\x15 \xab\x03\x0e`\
\x01\x97&\xd9z\xd5\xa4\xb5\xd1B\xaff\xad\xfcS\xe9\
\x88D\xa7\x92\x9cR\x1dp\x00\x0b8f\xbe\xc4u\xde\
B\xef`\xd9\xac\x03\x18\x88$7\xab\x0e6\x80%?\
\x95Nr\xf2\xa8w\xb1,W$\xd9\xb2dD\xa2S\
I\x9e^\x1dl\x00\x0b\xf8\xc2\x9a\x92\xd7\xe7\x16z\x17\
ke\xff\xceG#:\x97\xe4\xb3\xd5\x81\x06\xb0\x80\xfb\
\xac)y\xbds\xa1w\xb1V>\xd5\xf9hD\xa7\x9a\
\xa7<I.\xab\x0e4\x805\xf8\xd2B\x09\xec\x1f\xd7\
\xf4.\xd6Z30\x98\x06\xe8\xb1$O\xad\x0e2\x80\
\x05V\xfe\xdfj\xa1\x04\xb6\xef\x9a\xde\xc9X<\xbd\xd3\
\x11\x89N%\xf9ju\x80\x01\xac\xc1\xabG%\xb0\x9d\
\xd7\xf4N\xc6\xe2\xdb\x9d\x8dFt*\xc9nmiM\
\x80isF\x92\x8dG%\xb1u\x93\x5cT\xfd\x97\xf6\
\xdc\x1d;\x1b\x95\xe8L\x92\xd7T\x07\x16\xc0<.O\
r\xef\xc5&\xb2\xef\xcc\xf7\x1b\x18\x9b\x7f\x9d\xf8hD\
\xa7\xda\x22ZgW\x07\x16\xc0<^\xb8\x94d\xf6\xfe\
\xf9~\x03c]\x0c\xb8\xc3DG$:\x95\xe4\x99\xd5\
A\x050\x8f/'Y\xb1\x94d\xf6\xa2\xf9~\x0bc\
\xf5\xaa\x89\x8eHt&\xc9zIN\xab\x0e(\x80\xeb\
8u\xb5z\xff\x8bLh\x8f\xba\xeeoa\xec.L\
\xb2\xcd\xc4F%:\x93\xe4I\xd5\xc1\x04p\x1dg&\
\xb9\xc5r\x12\x9aS\x01\xbbq\xd8DF$:\x93d\
}\xdf\xfe\x81)s~\x92\xdd\x97\x9b\xd4\xd6q(P\
'\xfe\x94d\xbb\xb1\x8fJt\xa69O\xbb:\x88\x00\
VqN\x92\xbb\xaemb\xfb\xfc\xaa\xbf\x91\x89y\xf7\
\xd8F#:\x95d++\xff\x81){\xec\xbf\xfb8\
\x92\xdb+\xaa?\xc9@\x5c\x99\xe4o\xc62\x22\xd1\xa9\
$\xef\xaa\x0e\x1e\x80\xd6\xc9c\xdb]\x96\xe4\xe1\xd7\xfc\
V&\xee?\x97\xb4M\x83rI\xee\xae\xea\x1f0%\
\x9a\xad\xfb\x9b\x8e3\xc1mW\xfd\x89\x06\xe6Yck\
<\xba\xd8\xf6\xa7X\x16P\xed\xe2$\x07N*\xd1\xfd\
\xa4\xfa\xd3\x0dl[\xe0\xd2\xb7l\xd0\xb9\xe6f\xad:\
X\x80\xc1\xfb\xd6X\xe6\xfb\x17Ht\xef\xac\xfe\x84\x03\
\xf3uS\x01\xd3-\xc9m\x9d\x95\x01\x14:\xaf\xfd\x12\
2\xd9\xb1\x22\xc9\xe3+?\xe5@-\xbef3\x9dJ\
\xb2I\x92\x1fU\x07\x080H\x97$y\xeb\x92+\xfb\
\xadE\xc2\xdb\xbe\xfa\x13\x0f\xf4\x9c\x80=;i`\x96\
$\xc9{\xab\x83\x03\x18\x9c\x8b\x92\x1c\xd1\x8c\xc7\x15I\
\xcf:\x80\x9a\xbd\x9c7\xe9\xbc\xb1Y\xa3$O\xa9\x0e\
\x0a`PNI\xf2\x82\xd2\x92\xf1I\xdeR}\x15\x06\
\xeakI6(kx\xae\x95\xe4v\xe6\xfd\x81\x0e\xfc\
<\xc9\xbf$\xd9cn\x1a$\xd9\xa7\x8bO\xcd\xbc\xfe\
=\xc9\xba\xd510dIvL\xf2\xeb\xea@\x00z\
\xe7\x8a$?k\xf7\xf0?5\xc9\xces\xd3&\xc9\x86\
\xed^Cj\xbc\xb1:\x06\x06^\xea\xd7\xa2\xbf\xda\xa7\
`\x1f\xf6\xd3\xd9\x0f\xe3wB\x92#\x93\xbc.\xc9\xcb\
\x92<7\xc9#\x93\xdczf\x9e\xf0&\xf9\xcc\x04.\
\x0c\x8bgg@\xc7\x92l\x94\xe4\x9b\xd5\x0d?`\x97\
w\xb6\xda\x99\xabU7xO\xad\x9c\x9buI\x0e\xae\
\xbe\x8a\x03\xd7\x94\x9c}ju\x1c\x0c\xec\x88\xdf\xcfV\
7\xfa\xc0}\xb1:\x0e\x86\xa6\xba\xc1{j\xe5\x5cO\
\xe6A\xd5=\xaf\x9f/\xda\xbf:\x16\xfa\xaey,\xe7\
q\xe8T8\xa8:\x16\x86\xa6\xba\xc1{j\xe5\x5c\x1f\
$9\xb1\xfaJr\xf5M\xd8\xf3\xabc\xa1\xe7\x85~\
\x8e\xadnd\xae>!s\xbb\xeax\x18\x9a\xeaF\xef\
\xa9\x95s}\x90\xe49\xd5W\x92k\xbd\xc1\xee\x80\xf1\
J\xb2m\x92oW7,W\xfbZu<\x0cQu\
\xa3\xf7\xd4\xca\xb9>h\xce\x196\x0d0U\x9a\xaat\
\xebW\xc7E\x1f$\xd9)\xc9\x8f\xab\x1b\x94k9\x19\
\xb3@u\xa3\xf7\xd4\xca\xb9\xbeh\xb740=>\xd7\
lU\xab\x8e\x8bY\x96\xe4\x9eI~S\xdd\x90\xac\xb6\
\xd6e\x87\xea\xb8\x18\xa2\xea\x86\xef\xa9\x95s}\x91\xe4\
\xd9\xd5W\x93\xeb9\xc3\xd9\x01K\x97d\x9d$\x87\xb6\
\xdb\xcd\x98\x1e\x9f\xaf\x8e\x8d\xa1\xaan\xf8\x9eZ9\xd7\
\x17In\xdc\x1eV\xc3ti\x06\xb1\x97Z\x17\xb08\
\xcd\xfer\xb5-\xa6\xd6~\xd5\xf11T\xd5\x0d\xdfS\
+\xe7\xfa$\xc9'\xaa\xaf(k\xf4\xc5f1[u\
\x8cL\xb3$wi\xebm3}\xfe\xd0\x14`\xaa\x8e\
\x91\xa1\xaan\xfc\x9eZ9\xd7'I\x1eQ}EY\
\xd0Y\xbeE\xad\xb1\xb2\xdfk=\xf2\x9fjGV\xc7\
\xc9\x90U7~O\xad\x9c\xeba\x95\xb4\xdfW_U\
F\xfar\x92\xbf\xae\x8e\x97i\x90\xe4\x81IN\xabn\
\x10F\xba{u\xac\x0cYu\xe3\xf7\xd4\xca\xb9\xbeI\
rD\xf5UeQ.M\xf2\xea$\x1b\xcf\x0dP\x92\
\xbfJ\xf2\x1f\xd5\x8d\xc0\xa2\xfc\xa8:^\x86\xae:\x00\
zj\xe5\x5c\xdf4\xdf,\xd5\x04\x98\xb9\x9d\x02OK\
r\x83\xb9\xe1\x14\xf59\xa2\xbd\x01b6<\xb3:n\
\x86\xae:\x00zj\xe5\x5c\x1f%\xf9B\xf5\x95e\xc9\
\x9as\xed\x9f\xd5\xd7\x85V\xed\xc0\xdf\xcc\xf3_T}\
\xa1Y\x92?&\xd9\xb4:~\x86\xae:\x08zj\xe5\
\x5c\x1f%yX\xf5\x95e\xd9\xcen\xb7\x0dn>\xd7\
\x03Ivi\xcb#_\x5c}aY\x96#\xaac\x08\
7\x00\x13\xd2\xdb\x1b\x80u\x93\x9c>\xa9\xabF'.\
nO\xbe\xbb\xff\xdc\x8ci\xa63\x9a\xce\xd5n}4\
\x1d5\xbb\x9a\xb6\xdb\xad:\x9ep\x030!\xfd\xbc\x01\
h4'\xd3M\xea\xaa\xd1\xb9\x1f$yq\x92[\xce\
M\xa9$+\x92< \xc9;\x93\x9c[}\xc1\x18\x8b\
\xcfT\xc7\x15\xff\xab:\x10zj\xe5\x5c_5\x8f\x90\
\x93\x5cP}\x85\x19\xbb\x93\xdb\xb9\xf4\xfb%\xd9\xa08\
\xc6\xb6I\xf2\xf8\xf6\xf0\xa3f\xea\x82~yPe|\
\xf1\x17\xd5\x81\xd0S+\xe7\xfa,\xc9\xe1\xd5W\x98\x89\
j\x16\xd4}%\xc9+\x92\xec\x9bd\xc7\x09\xd7\x98\xd8\
=\xc9\x01MQ\x98\xf6\xa9\x84\xc7\xfb\xfd\xf5\x9d\xe6L\
\x86I\xc5\x13KS\x1d\x0c=\xb5r\xae\xcf\x92l\x9f\
\xe4\x92\xea\xabL\xa7\xceO\xf2\xf5$\xefi\x17\x136\
\x03\xf6\x83\x93\xdc\xb9=Zw\x8b\xf6\xe7\xea\xb3\x09\x92\
\xdc\xb0\xfd\xf7m\xda-\xa4\xf7h\x17\x91\x1e\xdc\xde@\
\x1e\x93\xe4{\xce\x99\x18\x9c~'\xc7\x19S\x1d\x0c=\
\xb5r\xae\xef\xda9Y\x80\xc5\xfa\x91\xc3\xab\xa6\x8b\xba\
\x19\x13\xf1\xb0\xb9\xbekV\xf1&\xb9r2\xd7\x0f\xe8\
\xa1\x03\xaa\xf3\x16\xabKrNuP\xf4\xd0^sC\
\x90\xe4\xfd\xd5W\x1a\x98\x99\xca\x94\xebW\xe7,V\x97\
\xe4\x17\xd5\x81\xd1C{\xcc\x0dA\x92]\x9d\xb4\x06,\
\xc23\xaa\xf3\x15\xd7\x97\xe4\xfb\xd5\x81\xd1C\xbb\xcd\x0d\
E\x92\xa3\xaa\xaf60\xd5N\xab\xdeZ\xca\xfc\xda\xdd\
>\x8c\xd7\xd6sC\x91\xe4\xe6v\x04\x00\x0bxlu\
\x9eb~I\xdeU\x1d\x1c=s\xde\xdc\xd0$yK\
\xf5U\x07\xa6\xd2\xb7\xed\xfb\x9f^I\x9eW\x1d =\
s\xe2\xdc\xd0$\xb9q{\xba\x17\xc0\xaaf\xee\xcc\x89\
!q\xc0\xdb\xd8\xbdgn\x88\x92\xbc`\xfc\xd7\x12\x98\
a\xc7V\xe7%\x16\xb5\x90\x9b\xf19dn\x88\x92l\
\xd8n\xf5\x01hj\x84\xdc\xa1:/\xb1\xb0fz&\
\xc9Y\xd5\xc1\xd2#{\xce\x0dU\x92\xc7U_}`\
*\x1cY\x9d\x8fX\x9c$\x1f\xa8\x0e\x96\x9e\xb8p\xd0\
\xb5.\xda\xbb\xc9\x13\xab[\x01(\xd5T\x97\xdb\xaa:\
\x1f\xb18I\x9eZ\x1d0=\xf1\x99\xb9\xa1Kr\xa7\
$WT\xb7\x04P\xe6i\xd5y\x88\xc5K\xb2su\
\xc0\xf4\xc4s\xaa\xdbr*$ycuK\x00e\xdb\
\xfeVT\xe7 \x96&\xc9\x7fU\x07N\x0f\xd6\xbc\xdc\
\xac\xba\x1d\xa7B\x92\xcd\x92\x9cY\xdd\x22@\xe7I\xf0\
\xae\xd5\xf9\x87\xa5K\xf2\xcc\xea\xe0\x99q\xc7U\xb7\xe1\
TI\xb2_u\x8b\x00\x9d\xb2\xf0oF5\xe5k\x93\
\x5cV\x1d@3\xecI\xd5m8u\x92|\xae\xbaU\
\x80N\xfc*\xc9\x8d\xaas\x0e\xcb\x97\xe4c\xd5A4\
\xc3\xab\xff7\xabn\xbf\xa9\x93d\xfb$\xe7W\xb7\x0e\
0q\x0f\xa9\xce7\xac\x9df\xfa\xa6:\x88f\xd4\xe1\
\xd5m7\xb5\x92\x1cX\xdd:\xc0D\x1dU\x9dg\x18\
\x8ff.\xbb:\x98f\xcc\x9f\x93\xdc\xb4\xba\xdd\xa6\xbd\
6\x80\xa9\x00\xe8\xa7f\xb1\xef\x16\xd5y\x86\xf1H\xb2\
wu@\xcd\x987W\xb7\xd9\xac\x1c\x19\xec\xb0 \xe8\
\x9f}\xaa\xf3\x0b\xe3\x95\xe4\xf8\xea\xa0\x9a\x11\x7f\xb2\xf5\
o\x91\x92\xec_\xddZ\xc0X\xbd\xab:\xaf0~I\
ncG\xc0\xa2\x1cZ\xddV3%\xc9\xfb\x17w]\
\x81)\xf7\x93$\x9bV\xe7\x14&\xa3Y\xd8V\x1d`\
S\xee\xc7InP\xddN3\xa5\xd9&\x94\xe4\xe7\xd5\
-\x07\xac\xf5\xc2\xa7\xdbW\xe7\x13&'\xc9&I~\
Y\x1dhS\xea\xaa$\xf7\xabn\xa3\x99\x94\xe4.\x1e\
/\xc1L{fu\x1ea\xf2\x92\xdc\xc7\xb9.\xf3z\
}u\xdb\xcc\xb4$/\x9c\xff\xba\x02S\xee\x93\xcd\xce\
\x9e\xea\x1cB7\x92\xbc\xb8:\xe0\xa6\xcc\xb7\x92lP\
\xdd.}\xd8\x1a\xf8\xa9\xea\x96\x04\x96\x5c\xedo\xeb\xea\
\xfcAw\x92\xac\x9b\xe4\x8b\xd5\x817%\xceO\xb2S\
u\x9b\xf4B\xb3w8\xc9i\xd5-\x0a,z\xde\xff\
.\xd5y\x83\xee%\xd9\xa6]\xf49d\x97%yP\
u[\xf4J\x92\xdb%\xb9\xa8\xbae\x81\x91\x9eR\x9d\
/\xa8\xd3\xecw\x1f\xf0\xa2\xc0\xab\x92\xfc]u\x1b\xf4\
Rs\x8aRu\xeb\x02\x0bzSu\x9e`j\xbe\xb0\
\x0d\xf1l\x97\xe7T_\xfb^kVUV\xb700\
\xaf\xaf$Y\xbf:G0U\x07\x06\x9d\x93\xe1|\xf3\
\x7fA\xf55\xef\xbd$+\x92|\xa6\xba\xb5\x81\xd5\x9c\
\x91\xe4\xc6\xd5\xf9\x81\xe9\x92\xe4V\x03\x98\x0e\xb8<\xc9\
\x93\xab\xaf\xf5`4\xe7)'\xf9Au\xab\x03Wk\
\xce\xee\xb8]u^`\xaa\xd7\x04\x9c\x92~\xba8\xc9\
\xc3\xaa\xaf\xf1\xe0$\xd99\xc9\xd9\xd5\xad\x0f\x03\xd7\xac\
x\xbe\x7fu>`&\xbe\xb4}0\xfdr\xaa*\x97\
\x85\x92\xdc9\xc9\x85\xd5Q\x00\x03\xd5\xcc{>\xb1:\
\x0f0;\x92\x1c\xd0\x93\xdd\x5c\xc74\xe5\xea\xab\xaf\xe7\
\xe05G\x8c\xb6s0@\xb7^R\xdd\xff\x99=\xcd\
\xb7\xe6$'e6\x9dm\x9b\xdf\x94I\xf2\x84\xf6\xdb\
\x08\xd0\x8d\xa3\xaa\xfb=3_5\xf0\x80\x19\x9a\xc6\xbd\
*\xc9\xd1M\xa1\xa3\xeak\xc7<\x92\xbc\xa8:B`\
 >\x9ad\xbd\xea>\xcf\xeckv\x8e$y{\x92\
K3\xbd\xbe\xdali\xac\xbeV\x8c\x90\xe4\xd5\xd5\x91\
\x02=\xf7yg\x9b3nI\xb6Mr\xd8\x94\xad\x0f\
\xf8F\x92\xbd\xab\xaf\x0dK\x90\xe4\x8d\xd5Q\x03=\xf5\
\xe5$\x1bV\xf7qz\xffD\xa09\x01\xf6\x87E1\
~^\x92\xb7%\xd9\xa3\xfaZ\xb0\xfc\xd3\x03\xdfQ\x14\
<\xd0W\xcd\xb7\xa1\x8d\xab\xfb7\x83\xdb\xe5\xd5|\xa1\
\xfb\xc5\x84c\xfb\x82$\x1fK\xf2HO\xb7\xfa\xb3\xc0\
\xe4\xdf&\x1c40\x14\xcd\x8am[\x9e(\x93d\x97\
$\x07&\xf9@\x92\x9f%\xb9b-\xe2\xf9wI\xbe\
\xd0>i\xb8\x9b\xf5,\xfd-\x19|\xd4\x18\x93 \x0c\
\xd17\x93l^\xdd\x9faU\xcd7\xf5$\xb7i\xbf\
\xb5?7\xc9\xcb\x92\xbc.\xc9\x91I>\x9c\xe4\xdd\xed\
\xd3\x83W%9\xa4\xddq\xd0\x9cM\xb0E\xf5\xdfN\
\xb7\xd3\x01\xffR\x9dAa\x86\x0f\xf7\xd9\xb4\xba\x1f\x03\
,[\x92\x97WgR\x981\xcd\x81[\x16\xfc\x01\xb3\
/\xc9K\xab3*\xcc\x88\x8f$\xd9\xa0\xba\xcf\x02\x8c\
M\x92g\xac\xe5\xe2\x11\xe8\xbbf\xdd\xcc\x8a\xea\xbe\x0a\
0vI\x1e\xde\x1e\xe1\x08\xac^\xea\xb4yJ\xb6N\
u\x1f\x05\x98\x98v\xeb\xc7\xac\xd4\xa0\x86Ik\xca\xb0\
\xee_\xdd/\x01:\x91\xe4V\xed~R\x18\xb2\xf3\x93\
\xecU\xdd\x1f\x01:\x95d\xabv\xab\x13\x0c\xd1\xcf\x93\
\xdc\xba\xba\x1f\x02\x94h\xaa@%ysu&\x86\x82\
\x13\xce\xb6\xad\xee\x7f\x00\xe5\x92<;\xc9\xe5\xd5Y\x19\
:\xf0z\xe5O\x01V\x91\xe4^I\xce\xaa\xce\xce0\
!\x7fN\xf2\xc4\xea~\x060\xcd\xc7Q~\xa9:S\
\xc3\x98\xfd2\xc9\xdfT\xf7/\x80YX\x17pX\xbb\
7\x1af]s\xd4\xe9\x96\xd5\xfd\x0a`f$yP\
\x92\xdfTgoX\x8bG\xfe\xcf\xaa\xeeG\x00\xb3<\
%\xd0\x1c\x8c\x02\xb3\xe4\x94$\xbbW\xf7\x1f\x80>\x1c\
+\xfc\xac$\x97TguX\x84\xa3\x93lT\xddo\
\x00z#\xc9\x1d\x92|\xb7:\xbb\xc3\x1a\xfc\x22\xc9\x03\
\xab\xfb\x09@\x9f\x17\x08\x1e\xd2\xd6O\x87i\xd0,V\
=2\xc9\xa6\xd5\xfd\x03\xa0\xf7\x92\xdc6\xc9I\xd5\x99\
\x9f\xc1;=\xc9\xde\xd5\xfd\x01`P\x92\xac\x9f\xe4\xd0\
$\x17U\x8f\x02\x0c\xce\x15I\xde\x90d\xe3\xea~\x00\
0XI\xb6o\x17^A\x17\xfe+\xc9]\xaa\xe3\x1e\
\x80V\x92\x87\xb6'\xac\xc1$45)\x0ehv\xa5\
T\xc7:\x00\xd7\xd1l\xbfJ\xf2\xe2$\x17V\x8f\x16\
\xf4\xc6eI^\x97d\xb3\xea\xf8\x06`\x84$\xdb%\
9*\xc9\x95\xd5\xa3\x073\xbd\xba\xff\xa3I\xfe\xba:\
\x9e\x01X^\xed\x00\x87\x0b\xb1T\xc7'\xb9ku\xfc\
\x02\xb0\x96\x92\xdc3\xc9q\xd5\xa3\x0aS\xef\x07IV\
V\xc7+\x00c\x96\xe4\xc1\xed*nX\xd5\xf7\x93<\
6\xc9\xba\xd51\x0a\xc0d\xcf\x16hv\x0c|\xb3z\
\xd4\xa1\xdc\x89I\x1efe?\xc00\xa7\x06>\xd5.\
\xf8b8\xbe\xd1\xdc\x04V\xc7\x1f\x00\xc5\x92\xdc.\xc9\
{\x9d1\xd0kM\xdb\xbe/\xc9\x9d\xab\xe3\x0d\x80)\
\x93\xe4\xc6\xedaCgT\x8fV\x8c\xb5\x80\xcfaI\
v\xa8\x8e/\x00f\xe3\x9c\x81\x95I\xbebz`f\
}-\xc9\xa3\x9b\xb6\xac\x8e'\x00fP\x92\x9b\xb5O\
\x05N\xab\x1e\xd1\x18\xe9W\xed\xb7\xfd\xdd\xaa\xe3\x06\x80\
\x9eh\xb6\x88%y@;\x8f\xac\xd4\xf0\xf4\xb8 \xc9\
\xbb\x93\xdc\xd76>\x00&*\xc9\x86I\x1e\x95\xe4\x83\
I\xfeT=\x02\x0ePs\x03\xf6\xa1v\xef\xfeF\xd5\
\xf1\x00\xc0p\x0f \xfa\xdbv\x17\xc1\xd9\xd5#c\x8f\
\x9d\xdd\x9e\xef\xb0o\x92\x1bV\xb7;\x00\x5c+\xc9\x8a\
$wO\xf2\xca$\xdf\xa9\x1e1g\x5cs\x90\xd3\xb7\
\xdb9\xfd\xbd\x9ak[\xdd\xbe\x00\xb0\x94m\x85\xcdn\
\x827\xb4\x83\x99\x1d\x05\x0b;+\xc9\x87\x93<-\xc9\
M\xab\xdb\x0f\x00\xc6\xa2\x19\xd4\x92\xec\xd7\xde\x10\x9c\x90\
\xe4\xcf\x19\xae\xcb\x92|\xab\xbd\x16\x8fK\xb2Su\xfb\
\x00@\x97\xf5\x06\xf6HrP\x92w\xb4%j\xcfK\
\xff\x5c\x92\xe4\xbbI>\x90\xe4\x1f\x92\xeci\x1e\x1f\x00\
\xae#\xc9vI\xf6N\xf2\xcc$oo\x0b\x125\xd5\
\x09/\xcft;\xb7]\xfb\xd0\xac\xd0\x7fq\xbbS\xe2\
\x96I\xd6\xab\xbe\xa6\x000\xeb\x8b\x0cwHr\x8fv\
*\xa1)P\xf4\xe6$\xc7$9\xae\x1d|\xcfh\xf7\
\xc6\x8f\xcbU\xed\x0a\xfc\x1f\xb7\xd3\x16\x9fNrt\xbb\
8\xafyr\xb1O\x92\xdb$\xd9\xa4\xfa\xfa\x00\xc0\xe0\
\xb5\xd3\x0b\xcd\x22\xc4\x9d\xdb\xc3\x8e\xf6h\x7f\xee\x93\xe4\
\xfe\xed\xcf#V\xf9\xe7{\xac\xf2\x9a]\xda\xf7mY\
\xfd9\x00\x00\x00\x00\x00\x00\x00\x00\x00\x00\x00\x00\x00\x00\
\x00\x00\x00\x00\x00\x00\x00\x00\x00\x00\x00\x00\x00\x00\x00\x00\
\x00\x00\x00\x00\x00\x00\x00\x00\x00\x00\x00\x00\x00\x00\x00\x00\
\x00\x00\x00\x00\x00\x00\x00\x00\x00\x00\x00\x00\x00\x00\x00\x00\
\x00\x00\x00\x00\x00\x00\x00\x00\x00\x00\x00\x00\x00\x00\x00\x00\
\x00\x00\x00\x00\x00\x00\x00\x00\x00\x00\x00\x00\x00\x00\x00\x00\
\x00\x00\x00\x00\x00\x00\x00\x00\x00\x00\x00\x00\x00\x00\x00\x00\
\x00\x00\x00\x00\x00\x00\x00\x00\x00\x00\x00\x00\x00\x00\x00\x00\
\x00\x00\x00\x00\x00\x00\x00\x00\x00\x00\x00\x00\x00\x00\x00\x00\
\x00\x00\x00\x00\x00\x00\x00\x00\x00\x00\x00\x00\x00\x00\x00\x00\
\x00\x00\x00\x00\x00\x00\x00\x00\x00\x00\x00\x00\x00\x00\x00\x00\
\x00\x00\x00\x00\x00\x00\x00\x00\x00\x00\x00\x00\x00\x00\x00\x00\
\x00\x00\x00\x00\x00\x00\x00\x00\x00\x00\x00\x00\x00\x00\x00\x00\
\x00\x00\x00\x00\x00`\xae\x97\xfe?\xf1\x84P\xdd\xa2\x96\
\xea\xaa\x00\x00\x00\x00IEND\xaeB`\x82\
\x00\x00\x02\xd4\
\x89\
PNG\x0d\x0a\x1a\x0a\x00\x00\x00\x0dIHDR\x00\
\x00\x00@\x00\x00\x00@\x08\x06\x00\x00\x00\xaaiq\xde\
\x00\x00\x00\x09pHYs\x00\x00\x0b\x13\x00\x00\x0b\x13\
\x01\x00\x9a\x9c\x18\x00\x00\x02\x86IDATx\x9c\xed\
\xdbK\x88Ma\x1c\x00\xf0\x8f\x05)E\x98\x05\xc6#\
\xf6l,(+;\xc5\xa4X{l\x94\xd7H\xc4\xca\
Z\xb3\x94d\xe4\xb1\xa0)\x11\x85<b!dgo\
d\xcd\x8a\x91;\xf2\xc8\x5c?}\xcd\xa7$\x8fq\xef\
9s\xcfw\x9d_\x9d\xba\xdd\xc7\xb9\xe7\xff?\xe7|\
\x8f\xffwo\x08\xb5Z\xadV\xabM\x0a,\xc6>\xdc\
\xc50\xde\xa7m8=\xb7\x17\x8bB\xb7\xc1B\x9c\xc6\
\x98\xbfk\xe22\x96\x86n\x80M\x18\xf5\xef\x1a\xe8\x0b\
9\xc3\xfetF[\x15?\xdb\x1f2>\xf3\xcd6\x82\
\xff1\x09y]\x09\xe8m\xf1\xb2\xff\xd3\xed\xb0 \xe4\
\x02\xe7\x15\xefL\xc8\xa8\xab\x1b+!\x01q\x9f\xbd\xa1\
\xea\xd0\xaf<{B\xd5\xe1N\x89\x09\xb8\x15\xaa\x0e/\
JL\xc0p\xa8:\xc5\xb6\xfe?\x1b\x0d\xffy\x02\xde\
\x85\xaa\xc3\xf3\x12\x13\xf0,T\x9d\xba\x11\x14\xa7\xb4e\
\xd9\x15\xaa\x0e\x8bJ\x1a\x08}\xc9b \x14\xe1l\x09\
\x09\x18\x0c\x99\x15@\x1a\x05\x06\xff\x0e\xf3CN\xb0\xbe\
\xa0[!N\x877\x86\x1c\x19\x9f\x17\xb4[\x10\xd9\x17\
r\x86\xbe\x16o\x87x\xd9o\x08\xdd\x00=8\x9eZ\
\xf2\x89\x9c\xf5\x0b\xd9\xdd\xf3\xffP)\xda\x83\xdbqT\
\x97\x86\xcd\xa3\xe9\xf1-\xec\xce\xa6\xab\xab\xd5jm\xc3\
\xac\xb8\x85n\x85\xa9X\x89\x1d\x18\xc0\xcd4]\x1e\xf9\
E\xeb?\x92^\xbb\x91\xde\x1b?\xb3\x22\xee#\xe4\x04\
\xcb\xd3\x02\xe85\xbc\xd6\xbe\xb8\x8f\xabi\x96\xb9,T\
\x11fc+\xee\xe3\xabr=MKn=U\x08|\
iZ\x04\xf9d\xf2\xc5\xef<\xd7\x91Ud\xe3\x03\x9a\
A|\xd6y\xf1\x18NM\xca\x00\x0aS\xb0\xb3\xe4\xc2\
g\xab>\xe0Hi\x8d&\xa6cH\xf5]\xc1\x8c\xa2\
\x83\x9f\x96\x1a\xb8\x5c\xdc\x8b\xc7\x5cd\x02\x06\xe5\xe7d\
Q\xc1\xaf\x99\x84\xae\xad\x0c\xf1\x98W\x17\x91\x80!\xf9\
\xbaPD\x02^\xc9\xd7\xcb\x22\xc6\xf2M\xf9j\xb6\xdd\
-\xaaf\x9f?Q\x8d\xb6\x82\x8f\xf0D\xbe\x1e\x85v\
\xe1\xb0|\x1d*\x22\x01s\x7f3\x7f\xaf\xba7\x98\xd3\
v\x02\x22l\x97\x9f\x1d\xa1H8&\x1f\x03\x85\x06\xff\
]\xaa\xdb\x7fT]\x1fJ\xff)\x1d\x96\xa4\x22H\x95\
\x12\xd1H\xf3\x95\xc5\xa5\x06\xff\x8b\xc61\xd6\xe9\x1e\x94\
\xf4\x83\x88\x89\x9c\xed\xeb\xd8\x86\x99\xa1\x930\x13\xebp\
4-{\xbd-!\xe0\x97\xa98z\x10k\x0b\x9f\xf3\
\x17\x0d\xf3\xb0\x0a[b\x7f\x8c\x13\xb8\x98\xfe\x0d\x12\xe7\
\xeb\x0fS\x813n\x8fS\xbd!\x06x)-\xa4\x1e\
\xc0\xe6\xb4\x8f\xce\x17@k\xb5Z\xad\x16\xba\xcf79\
\xde9\xe0%Q;\x98\x00\x00\x00\x00IEND\xae\
B`\x82\
\x00\x00\x01P\
<\
svg xmlns=\x22http:\
//www.w3.org/200\
0/svg\x22 width=\x2224\
\x22 height=\x2224\x22 \x0a \
    viewBox=\x220 0\
 24 24\x22 fill=\x22no\
ne\x22 stroke=\x22curr\
entColor\x22 \x0a     \
stroke-width=\x220.\
5\x22 stroke-lineca\
p=\x22round\x22 stroke\
-linejoin=\x22round\
\x22 \x0a     class=\x22f\
eather feather-p\
ower\x22>\x0a  <path d\
=\x22M18.36 6.64a9 \
9 0 1 1-12.73 0\x22\
></path>\x0a  <line\
 x1=\x2212\x22 y1=\x222\x22 \
x2=\x2212\x22 y2=\x2212\x22>\
</line>\x0a</svg>\x0a\
"

qt_resource_name = b"\
\x00\x05\
\x00o\xa6S\
\x00i\
\x00c\x00o\x00n\x00s\
\x00\x05\
\x00me\xb3\
\x00f\
\x00o\x00n\x00t\x00s\
\x00\x16\
\x0c8\xe3F\
\x00R\
\x00o\x00b\x00o\x00t\x00o\x00M\x00o\x00n\x00o\x00-\x00R\x00e\x00g\x00u\x00l\x00a\
\x00r\x00.\x00t\x00t\x00f\
\x00\x09\
\x09j\x86g\
\x00a\
\x00r\x00r\x00o\x00w\x00.\x00p\x00n\x00g\
\x00\x0e\
\x08\xfa5'\
\x00a\
\x00r\x00r\x00o\x00w\x00-\x00l\x00e\x00f\x00t\x00.\x00p\x00n\x00g\
\x00\x09\
\x07\xff\x8f'\
\x00e\
\x00m\x00a\x00i\x00l\x00.\x00p\x00n\x00g\
\x00\x08\
\x09\xc5X\xc7\
\x00u\
\x00s\x00e\x00r\x00.\x00p\x00n\x00g\
\x00\x08\
\x06\x01Z\x07\
\x00c\
\x00o\x00i\x00n\x00.\x00p\x00n\x00g\
\x00\x08\
\x0cXY'\
\x00m\
\x00e\x00n\x00u\x00.\x00p\x00n\x00g\
\x00\x07\
\x01\xccW\xa7\
\x00k\
\x00e\x00y\x00.\x00p\x00n\x00g\
\x00\x12\
\x08.\xb0\xa7\
\x00u\
\x00s\x00e\x00r\x00_\x00f\x00o\x00r\x00_\x00l\x00o\x00g\x00i\x00n\x00.\x00p\x00n\
\x00g\
\x00\x09\
\x0d\xc5\xb4\x07\
\x00p\
\x00o\x00w\x00e\x00r\x00.\x00s\x00v\x00g\
"

qt_resource_struct = b"\
\x00\x00\x00\x00\x00\x02\x00\x00\x00\x02\x00\x00\x00\x01\
\x00\x00\x00\x00\x00\x00\x00\x00\
\x00\x00\x00\x10\x00\x02\x00\x00\x00\x01\x00\x00\x00\x0d\
\x00\x00\x00\x00\x00\x00\x00\x00\
\x00\x00\x00\x00\x00\x02\x00\x00\x00\x01\x00\x00\x00\x03\
\x00\x00\x00\x00\x00\x00\x00\x00\
\x00\x00\x00\x00\x00\x02\x00\x00\x00\x09\x00\x00\x00\x04\
\x00\x00\x00\x00\x00\x00\x00\x00\
\x00\x00\x00\xe6\x00\x00\x00\x00\x00\x01\x00\x02U\xc0\
\x00\x00\x01\x99TWC~\
\x00\x00\x00\xba\x00\x00\x00\x00\x00\x01\x00\x01\x8b\xe5\
\x00\x00\x01\x99:\xf0\xe8{\
\x00\x00\x00\x8c\x00\x00\x00\x00\x00\x01\x00\x01ZK\
\x00\x00\x01\x99Y\x82\x8b\xae\
\x00\x00\x00\xfa\x00\x00\x00\x00\x00\x01\x00\x02u#\
\x00\x00\x01\x99TW\xa4\xf3\
\x00\x00\x00j\x00\x00\x00\x00\x00\x01\x00\x01X\xae\
\x00\x00\x01\x99\x5cB\xbd\x84\
\x00\x00\x00R\x00\x00\x00\x00\x00\x01\x00\x01U\xf8\
\x00\x00\x01\x99\x5c?\x1c\x1c\
\x00\x00\x00\xa4\x00\x00\x00\x00\x00\x01\x00\x01_@\
\x00\x00\x01\x99:\xe6,'\
\x00\x00\x00\xd0\x00\x00\x00\x00\x00\x01\x00\x02E\xb5\
\x00\x00\x01\x99:\xdb\x8c*\
\x00\x00\x01$\x00\x00\x00\x00\x00\x01\x00\x02w\xfb\
\x00\x00\x01\x99=\xc8\xbd]\
\x00\x00\x00\x10\x00\x02\x00\x00\x00\x01\x00\x00\x00\x0e\
\x00\x00\x00\x00\x00\x00\x00\x00\
\x00\x00\x00 \x00\x00\x00\x00\x00\x01\x00\x00\x00\x00\
\x00\x00\x01\x99:\xf9/\x82\
"

def qInitResources():
    QtCore.qRegisterResourceData(0x03, qt_resource_struct, qt_resource_name, qt_resource_data)

def qCleanupResources():
    QtCore.qUnregisterResourceData(0x03, qt_resource_struct, qt_resource_name, qt_resource_data)

qInitResources()
